sample_index,predicted_class_id,predicted_class,confidence,explanation_strength
0,0,LOW,0.7820295691490173,1.6770864725112915
1,0,LOW,0.5997887849807739,0.9715062379837036
2,0,LOW,0.7648337483406067,1.3492035865783691
3,0,LOW,0.7231408953666687,1.0012544393539429
4,0,LOW,0.7068066000938416,1.1448593139648438
5,0,LOW,0.6944760084152222,1.0816113948822021
6,0,LOW,0.6792734861373901,0.9399155974388123
7,0,LOW,0.8192315101623535,1.111825704574585
8,0,LOW,0.8172451853752136,1.6323555707931519
9,0,LOW,0.8241005539894104,1.3817381858825684
10,1,MODERATE,0.5178777575492859,0.8806825280189514
11,0,LOW,0.491316020488739,0.6756288409233093
12,0,LOW,0.5515209436416626,0.7103220820426941
13,0,LOW,0.6371122002601624,0.7700578570365906
14,0,LOW,0.7880966663360596,1.536596655845642
15,0,LOW,0.66944819688797,0.7097046971321106
16,0,LOW,0.6989226341247559,0.9417262077331543
17,0,LOW,0.6850828528404236,0.9078472852706909
18,0,LOW,0.6077831983566284,0.7656970024108887
19,0,LOW,0.7778419256210327,1.1431939601898193
20,0,LOW,0.6874412894248962,0.9193156957626343
21,0,LOW,0.728325605392456,1.0720164775848389
22,0,LOW,0.7495625019073486,1.2027010917663574
23,0,LOW,0.6558085680007935,1.0979900360107422
24,0,LOW,0.8287354707717896,1.428964376449585
25,0,LOW,0.79255610704422,1.4000492095947266
26,0,LOW,0.6776552796363831,1.575663685798645
27,0,LOW,0.7134431600570679,1.421807050704956
28,0,LOW,0.7923268675804138,1.7355937957763672
29,0,LOW,0.8543033003807068,1.6130459308624268
30,0,LOW,0.8033280968666077,1.3154155015945435
31,0,LOW,0.8446773290634155,1.750131607055664
32,0,LOW,0.729512095451355,1.1118254661560059
33,0,LOW,0.7498199939727783,1.2475703954696655
34,0,LOW,0.8445489406585693,1.449961543083191
35,0,LOW,0.8593626022338867,1.7035624980926514
36,0,LOW,0.6660442352294922,2.016289234161377
37,0,LOW,0.8033086061477661,1.5213608741760254
38,0,LOW,0.7501524090766907,1.4578276872634888
39,0,LOW,0.8780719041824341,1.7904677391052246
40,0,LOW,0.8155691027641296,1.3831026554107666
41,0,LOW,0.9094284176826477,2.085766315460205
42,0,LOW,0.8730847835540771,1.721137523651123
43,0,LOW,0.9177418947219849,1.7724988460540771
44,0,LOW,0.8522510528564453,1.7144970893859863
45,0,LOW,0.9031597971916199,2.056511402130127
46,0,LOW,0.7991846203804016,1.5806126594543457
47,0,LOW,0.8524613976478577,1.5844119787216187
48,0,LOW,0.8689054846763611,1.789392352104187
49,0,LOW,0.8903561234474182,1.7685470581054688
50,0,LOW,0.8844255208969116,1.7684675455093384
51,0,LOW,0.6812849640846252,1.7440298795700073
52,0,LOW,0.8125501275062561,1.4338947534561157
53,0,LOW,0.8850553631782532,1.868255853652954
54,0,LOW,0.8307937979698181,1.5891367197036743
55,0,LOW,0.727697491645813,1.9989547729492188
56,0,LOW,0.7905104160308838,1.5147732496261597
57,0,LOW,0.7628904581069946,1.8435416221618652
58,0,LOW,0.7898300290107727,1.8794605731964111
59,0,LOW,0.8713870644569397,1.7290186882019043
60,0,LOW,0.731103777885437,2.3695642948150635
61,0,LOW,0.6374475955963135,1.5377333164215088
62,0,LOW,0.8841968178749084,1.7774548530578613
63,0,LOW,0.8763610124588013,1.7620301246643066
64,0,LOW,0.8650845289230347,1.741005539894104
65,0,LOW,0.9188637733459473,2.2169504165649414
66,0,LOW,0.7492052912712097,1.7025235891342163
67,0,LOW,0.856566309928894,1.5274505615234375
68,0,LOW,0.8759171962738037,1.7492696046829224
69,0,LOW,0.8385611772537231,1.7535102367401123
70,0,LOW,0.9012992978096008,2.051300525665283
71,0,LOW,0.8858624696731567,1.8947064876556396
72,0,LOW,0.8034193515777588,1.543866515159607
73,0,LOW,0.8357056975364685,1.6261743307113647
74,0,LOW,0.8596295118331909,1.7274577617645264
75,0,LOW,0.8593730926513672,1.7813323736190796
76,0,LOW,0.750455915927887,2.3810784816741943
77,0,LOW,0.8730701208114624,1.7717962265014648
78,0,LOW,0.8719391226768494,1.7684587240219116
79,0,LOW,0.7867838740348816,1.573915719985962
80,0,LOW,0.8680675625801086,1.7473517656326294
81,0,LOW,0.9303655028343201,2.3658618927001953
82,0,LOW,0.8478071093559265,1.6635403633117676
83,0,LOW,0.8268145322799683,1.755635380744934
84,0,LOW,0.8867316246032715,1.9041259288787842
85,0,LOW,0.9121727347373962,2.007289409637451
86,0,LOW,0.8402378559112549,1.5540121793746948
87,0,LOW,0.8761378526687622,1.6988224983215332
88,0,LOW,0.8337355852127075,1.5918546915054321
89,0,LOW,0.9112027287483215,2.081150531768799
90,0,LOW,0.8885458111763,2.010403871536255
91,0,LOW,0.8584843873977661,1.8165254592895508
92,0,LOW,0.7651729583740234,1.6496175527572632
93,0,LOW,0.8260689377784729,1.6003210544586182
94,0,LOW,0.8385827541351318,1.5610849857330322
95,0,LOW,0.654693067073822,2.119718551635742
96,0,LOW,0.910977840423584,2.2895185947418213
97,0,LOW,0.8590275049209595,2.0444021224975586
98,0,LOW,0.8786340951919556,1.8684115409851074
99,0,LOW,0.8646838665008545,1.7534862756729126
100,0,LOW,0.8408811688423157,1.6677148342132568
101,0,LOW,0.8382349014282227,1.5760197639465332
102,0,LOW,0.8747831583023071,1.874916672706604
103,0,LOW,0.8056187033653259,1.3534196615219116
104,0,LOW,0.7719295620918274,1.744343876838684
105,0,LOW,0.7704706192016602,1.5521262884140015
106,0,LOW,0.8189879655838013,1.5252994298934937
107,0,LOW,0.7999599575996399,1.5276718139648438
108,0,LOW,0.8616167902946472,1.7806165218353271
109,0,LOW,0.7786567807197571,1.4803458452224731
110,0,LOW,0.8966670632362366,1.927597999572754
111,0,LOW,0.8862861394882202,1.7757620811462402
112,0,LOW,0.8783217668533325,1.7186753749847412
113,0,LOW,0.8935303092002869,2.2341856956481934
114,0,LOW,0.8560141324996948,1.713908076286316
115,0,LOW,0.8769059777259827,1.7481567859649658
116,0,LOW,0.8673635721206665,1.743965744972229
117,0,LOW,0.8982618451118469,2.0512077808380127
118,0,LOW,0.7815305590629578,1.5188568830490112
119,0,LOW,0.8872346878051758,1.807832956314087
120,0,LOW,0.8230220675468445,1.5525134801864624
121,0,LOW,0.8735874891281128,1.8110321760177612
122,0,LOW,0.8520317673683167,1.7357392311096191
123,0,LOW,0.6708203554153442,1.1092580556869507
124,0,LOW,0.8250898122787476,1.730783224105835
125,0,LOW,0.7501240372657776,1.5733892917633057
126,0,LOW,0.7934123873710632,1.4220201969146729
127,0,LOW,0.8145321607589722,1.3869396448135376
128,0,LOW,0.9023193120956421,2.161863088607788
129,0,LOW,0.7745876908302307,1.5408180952072144
130,0,LOW,0.7692615985870361,1.350791096687317
131,0,LOW,0.742794930934906,1.4458322525024414
132,0,LOW,0.7314445376396179,1.5793383121490479
133,0,LOW,0.8430058360099792,1.6092864274978638
134,0,LOW,0.7877224087715149,1.4303653240203857
135,0,LOW,0.493603378534317,1.0818276405334473
136,0,LOW,0.6790918111801147,0.9602739214897156
137,0,LOW,0.7357911467552185,1.1471370458602905
138,0,LOW,0.8781725168228149,1.5820046663284302
139,0,LOW,0.7835010886192322,1.3557417392730713
140,0,LOW,0.6588403582572937,1.1552941799163818
141,0,LOW,0.6966509819030762,1.0071979761123657
142,2,SEVERE,0.46924617886543274,2.216439723968506
143,0,LOW,0.6873512864112854,1.0128428936004639
144,0,LOW,0.49819061160087585,1.3647270202636719
145,0,LOW,0.7422592639923096,1.2481904029846191
146,0,LOW,0.6764399409294128,1.0664712190628052
147,0,LOW,0.7570759057998657,1.2798130512237549
148,0,LOW,0.7982808947563171,1.6748003959655762
149,0,LOW,0.7363608479499817,1.20966637134552
150,0,LOW,0.7886936068534851,1.4216290712356567
151,0,LOW,0.5385627150535583,1.4281010627746582
152,0,LOW,0.6474074721336365,1.317967176437378
153,0,LOW,0.6597057580947876,1.2854466438293457
154,0,LOW,0.5046698451042175,1.2954249382019043
155,0,LOW,0.7528017163276672,1.2129907608032227
156,0,LOW,0.5161604881286621,1.2731389999389648
157,0,LOW,0.8187215328216553,1.4053025245666504
158,0,LOW,0.693928062915802,1.0313587188720703
159,0,LOW,0.7898856997489929,1.396780014038086
160,0,LOW,0.8468908667564392,1.677734375
161,0,LOW,0.5374161601066589,1.3313591480255127
162,0,LOW,0.43118223547935486,1.279942512512207
163,0,LOW,0.5642081499099731,1.0973801612854004
164,0,LOW,0.5075043439865112,1.1885939836502075
165,0,LOW,0.7476036548614502,1.1586756706237793
166,0,LOW,0.6823746562004089,1.052860975265503
167,0,LOW,0.6882199048995972,0.9221720099449158
168,0,LOW,0.5611019134521484,1.4186038970947266
169,0,LOW,0.5577538013458252,1.2733715772628784
170,0,LOW,0.7889350056648254,1.2934577465057373
171,0,LOW,0.838584303855896,1.5939265489578247
172,0,LOW,0.7321362495422363,1.0442204475402832
173,0,LOW,0.701394259929657,1.0285530090332031
174,0,LOW,0.8085110783576965,1.4887869358062744
175,0,LOW,0.8422261476516724,1.7051924467086792
176,0,LOW,0.5672970414161682,1.0938910245895386
177,0,LOW,0.6854209303855896,1.042106032371521
178,0,LOW,0.6954554319381714,1.0252416133880615
179,0,LOW,0.573979377746582,0.9404885768890381
180,0,LOW,0.6037336587905884,0.8828954696655273
181,0,LOW,0.7116323709487915,0.9784496426582336
182,0,LOW,0.7212253212928772,1.1673613786697388
183,0,LOW,0.5500431060791016,1.2103865146636963
184,2,SEVERE,0.7418527007102966,1.919819951057434
185,0,LOW,0.517946720123291,0.7112440466880798
186,1,MODERATE,0.3625373840332031,0.6981601715087891
187,0,LOW,0.6098118424415588,0.6895874738693237
188,0,LOW,0.5299023389816284,0.5147970914840698
189,2,SEVERE,0.5234682559967041,1.9030051231384277
190,0,LOW,0.4812602698802948,0.45381614565849304
191,0,LOW,0.5674419403076172,0.6761580109596252
192,0,LOW,0.5281481742858887,0.9138886332511902
193,0,LOW,0.46850499510765076,0.6369801163673401
194,0,LOW,0.48941102623939514,0.521205484867096
195,0,LOW,0.5339910984039307,0.6169148683547974
196,0,LOW,0.6063307523727417,0.7305053472518921
197,0,LOW,0.5264976620674133,0.8371700048446655
198,0,LOW,0.5784100294113159,0.8303690552711487
199,0,LOW,0.6342793107032776,0.8664141893386841
200,0,LOW,0.6747141480445862,0.9623557329177856
201,0,LOW,0.7104396820068359,1.234365701675415
202,2,SEVERE,0.7939414381980896,2.2100768089294434
203,2,SEVERE,0.9385647177696228,3.0845890045166016
204,2,SEVERE,0.9587765336036682,3.533726215362549
205,2,SEVERE,0.9178160429000854,3.112593650817871
206,2,SEVERE,0.90674889087677,3.099369764328003
207,2,SEVERE,0.9488392472267151,3.184478998184204
208,2,SEVERE,0.9276947379112244,2.9628937244415283
209,2,SEVERE,0.9207112789154053,3.0532736778259277
210,2,SEVERE,0.9051366448402405,2.996363401412964
211,2,SEVERE,0.9208142757415771,2.8747849464416504
212,2,SEVERE,0.9195122122764587,2.9473538398742676
213,2,SEVERE,0.9072280526161194,3.5543012619018555
214,2,SEVERE,0.9085749387741089,3.0852372646331787
215,2,SEVERE,0.9215174317359924,2.9492483139038086
216,2,SEVERE,0.8988320231437683,3.4246950149536133
217,2,SEVERE,0.9797917008399963,3.3969290256500244
218,2,SEVERE,0.9857730269432068,3.072208881378174
219,2,SEVERE,0.9817276000976562,3.150620937347412
220,2,SEVERE,0.9854855537414551,3.1565589904785156
221,2,SEVERE,0.9856492877006531,3.0512239933013916
222,2,SEVERE,0.9853128790855408,3.1653947830200195
223,2,SEVERE,0.982349693775177,3.129552125930786
224,2,SEVERE,0.98237544298172,3.3929436206817627
225,2,SEVERE,0.8758439421653748,3.3138322830200195
226,2,SEVERE,0.9066740274429321,3.238518714904785
227,2,SEVERE,0.955799400806427,3.602334499359131
228,2,SEVERE,0.8962094187736511,3.1012990474700928
229,2,SEVERE,0.8765591382980347,3.0879406929016113
230,2,SEVERE,0.8758661150932312,3.115553855895996
231,2,SEVERE,0.8642877340316772,3.213514804840088
232,2,SEVERE,0.8845008015632629,3.1016485691070557
233,2,SEVERE,0.9502889513969421,2.9889612197875977
234,2,SEVERE,0.9301958084106445,3.0823519229888916
235,2,SEVERE,0.932741105556488,3.1015758514404297
236,2,SEVERE,0.9518101215362549,2.9762020111083984
237,2,SEVERE,0.924140989780426,3.173887252807617
238,2,SEVERE,0.9255610704421997,3.014315605163574
239,2,SEVERE,0.9693199396133423,3.3642754554748535
240,2,SEVERE,0.9422719478607178,3.1763758659362793
241,2,SEVERE,0.9395487904548645,3.0594615936279297
242,2,SEVERE,0.9391053318977356,2.999220132827759
243,2,SEVERE,0.9438062906265259,3.0801684856414795
244,2,SEVERE,0.9603960514068604,3.190361976623535
245,2,SEVERE,0.9583496451377869,3.129490375518799
246,2,SEVERE,0.9407307505607605,3.1071841716766357
247,2,SEVERE,0.9346129298210144,3.2514994144439697
248,2,SEVERE,0.9510950446128845,3.056103229522705
249,2,SEVERE,0.9532772302627563,3.0460798740386963
250,2,SEVERE,0.9498905539512634,3.3132307529449463
251,2,SEVERE,0.9233474731445312,3.345128059387207
252,2,SEVERE,0.9481878876686096,3.07338809967041
253,2,SEVERE,0.9510950446128845,3.0599277019500732
254,2,SEVERE,0.4642537832260132,1.257008671760559
255,0,LOW,0.383395791053772,1.0497853755950928
256,2,SEVERE,0.46641597151756287,1.3392709493637085
257,0,LOW,0.45480647683143616,1.2281724214553833
258,2,SEVERE,0.5982349514961243,1.9739203453063965
259,1,MODERATE,0.4516391456127167,1.2640724182128906
260,0,LOW,0.4720337390899658,0.5893992185592651
261,0,LOW,0.5793555378913879,1.0351414680480957
262,0,LOW,0.504138708114624,0.9497604370117188
263,0,LOW,0.4387091100215912,0.8374049067497253
264,0,LOW,0.4020284414291382,0.9617382884025574
265,0,LOW,0.7750654816627502,1.5224714279174805
266,0,LOW,0.6296836733818054,0.7570981383323669
267,0,LOW,0.6647319197654724,0.9595561623573303
268,2,SEVERE,0.4335566759109497,1.9939112663269043
269,0,LOW,0.7442428469657898,1.40543532371521
270,0,LOW,0.5879223942756653,0.8230656385421753
271,0,LOW,0.7067461609840393,0.9807541370391846
272,0,LOW,0.5891674160957336,0.7978281378746033
273,0,LOW,0.593260645866394,0.6948346495628357
274,0,LOW,0.687472939491272,1.0937156677246094
275,0,LOW,0.5434740781784058,0.8985074162483215
276,0,LOW,0.6828615665435791,1.04107666015625
277,0,LOW,0.5783501267433167,0.8611009120941162
278,0,LOW,0.5892840623855591,0.7601010799407959
279,0,LOW,0.545963704586029,0.7891873121261597
280,0,LOW,0.4736960828304291,0.8959248065948486
281,0,LOW,0.5914133191108704,0.8280918598175049
282,1,MODERATE,0.5561675429344177,1.4465192556381226
283,0,LOW,0.5349364280700684,0.7764624357223511
284,0,LOW,0.5533865690231323,0.9477669596672058
285,0,LOW,0.6706246733665466,1.0083726644515991
286,0,LOW,0.5845852494239807,0.9314606189727783
287,0,LOW,0.5479430556297302,0.7632601857185364
288,0,LOW,0.6791630387306213,0.824320375919342
289,0,LOW,0.7076461911201477,0.9294036030769348
290,1,MODERATE,0.42357537150382996,1.0462032556533813
291,0,LOW,0.5296506881713867,0.6306818127632141
292,0,LOW,0.6749618649482727,1.2064309120178223
293,0,LOW,0.5617910027503967,0.8798068761825562
294,0,LOW,0.6672137379646301,0.9372080564498901
295,0,LOW,0.49017059803009033,0.7677956819534302
296,0,LOW,0.582960844039917,0.7002568244934082
297,0,LOW,0.7066395282745361,0.9904470443725586
298,0,LOW,0.6840981245040894,0.9758391380310059
299,0,LOW,0.5758607387542725,0.6769956946372986
300,0,LOW,0.605294406414032,0.8509714007377625
301,0,LOW,0.5247918367385864,1.2153379917144775
302,0,LOW,0.7445316314697266,0.9764267802238464
303,0,LOW,0.7367585301399231,1.1555898189544678
304,0,LOW,0.682127833366394,0.9162542819976807
305,0,LOW,0.656345009803772,0.8766372203826904
306,0,LOW,0.7599547505378723,1.0159507989883423
307,0,LOW,0.7261635065078735,1.0006368160247803
308,0,LOW,0.6219121813774109,0.8444546461105347
309,0,LOW,0.8211879134178162,1.4195482730865479
310,0,LOW,0.8427984118461609,1.8180309534072876
311,0,LOW,0.6533069610595703,1.0432507991790771
312,0,LOW,0.7964884042739868,1.298556923866272
313,0,LOW,0.7948303818702698,1.2330222129821777
314,0,LOW,0.7882997989654541,1.2277169227600098
315,1,MODERATE,0.4181847870349884,0.5177776217460632
316,0,LOW,0.6236109733581543,0.8864243626594543
317,0,LOW,0.7195361256599426,0.9566203355789185
318,0,LOW,0.8616349101066589,1.6486587524414062
319,0,LOW,0.8319165706634521,1.283333659172058
320,0,LOW,0.7102729678153992,1.0682824850082397
321,0,LOW,0.64079350233078,1.0628466606140137
322,0,LOW,0.5612034797668457,1.1013085842132568
323,1,MODERATE,0.6119460463523865,1.2097656726837158
324,0,LOW,0.4730558693408966,0.9634202718734741
325,0,LOW,0.8458688259124756,1.4568076133728027
326,0,LOW,0.6841026544570923,1.393408179283142
327,0,LOW,0.42572957277297974,1.6332483291625977
328,0,LOW,0.6735607385635376,1.1172207593917847
329,0,LOW,0.8125003576278687,1.7221736907958984
330,0,LOW,0.7945204973220825,1.0115662813186646
331,0,LOW,0.754357635974884,1.1691312789916992
332,0,LOW,0.8032441735267639,1.3319597244262695
333,0,LOW,0.7173543572425842,1.7190872430801392
334,0,LOW,0.7455721497535706,1.6057416200637817
335,0,LOW,0.760288417339325,1.4503169059753418
336,0,LOW,0.6893976330757141,1.045464277267456
337,0,LOW,0.7560896873474121,1.2830512523651123
338,0,LOW,0.7876907587051392,1.1897790431976318
339,0,LOW,0.5658634901046753,1.2110899686813354
340,0,LOW,0.8812360167503357,1.6897945404052734
341,0,LOW,0.7828404307365417,1.246922254562378
342,0,LOW,0.8675529360771179,1.7469758987426758
343,0,LOW,0.8604104518890381,1.5387624502182007
344,0,LOW,0.7759507298469543,1.3555070161819458
345,0,LOW,0.7660622000694275,1.2343523502349854
346,0,LOW,0.839938759803772,1.5100419521331787
347,0,LOW,0.6717991232872009,1.1083741188049316
348,0,LOW,0.7704299688339233,1.4801911115646362
349,0,LOW,0.6717305183410645,1.5173979997634888
350,0,LOW,0.8395426869392395,1.5576587915420532
351,0,LOW,0.8426211476325989,1.573527455329895
352,0,LOW,0.8718104362487793,1.6633038520812988
353,0,LOW,0.8497718572616577,1.5412611961364746
354,1,MODERATE,0.5576714873313904,1.1487886905670166
355,0,LOW,0.82408607006073,1.395850658416748
356,0,LOW,0.6275805234909058,2.0501163005828857
357,0,LOW,0.6839726567268372,1.04100501537323
358,0,LOW,0.6529940366744995,0.9946654438972473
359,0,LOW,0.7398574352264404,1.2278903722763062
360,0,LOW,0.8074156641960144,1.3701130151748657
361,0,LOW,0.8311185836791992,1.3978335857391357
362,0,LOW,0.8480982780456543,1.6686785221099854
363,0,LOW,0.5507465600967407,1.036630392074585
364,0,LOW,0.774807333946228,1.1732723712921143
365,0,LOW,0.6019024848937988,1.3041268587112427
366,0,LOW,0.8219011425971985,1.2667534351348877
367,0,LOW,0.7939770221710205,1.1769999265670776
368,0,LOW,0.7161344289779663,0.8578986525535583
369,0,LOW,0.48681584000587463,0.910457968711853
370,0,LOW,0.7328053116798401,0.8033393621444702
371,0,LOW,0.5504180788993835,0.6982342004776001
372,0,LOW,0.6334826946258545,0.8497755527496338
373,0,LOW,0.7213798761367798,0.7962372899055481
374,0,LOW,0.5581668615341187,0.9470191597938538
375,1,MODERATE,0.42803511023521423,0.6829835176467896
376,0,LOW,0.6328276991844177,0.8055431246757507
377,0,LOW,0.5818472504615784,0.6879851818084717
378,0,LOW,0.7603982090950012,1.1272910833358765
379,0,LOW,0.6101951003074646,0.804405689239502
380,0,LOW,0.5734795331954956,0.6547929048538208
381,0,LOW,0.5769551992416382,0.8647133111953735
382,0,LOW,0.5651432871818542,0.6857336163520813
383,1,MODERATE,0.4419131278991699,1.0333232879638672
384,0,LOW,0.5857481360435486,0.7235679626464844
385,0,LOW,0.7161979079246521,1.1918652057647705
386,0,LOW,0.4435805678367615,0.5932355523109436
387,0,LOW,0.5335084199905396,0.5269408822059631
388,0,LOW,0.5446356534957886,0.5602303147315979
389,0,LOW,0.4637340307235718,0.828754723072052
390,0,LOW,0.6021831631660461,0.6287404894828796
391,0,LOW,0.4507175087928772,0.46464693546295166
392,1,MODERATE,0.466097891330719,1.0291986465454102
393,0,LOW,0.46405258774757385,0.5955786108970642
394,0,LOW,0.6856529712677002,0.8305259943008423
395,0,LOW,0.6303741335868835,0.8262760043144226
396,1,MODERATE,0.39177486300468445,0.7469476461410522
397,1,MODERATE,0.4369001090526581,1.1079118251800537
398,0,LOW,0.5770764946937561,0.6237908601760864
399,0,LOW,0.7288029789924622,1.1674346923828125
400,0,LOW,0.701289713382721,0.713698148727417
401,0,LOW,0.7070902585983276,0.713698148727417
402,0,LOW,0.6431798338890076,0.8093296885490417
403,0,LOW,0.8110699653625488,1.480708122253418
404,0,LOW,0.7568797469139099,0.9835429191589355
405,0,LOW,0.6450061798095703,0.6767430901527405
406,0,LOW,0.7494325041770935,1.18239164352417
407,0,LOW,0.7320606112480164,1.047423005104065
408,0,LOW,0.7554891109466553,1.08695387840271
409,0,LOW,0.6857253313064575,1.2005729675292969
410,0,LOW,0.7065199613571167,1.071481466293335
411,0,LOW,0.6645556092262268,0.9683945178985596
412,0,LOW,0.5883911848068237,1.2046700716018677
413,0,LOW,0.7661724090576172,1.4331326484680176
414,1,MODERATE,0.6744612455368042,1.4600257873535156
415,0,LOW,0.7950354218482971,1.256164312362671
416,0,LOW,0.7298493385314941,1.0726027488708496
417,0,LOW,0.773689866065979,1.2015239000320435
418,0,LOW,0.7219400405883789,0.9924267530441284
419,0,LOW,0.5404830574989319,0.9878259897232056
420,0,LOW,0.5150249004364014,1.1383311748504639
421,0,LOW,0.7950804829597473,1.3696646690368652
422,0,LOW,0.6748478412628174,0.8627467155456543
423,0,LOW,0.8514101505279541,1.2718398571014404
424,0,LOW,0.7536722421646118,1.1194126605987549
425,0,LOW,0.7648607492446899,1.1792995929718018
426,0,LOW,0.53551185131073,1.904994249343872
427,0,LOW,0.5519953370094299,2.1579837799072266
428,0,LOW,0.7469784617424011,1.3295013904571533
429,0,LOW,0.6785569190979004,1.5636250972747803
430,0,LOW,0.879612386226654,1.8701484203338623
431,0,LOW,0.725244402885437,1.0857378244400024
432,0,LOW,0.8356735706329346,1.6150658130645752
433,0,LOW,0.8421057462692261,1.6685595512390137
434,0,LOW,0.598945677280426,1.4587843418121338
435,0,LOW,0.7645896077156067,1.2216618061065674
436,0,LOW,0.7563183903694153,1.1624289751052856
437,0,LOW,0.8394228219985962,1.6114439964294434
438,0,LOW,0.809978723526001,1.4618786573410034
439,0,LOW,0.42715007066726685,1.0165773630142212
440,0,LOW,0.6079744696617126,1.0786088705062866
441,0,LOW,0.6354603171348572,0.9520477056503296
442,0,LOW,0.6195671558380127,1.026483178138733
443,0,LOW,0.7167388796806335,1.35910964012146
444,0,LOW,0.7227448225021362,1.2764030694961548
445,1,MODERATE,0.43766140937805176,0.99701988697052
446,0,LOW,0.715508222579956,1.368186116218567
447,0,LOW,0.533301591873169,1.1084520816802979
448,0,LOW,0.5172531604766846,1.5275322198867798
449,0,LOW,0.6693726778030396,1.345909833908081
450,0,LOW,0.7297216057777405,1.1211652755737305
451,0,LOW,0.6845853924751282,1.0782334804534912
452,0,LOW,0.7088863253593445,1.0866223573684692
453,0,LOW,0.7699587941169739,1.143763542175293
454,0,LOW,0.5595384240150452,0.9918209314346313
455,0,LOW,0.6998242735862732,1.356960415840149
456,0,LOW,0.6406588554382324,1.0452378988265991
457,0,LOW,0.5155150890350342,0.9621237516403198
458,0,LOW,0.7085373401641846,1.2103173732757568
459,0,LOW,0.6741968989372253,1.005561351776123
460,0,LOW,0.7300883531570435,1.5809974670410156
461,0,LOW,0.633200466632843,0.9783735275268555
462,0,LOW,0.6779988408088684,1.3180631399154663
463,0,LOW,0.5605725049972534,1.0985029935836792
464,1,MODERATE,0.5414284467697144,0.7538374662399292
465,0,LOW,0.5894037485122681,0.7818474769592285
466,0,LOW,0.5126383304595947,0.712583601474762
467,0,LOW,0.6367194652557373,0.9500939846038818
468,1,MODERATE,0.5333455204963684,0.9903339743614197
469,0,LOW,0.4884912967681885,0.6044039726257324
470,0,LOW,0.6075835227966309,0.9914812445640564
471,0,LOW,0.6173244714736938,0.8236475586891174
472,0,LOW,0.5498853921890259,1.0870046615600586
473,0,LOW,0.47332021594047546,0.5177803635597229
474,0,LOW,0.5654754638671875,0.9405229091644287
475,0,LOW,0.5225250124931335,0.6889169216156006
476,0,LOW,0.6887474060058594,1.3277662992477417
477,1,MODERATE,0.5069493651390076,0.8334774971008301
478,0,LOW,0.5456587672233582,0.806524932384491
479,0,LOW,0.5208998322486877,1.0654774904251099
480,0,LOW,0.5154967308044434,0.554646909236908
481,0,LOW,0.6435600519180298,0.9919920563697815
482,0,LOW,0.5353366732597351,0.5945664644241333
483,1,MODERATE,0.5642945766448975,0.6399279832839966
484,1,MODERATE,0.4842790961265564,0.6355904340744019
485,0,LOW,0.6041299700737,0.6625484824180603
486,0,LOW,0.6412005424499512,1.315915822982788
487,0,LOW,0.5626643896102905,0.9410895705223083
488,1,MODERATE,0.5541719794273376,0.8456233143806458
489,0,LOW,0.5575173497200012,0.8600755333900452
490,0,LOW,0.5859490036964417,0.8631065487861633
491,0,LOW,0.5923115611076355,1.1113955974578857
492,1,MODERATE,0.5672699213027954,0.8279644846916199
493,1,MODERATE,0.5542498826980591,0.8579055070877075
494,1,MODERATE,0.6108124256134033,0.7495688796043396
495,1,MODERATE,0.4936838448047638,0.9049736261367798
496,1,MODERATE,0.4727626144886017,0.8950127959251404
497,1,MODERATE,0.614387035369873,1.0631260871887207
498,0,LOW,0.5208023190498352,0.4671241343021393
499,0,LOW,0.4552963674068451,0.5380757451057434
500,1,MODERATE,0.5384690761566162,0.6109105348587036
501,1,MODERATE,0.6238454580307007,0.8106774687767029
502,1,MODERATE,0.5710526704788208,0.6509861946105957
503,1,MODERATE,0.6584228873252869,0.9928371906280518
504,1,MODERATE,0.6160772442817688,0.8972693085670471
505,1,MODERATE,0.4993760585784912,1.0228018760681152
506,1,MODERATE,0.6606584787368774,1.014333724975586
507,1,MODERATE,0.6758683919906616,0.9516042470932007
508,1,MODERATE,0.5329251289367676,1.1463388204574585
509,1,MODERATE,0.7610121369361877,1.062372088432312
510,1,MODERATE,0.6915897130966187,0.9609251022338867
511,1,MODERATE,0.6773172616958618,1.0544716119766235
512,1,MODERATE,0.6474310159683228,0.8861587047576904
513,1,MODERATE,0.6616590619087219,1.0043590068817139
514,1,MODERATE,0.6768167018890381,1.1442471742630005
515,1,MODERATE,0.7560026049613953,1.2338651418685913
516,1,MODERATE,0.5390124320983887,0.9724247455596924
517,1,MODERATE,0.45302167534828186,1.5524187088012695
518,1,MODERATE,0.7128587961196899,1.049485445022583
519,1,MODERATE,0.4942922592163086,0.5075668096542358
520,1,MODERATE,0.6019537448883057,0.8244384527206421
521,1,MODERATE,0.630531907081604,0.8679583668708801
522,0,LOW,0.48378559947013855,0.8144605159759521
523,0,LOW,0.47621795535087585,0.5392986536026001
524,1,MODERATE,0.5930039882659912,0.9245482683181763
525,1,MODERATE,0.7153943777084351,1.1154506206512451
526,1,MODERATE,0.6178469657897949,0.953219473361969
527,1,MODERATE,0.6813459396362305,1.0759162902832031
528,1,MODERATE,0.8445864319801331,1.6444933414459229
529,1,MODERATE,0.7398658990859985,1.1758339405059814
530,1,MODERATE,0.6742589473724365,1.007628321647644
531,1,MODERATE,0.6544883251190186,0.9778293371200562
532,1,MODERATE,0.6040453314781189,1.2210824489593506
533,1,MODERATE,0.6663702726364136,0.9363416433334351
534,1,MODERATE,0.59257972240448,0.7801507711410522
535,1,MODERATE,0.5713151693344116,0.9639705419540405
536,0,LOW,0.5680513978004456,1.209936261177063
537,1,MODERATE,0.6602292656898499,0.8368656039237976
538,1,MODERATE,0.6111010313034058,0.9769269227981567
539,1,MODERATE,0.554534912109375,1.132997751235962
540,1,MODERATE,0.7264160513877869,1.0081908702850342
541,1,MODERATE,0.6200553774833679,0.8348153233528137
542,0,LOW,0.48676568269729614,0.9598118662834167
543,1,MODERATE,0.48562973737716675,0.8536328077316284
544,1,MODERATE,0.6997018456459045,0.9122428297996521
545,0,LOW,0.474063903093338,0.36165380477905273
546,1,MODERATE,0.6173663139343262,0.931049108505249
547,1,MODERATE,0.48041099309921265,0.8116689920425415
548,1,MODERATE,0.5376642346382141,0.7374036312103271
549,0,LOW,0.47757136821746826,0.5359134078025818
550,0,LOW,0.5105232000350952,0.636846661567688
551,0,LOW,0.5842840075492859,0.6618463397026062
552,1,MODERATE,0.5048052668571472,0.6944389343261719
553,0,LOW,0.6042541861534119,0.8236430287361145
554,0,LOW,0.5207945108413696,0.8242093920707703
555,0,LOW,0.5328641533851624,0.629021167755127
556,0,LOW,0.6243751645088196,0.9307353496551514
557,0,LOW,0.5254672765731812,0.8026432394981384
558,0,LOW,0.6093890070915222,0.7371703386306763
559,0,LOW,0.6646752953529358,0.8771740794181824
560,0,LOW,0.6063443422317505,0.6692327857017517
561,0,LOW,0.7285693287849426,0.7115896940231323
562,0,LOW,0.5600982308387756,0.7452710270881653
563,0,LOW,0.6362436413764954,0.9053665399551392
564,0,LOW,0.6493018865585327,0.8410933613777161
565,0,LOW,0.6864738464355469,1.2596614360809326
566,0,LOW,0.7373687624931335,1.3081114292144775
567,0,LOW,0.7407413721084595,1.378093957901001
568,0,LOW,0.6484624147415161,0.9319226145744324
569,1,MODERATE,0.6084097623825073,0.8341041803359985
570,0,LOW,0.5798004865646362,0.5357810258865356
571,1,MODERATE,0.6409598588943481,0.7708326578140259
572,0,LOW,0.5836531519889832,0.6844848394393921
573,0,LOW,0.6581782698631287,0.8402533531188965
574,0,LOW,0.6166425347328186,0.7938196659088135
575,0,LOW,0.5887746214866638,0.7284124493598938
576,0,LOW,0.5496521592140198,0.5638167858123779
577,0,LOW,0.685080349445343,1.0267696380615234
578,0,LOW,0.5879383683204651,0.7667831182479858
579,0,LOW,0.5600710511207581,0.6590718626976013
580,0,LOW,0.6425994634628296,0.9771785140037537
581,2,SEVERE,0.5821889042854309,2.0563478469848633
582,0,LOW,0.40228134393692017,0.5676637887954712
583,0,LOW,0.5300899147987366,0.6142653226852417
584,0,LOW,0.4025669991970062,0.7030744552612305
585,0,LOW,0.49762582778930664,0.6696729063987732
586,0,LOW,0.4364818334579468,0.4986656606197357
587,0,LOW,0.6185290217399597,0.894980788230896
588,0,LOW,0.6095508337020874,0.9863497614860535
589,0,LOW,0.5517470240592957,0.8325912952423096
590,0,LOW,0.3680814802646637,0.4294641613960266
591,0,LOW,0.5018855333328247,0.5786494612693787
592,1,MODERATE,0.3720739483833313,0.5104268789291382
593,0,LOW,0.4789333641529083,0.5979593992233276
594,0,LOW,0.40475723147392273,0.3652244210243225
595,0,LOW,0.5113691091537476,0.763367772102356
596,0,LOW,0.4947836697101593,0.5649275779724121
597,0,LOW,0.4672674536705017,0.6091210842132568
598,0,LOW,0.3907057046890259,0.4349651634693146
599,0,LOW,0.4196328818798065,0.41241270303726196
600,0,LOW,0.38475868105888367,0.39908266067504883
601,0,LOW,0.4910074472427368,0.7240051031112671
602,0,LOW,0.39070701599121094,0.30545294284820557
603,2,SEVERE,0.43066856265068054,0.8339306116104126
604,0,LOW,0.45313215255737305,0.8349990844726562
605,2,SEVERE,0.47933730483055115,0.8402968645095825
606,2,SEVERE,0.5067955255508423,0.9421986937522888
607,2,SEVERE,0.4914912283420563,1.0627471208572388
608,2,SEVERE,0.6281971335411072,1.197462797164917
609,2,SEVERE,0.559066653251648,1.0543888807296753
610,2,SEVERE,0.5453240275382996,1.403939962387085
611,2,SEVERE,0.5582543611526489,1.068174123764038
612,2,SEVERE,0.5349657535552979,1.059194564819336
613,1,MODERATE,0.4214779734611511,0.8253002762794495
614,2,SEVERE,0.46194353699684143,1.0847785472869873
615,2,SEVERE,0.5581589937210083,1.0552608966827393
616,2,SEVERE,0.6046389937400818,1.2545561790466309
617,2,SEVERE,0.3774157166481018,1.2578459978103638
618,0,LOW,0.5659869313240051,1.2842093706130981
619,1,MODERATE,0.4175940752029419,0.7107568979263306
620,2,SEVERE,0.46562522649765015,1.1100906133651733
621,2,SEVERE,0.4735414683818817,1.0433597564697266
622,2,SEVERE,0.5135071277618408,1.0756385326385498
623,2,SEVERE,0.6064574718475342,1.4118022918701172
624,2,SEVERE,0.48816993832588196,1.0004510879516602
625,2,SEVERE,0.5125468969345093,1.1001137495040894
626,0,LOW,0.3733673691749573,0.6228827238082886
627,2,SEVERE,0.5256181955337524,1.0082372426986694
628,2,SEVERE,0.5972265005111694,1.0082329511642456
629,2,SEVERE,0.5294662714004517,1.0780441761016846
630,0,LOW,0.4454171359539032,0.9728928804397583
631,2,SEVERE,0.7763215899467468,1.9269155263900757
632,2,SEVERE,0.415017694234848,0.8833320736885071
633,2,SEVERE,0.514470100402832,0.9142380952835083
634,2,SEVERE,0.5250937938690186,0.9543850421905518
635,2,SEVERE,0.5432071685791016,0.9736291170120239
636,0,LOW,0.39535677433013916,1.0810964107513428
637,1,MODERATE,0.45555001497268677,0.7376428246498108
638,2,SEVERE,0.46073490381240845,0.9584585428237915
639,2,SEVERE,0.44867345690727234,0.9584585428237915
640,2,SEVERE,0.3809773325920105,0.9190024137496948
641,2,SEVERE,0.36769717931747437,1.009639024734497
642,1,MODERATE,0.4497779905796051,0.8171236515045166
643,0,LOW,0.4675956070423126,0.9056025743484497
644,1,MODERATE,0.44414934515953064,0.5376111268997192
645,2,SEVERE,0.40410351753234863,1.0316890478134155
646,1,MODERATE,0.34775272011756897,0.627112865447998
647,0,LOW,0.3911722004413605,0.2509958744049072
648,0,LOW,0.43220794200897217,0.4641943573951721
649,2,SEVERE,0.3728581666946411,0.7663701772689819
650,2,SEVERE,0.3812640309333801,0.766640305519104
651,0,LOW,0.3942822217941284,0.4516158103942871
652,0,LOW,0.43086498975753784,0.45608198642730713
653,1,MODERATE,0.6869351267814636,0.8658266067504883
654,0,LOW,0.5015307068824768,0.6002112627029419
655,2,SEVERE,0.3876523971557617,1.0411239862442017
656,1,MODERATE,0.4203939139842987,0.5089417099952698
657,0,LOW,0.4085249900817871,0.37708333134651184
658,0,LOW,0.6457160115242004,1.2780452966690063
659,2,SEVERE,0.7458173036575317,1.889451265335083
660,0,LOW,0.3643033802509308,0.21198347210884094
661,0,LOW,0.4121488928794861,0.3454958200454712
662,0,LOW,0.5061549544334412,0.7049921154975891
663,0,LOW,0.4477713108062744,0.8665739297866821
664,1,MODERATE,0.5885053873062134,1.1244995594024658
665,1,MODERATE,0.35083287954330444,1.3252344131469727
666,1,MODERATE,0.6301699280738831,1.1857439279556274
667,1,MODERATE,0.5230664610862732,0.6684805750846863
668,0,LOW,0.43899592757225037,0.41089656949043274
669,1,MODERATE,0.5922436118125916,0.9998000264167786
670,1,MODERATE,0.5139838457107544,0.6036970019340515
671,1,MODERATE,0.4528176486492157,0.6219480037689209
672,0,LOW,0.4512456953525543,0.28389015793800354
673,0,LOW,0.49315720796585083,0.327633261680603
674,1,MODERATE,0.4574436843395233,0.5909050703048706
675,0,LOW,0.37698474526405334,0.26195865869522095
676,0,LOW,0.652769148349762,1.409136176109314
677,0,LOW,0.4363396465778351,0.2329731583595276
678,1,MODERATE,0.597881555557251,0.9180030226707458
679,0,LOW,0.46994340419769287,0.28736162185668945
680,0,LOW,0.6769968867301941,1.471553921699524
681,1,MODERATE,0.5522890686988831,0.7565367221832275
682,0,LOW,0.43616315722465515,0.38171276450157166
683,0,LOW,0.579298734664917,0.5262490510940552
684,1,MODERATE,0.6647145748138428,1.2152234315872192
685,0,LOW,0.44817882776260376,0.3939901888370514
686,0,LOW,0.5698713064193726,0.5106277465820312
687,0,LOW,0.529618501663208,0.34850823879241943
688,0,LOW,0.7629596590995789,1.3710596561431885
689,1,MODERATE,0.8075352311134338,1.3229823112487793
690,0,LOW,0.3894622027873993,0.3925778865814209
691,1,MODERATE,0.5179057717323303,0.6000924706459045
692,0,LOW,0.5045323967933655,0.40022018551826477
693,0,LOW,0.7482986450195312,1.3911678791046143
694,0,LOW,0.46803879737854004,0.467754602432251
695,0,LOW,0.5177966356277466,0.4163869321346283
696,0,LOW,0.582609236240387,0.5269458889961243
697,0,LOW,0.4689300060272217,0.4170677959918976
698,0,LOW,0.6242906451225281,0.6713172197341919
699,0,LOW,0.5141298174858093,0.5071123242378235
700,0,LOW,0.561557948589325,0.46945297718048096
701,1,MODERATE,0.4620371460914612,0.5970820188522339
702,1,MODERATE,0.6070992350578308,0.9925804734230042
703,1,MODERATE,0.46214020252227783,0.5810100436210632
704,0,LOW,0.3863253891468048,0.5774818658828735
705,0,LOW,0.5303406119346619,0.5923382639884949
706,2,SEVERE,0.4811953902244568,2.285123109817505
707,1,MODERATE,0.45774611830711365,0.5379266738891602
708,0,LOW,0.600260317325592,0.5769669413566589
709,0,LOW,0.5987728834152222,0.646410346031189
710,0,LOW,0.7218140959739685,1.1972134113311768
711,0,LOW,0.5466157793998718,0.40662768483161926
712,0,LOW,0.7116922736167908,0.6945042610168457
713,0,LOW,0.5995023846626282,0.49404045939445496
714,0,LOW,0.5829312205314636,0.5902649760246277
715,0,LOW,0.4999755620956421,0.36384323239326477
716,0,LOW,0.6293416619300842,1.1217553615570068
717,0,LOW,0.5485315322875977,0.3749846816062927
718,0,LOW,0.7604325413703918,1.369935393333435
719,0,LOW,0.5244575142860413,0.4221489131450653
720,0,LOW,0.6012648344039917,0.7202066779136658
721,0,LOW,0.5322695970535278,0.6233980655670166
722,0,LOW,0.7145971655845642,1.2270351648330688
723,0,LOW,0.493681937456131,0.5312842726707458
724,0,LOW,0.6255478858947754,0.7537033557891846
725,0,LOW,0.5265306830406189,0.5488218665122986
726,0,LOW,0.5265696048736572,0.4988560378551483
727,0,LOW,0.48606157302856445,0.5043704509735107
728,0,LOW,0.7442138195037842,1.2637312412261963
729,0,LOW,0.7181150913238525,0.6383922100067139
730,0,LOW,0.6654217839241028,0.9114000797271729
731,0,LOW,0.5608339309692383,0.6499918103218079
732,0,LOW,0.4189109802246094,0.37567099928855896
733,0,LOW,0.4935956597328186,0.42587676644325256
734,0,LOW,0.44190725684165955,0.38901036977767944
735,0,LOW,0.5687739849090576,0.6642229557037354
736,0,LOW,0.5421410799026489,0.6043978929519653
737,0,LOW,0.5661051869392395,0.8020309209823608
738,1,MODERATE,0.5047036409378052,0.5579831004142761
739,1,MODERATE,0.48018360137939453,0.8459885716438293
740,0,LOW,0.595637321472168,0.8637768030166626
741,0,LOW,0.4744386076927185,0.7589271068572998
742,0,LOW,0.4325611889362335,0.33342498540878296
743,0,LOW,0.477264404296875,0.35646721720695496
744,1,MODERATE,0.590487539768219,0.7357711791992188
745,0,LOW,0.4857487976551056,0.3893651068210602
746,0,LOW,0.43931078910827637,0.42309361696243286
747,0,LOW,0.41717901825904846,0.5759767293930054
748,0,LOW,0.4653320610523224,0.4494563639163971
749,0,LOW,0.4749401807785034,0.48315006494522095
750,0,LOW,0.42238476872444153,0.32905659079551697
751,1,MODERATE,0.5659537315368652,1.1865348815917969
752,1,MODERATE,0.4931402802467346,0.6123028993606567
753,1,MODERATE,0.4054228365421295,0.6090065836906433
754,1,MODERATE,0.3853301405906677,0.46753063797950745
755,2,SEVERE,0.500421404838562,1.6389919519424438
756,2,SEVERE,0.7768468856811523,1.7765870094299316
757,1,MODERATE,0.380206823348999,0.45531436800956726
758,2,SEVERE,0.365831196308136,0.5251074433326721
759,0,LOW,0.4396233558654785,0.4507960379123688
760,1,MODERATE,0.3968648314476013,0.5926045179367065
761,0,LOW,0.3536360263824463,0.25110357999801636
762,1,MODERATE,0.41550347208976746,0.4837416410446167
763,1,MODERATE,0.40877565741539,0.45917657017707825
764,1,MODERATE,0.4694540202617645,0.7452073097229004
765,1,MODERATE,0.40473636984825134,0.41446661949157715
766,0,LOW,0.390367329120636,0.3618485927581787
767,0,LOW,0.49551188945770264,0.46009790897369385
768,1,MODERATE,0.7363635301589966,1.506474494934082
769,0,LOW,0.43791598081588745,0.5187854766845703
770,0,LOW,0.4593561291694641,0.4329727292060852
771,0,LOW,0.413199245929718,0.27733978629112244
772,1,MODERATE,0.48472487926483154,0.8323503732681274
773,0,LOW,0.3606211245059967,0.45450007915496826
774,1,MODERATE,0.41639280319213867,0.5132236480712891
775,0,LOW,0.45505115389823914,0.5921611189842224
776,0,LOW,0.47009456157684326,0.34397009015083313
777,0,LOW,0.48883897066116333,0.47896429896354675
778,0,LOW,0.49995607137680054,0.5787825584411621
779,0,LOW,0.651762843132019,1.1719791889190674
780,0,LOW,0.4313048720359802,0.2732691764831543
781,0,LOW,0.4422982931137085,0.40863218903541565
782,0,LOW,0.51682049036026,0.3988344371318817
783,1,MODERATE,0.35334742069244385,0.5791624784469604
784,1,MODERATE,0.4934704005718231,0.6587414741516113
785,0,LOW,0.4193662405014038,0.2773682177066803
786,0,LOW,0.4571225941181183,0.3745792806148529
787,0,LOW,0.5518373250961304,0.7359861135482788
788,1,MODERATE,0.47594550251960754,0.6731812953948975
789,0,LOW,0.38723281025886536,0.679819643497467
790,0,LOW,0.45558884739875793,0.5534231662750244
791,2,SEVERE,0.37448403239250183,0.8780986070632935
792,0,LOW,0.4282570779323578,0.7506282329559326
793,1,MODERATE,0.3631221354007721,0.5305626392364502
794,2,SEVERE,0.5290975570678711,0.9702991247177124
795,1,MODERATE,0.4065361022949219,0.5716682076454163
796,1,MODERATE,0.35139477252960205,0.7174862623214722
797,1,MODERATE,0.5879234075546265,1.3371981382369995
798,0,LOW,0.6929401159286499,1.7235784530639648
799,2,SEVERE,0.5344761610031128,1.091827154159546
800,2,SEVERE,0.3836495876312256,1.1863484382629395
801,2,SEVERE,0.5076093077659607,1.0524110794067383
802,2,SEVERE,0.40486836433410645,1.2673861980438232
803,2,SEVERE,0.5999848246574402,0.9305286407470703
804,0,LOW,0.6704520583152771,1.5116331577301025
805,2,SEVERE,0.44666674733161926,1.07784903049469
806,2,SEVERE,0.6234142184257507,1.2975072860717773
807,2,SEVERE,0.4359208941459656,1.2407808303833008
808,1,MODERATE,0.3516198694705963,1.0314383506774902
809,2,SEVERE,0.5706930756568909,1.0369880199432373
810,2,SEVERE,0.5638232231140137,0.9953690767288208
811,2,SEVERE,0.6158623099327087,1.063087821006775
812,2,SEVERE,0.5556409955024719,1.0632432699203491
813,2,SEVERE,0.4554891884326935,1.0661832094192505
814,2,SEVERE,0.6056336164474487,1.2525033950805664
815,2,SEVERE,0.6622714996337891,1.2415812015533447
816,2,SEVERE,0.5865967273712158,1.0654984712600708
817,2,SEVERE,0.8143153786659241,1.9793987274169922
818,2,SEVERE,0.4877534508705139,1.039188027381897
819,2,SEVERE,0.5018719434738159,1.1342440843582153
820,2,SEVERE,0.5781794786453247,1.0930733680725098
821,2,SEVERE,0.722356915473938,1.4937381744384766
822,2,SEVERE,0.5483475923538208,1.1322728395462036
823,2,SEVERE,0.5488777756690979,1.2052220106124878
824,2,SEVERE,0.5689224600791931,1.1439149379730225
825,2,SEVERE,0.5456306338310242,1.207001805305481
826,2,SEVERE,0.6103541254997253,1.16403067111969
827,2,SEVERE,0.6146876215934753,1.1300371885299683
828,2,SEVERE,0.6696156859397888,1.2389378547668457
829,2,SEVERE,0.4414865970611572,1.3625752925872803
830,2,SEVERE,0.4878022372722626,1.1787610054016113
831,2,SEVERE,0.620446503162384,1.1391842365264893
832,2,SEVERE,0.4809410870075226,1.3812150955200195
833,2,SEVERE,0.6160277724266052,1.1352307796478271
834,2,SEVERE,0.5246362090110779,1.3550922870635986
835,0,LOW,0.6066141724586487,1.658337116241455
836,2,SEVERE,0.5434678196907043,1.296856164932251
837,2,SEVERE,0.49392181634902954,1.393707275390625
838,2,SEVERE,0.5669754147529602,1.2082163095474243
839,2,SEVERE,0.4390358626842499,1.294938325881958
840,2,SEVERE,0.6513678431510925,1.1904927492141724
841,2,SEVERE,0.8989014625549316,2.204256057739258
842,2,SEVERE,0.7058442831039429,1.270505666732788
843,2,SEVERE,0.808686375617981,1.7282845973968506
844,1,MODERATE,0.4273882806301117,0.987922191619873
845,2,SEVERE,0.6915756464004517,1.3660635948181152
846,2,SEVERE,0.5443146228790283,1.1899654865264893
847,2,SEVERE,0.7890549898147583,1.712967872619629
848,1,MODERATE,0.5091291069984436,1.1269547939300537
849,2,SEVERE,0.6797021627426147,1.23702871799469
850,2,SEVERE,0.536471426486969,1.0546257495880127
851,2,SEVERE,0.542043149471283,1.1136306524276733
852,2,SEVERE,0.4526536464691162,1.3049347400665283
853,2,SEVERE,0.5824607014656067,1.1104365587234497
854,2,SEVERE,0.6030066609382629,1.1114373207092285
855,2,SEVERE,0.6361920833587646,1.2359217405319214
856,0,LOW,0.4103417694568634,0.9700831174850464
857,2,SEVERE,0.4908997714519501,1.0185774564743042
858,2,SEVERE,0.41679632663726807,1.0414930582046509
859,0,LOW,0.6217540502548218,1.4393935203552246
860,2,SEVERE,0.44259828329086304,1.0097788572311401
861,2,SEVERE,0.5658915042877197,1.1278588771820068
862,2,SEVERE,0.47247838973999023,0.9969051480293274
863,1,MODERATE,0.44265711307525635,0.648881196975708
864,2,SEVERE,0.7886281609535217,1.8729064464569092
865,1,MODERATE,0.3782306909561157,0.6183358430862427
866,1,MODERATE,0.3949711322784424,0.6183358430862427
867,2,SEVERE,0.4591042995452881,1.0450763702392578
868,2,SEVERE,0.428188294172287,1.1079566478729248
869,0,LOW,0.768082857131958,1.9091002941131592
870,2,SEVERE,0.5366824865341187,1.208594560623169
871,2,SEVERE,0.6892956495285034,1.6580601930618286
872,1,MODERATE,0.411202996969223,0.7531868815422058
873,0,LOW,0.36396053433418274,0.553354024887085
874,1,MODERATE,0.45126813650131226,0.7282993793487549
875,1,MODERATE,0.40191519260406494,0.8021405339241028
876,2,SEVERE,0.3650988042354584,1.03972327709198
877,2,SEVERE,0.3889549970626831,1.0397377014160156
878,0,LOW,0.6501778960227966,1.6444568634033203
879,0,LOW,0.5358911752700806,0.7668200731277466
880,0,LOW,0.4254714548587799,0.5615697503089905
881,0,LOW,0.3504706621170044,0.44514796137809753
882,1,MODERATE,0.38227126002311707,0.6612989902496338
883,0,LOW,0.46043217182159424,0.5482186079025269
884,0,LOW,0.7326829433441162,1.3406500816345215
885,0,LOW,0.5116047859191895,0.8680739998817444
886,0,LOW,0.46055087447166443,0.4840632975101471
887,0,LOW,0.4541035592556,0.48929381370544434
888,0,LOW,0.4536392092704773,0.6599886417388916
889,0,LOW,0.5578792691230774,0.7165422439575195
890,0,LOW,0.5825750231742859,0.607746958732605
891,0,LOW,0.5790835618972778,0.6389700174331665
892,0,LOW,0.655624508857727,0.8421744108200073
893,1,MODERATE,0.4112474322319031,0.6565420031547546
894,0,LOW,0.713268518447876,1.132573127746582
895,0,LOW,0.7332367897033691,1.2083938121795654
896,0,LOW,0.5776481032371521,0.8856528401374817
897,0,LOW,0.6012117862701416,0.7924357056617737
898,0,LOW,0.5495452880859375,0.7553834915161133
899,0,LOW,0.6326146721839905,0.8220915198326111
900,0,LOW,0.7499018907546997,1.2246216535568237
901,0,LOW,0.7622129917144775,1.1345746517181396
902,0,LOW,0.6235564351081848,0.9110404253005981
903,0,LOW,0.8149799108505249,1.3123329877853394
904,0,LOW,0.7783553004264832,1.304624319076538
905,1,MODERATE,0.46542659401893616,0.6176169514656067
906,0,LOW,0.7576740384101868,0.9827784299850464
907,0,LOW,0.8178424835205078,1.510206937789917
908,0,LOW,0.608349084854126,1.1314983367919922
909,0,LOW,0.7521986961364746,0.9549108743667603
910,0,LOW,0.7223566174507141,0.9517687559127808
911,0,LOW,0.6993372440338135,0.9496041536331177
912,0,LOW,0.5510982275009155,1.7728949785232544
913,0,LOW,0.7514067888259888,1.0392565727233887
914,0,LOW,0.5864259600639343,1.2577887773513794
915,0,LOW,0.7823953032493591,1.339132308959961
916,0,LOW,0.762459933757782,1.1610089540481567
917,0,LOW,0.6729706525802612,1.2246167659759521
918,0,LOW,0.6933124661445618,0.8982791304588318
919,0,LOW,0.7407023310661316,1.1037813425064087
920,0,LOW,0.5966669917106628,1.7475898265838623
921,0,LOW,0.6195505857467651,0.8310428857803345
922,0,LOW,0.7020163536071777,1.034119725227356
923,0,LOW,0.6218990087509155,1.1892025470733643
924,0,LOW,0.8372967839241028,1.421740174293518
925,1,MODERATE,0.5922474265098572,1.2295293807983398
926,0,LOW,0.7675220966339111,1.1188331842422485
927,0,LOW,0.6979910135269165,0.9016473889350891
928,0,LOW,0.6862447261810303,0.9061170220375061
929,0,LOW,0.8367734551429749,1.5630086660385132
930,0,LOW,0.6153057813644409,0.7911576628684998
931,0,LOW,0.8387970328330994,1.4239760637283325
932,0,LOW,0.8163646459579468,1.304818868637085
933,0,LOW,0.6902753710746765,0.8974630832672119
934,0,LOW,0.47211652994155884,0.8984869122505188
935,0,LOW,0.5990862846374512,0.8278329372406006
936,0,LOW,0.6797509789466858,1.0129516124725342
937,0,LOW,0.7320592999458313,1.170263409614563
938,0,LOW,0.6271736025810242,0.6820532083511353
939,0,LOW,0.589046835899353,0.8047019243240356
940,0,LOW,0.7238216400146484,0.9377684593200684
941,0,LOW,0.5504595041275024,0.7007665634155273
942,0,LOW,0.6409620642662048,0.8030993938446045
943,0,LOW,0.602135181427002,0.7833776473999023
944,0,LOW,0.6913926601409912,1.020983338356018
945,0,LOW,0.8258700966835022,1.4814345836639404
946,0,LOW,0.772667407989502,1.1482410430908203
947,0,LOW,0.7025552988052368,1.0887364149093628
948,0,LOW,0.5292091369628906,1.0197621583938599
949,0,LOW,0.6939392685890198,1.1536251306533813
950,0,LOW,0.699404776096344,1.0581954717636108
951,0,LOW,0.7983942627906799,1.4949102401733398
952,0,LOW,0.7380918264389038,1.2050408124923706
953,0,LOW,0.5422478318214417,1.0626381635665894
954,0,LOW,0.7219411134719849,1.0138325691223145
955,0,LOW,0.6201441287994385,0.9990237355232239
956,0,LOW,0.7591327428817749,1.3592479228973389
957,0,LOW,0.6969755291938782,1.1380681991577148
958,0,LOW,0.5895158648490906,1.1292355060577393
959,0,LOW,0.7214401364326477,1.0007624626159668
960,0,LOW,0.62656170129776,0.8777158260345459
961,0,LOW,0.5593597888946533,0.8929278254508972
962,0,LOW,0.546768307685852,0.9247453808784485
963,0,LOW,0.5107401609420776,1.1417065858840942
964,0,LOW,0.5822500586509705,0.903100848197937
965,0,LOW,0.7599959969520569,1.4270890951156616
966,0,LOW,0.7058125734329224,1.0463852882385254
967,0,LOW,0.7012105584144592,1.1053569316864014
968,0,LOW,0.6113614439964294,0.5662864446640015
969,0,LOW,0.48487353324890137,0.8146884441375732
970,0,LOW,0.5628716945648193,0.7805549502372742
971,0,LOW,0.5288621783256531,0.7405692338943481
972,0,LOW,0.6184282898902893,0.8178751468658447
973,0,LOW,0.6492096781730652,0.9168792963027954
974,0,LOW,0.6727997064590454,0.9211633801460266
975,0,LOW,0.8314762115478516,1.7628483772277832
976,0,LOW,0.6939893364906311,1.0322562456130981
977,0,LOW,0.7448925375938416,1.3578171730041504
978,0,LOW,0.6513783931732178,0.9592936038970947
979,0,LOW,0.5592705011367798,0.9361905455589294
980,0,LOW,0.6454665064811707,0.8969360589981079
981,0,LOW,0.5382490158081055,0.4686127305030823
982,0,LOW,0.6125242114067078,0.6930876970291138
983,0,LOW,0.5688111782073975,0.7452779412269592
984,0,LOW,0.5889458060264587,0.8309535384178162
985,0,LOW,0.7301357984542847,1.048507809638977
986,0,LOW,0.660294234752655,1.1586309671401978
987,0,LOW,0.7803711891174316,1.237467646598816
988,0,LOW,0.6605144739151001,0.8839611411094666
989,0,LOW,0.7243073582649231,0.8839611411094666
990,0,LOW,0.6076905727386475,0.9523979425430298
991,0,LOW,0.5527387857437134,0.8376680016517639
992,0,LOW,0.5810012221336365,0.8725011348724365
993,0,LOW,0.7506361603736877,1.1193561553955078
994,0,LOW,0.7014570236206055,1.1335082054138184
995,1,MODERATE,0.5132004618644714,0.7986783385276794
996,0,LOW,0.49337729811668396,0.6805514693260193
997,0,LOW,0.587352991104126,0.7064778208732605
998,0,LOW,0.6196451187133789,0.9411522746086121
999,0,LOW,0.5038990378379822,0.8361890316009521
1000,0,LOW,0.6789142489433289,1.1049683094024658
1001,1,MODERATE,0.46991148591041565,0.9675036072731018
1002,0,LOW,0.6983296871185303,1.1298803091049194
1003,1,MODERATE,0.49134060740470886,0.9163716435432434
1004,1,MODERATE,0.5111386775970459,0.874515175819397
1005,1,MODERATE,0.46182718873023987,0.7163097262382507
1006,0,LOW,0.5361776351928711,0.734440803527832
1007,0,LOW,0.6337199211120605,1.1867387294769287
1008,0,LOW,0.5628771185874939,1.332585096359253
1009,0,LOW,0.4955917000770569,1.1255990266799927
1010,1,MODERATE,0.5273627638816833,0.8035337328910828
1011,1,MODERATE,0.5342667102813721,0.8756819367408752
1012,1,MODERATE,0.5576491355895996,0.8254939317703247
1013,0,LOW,0.5152430534362793,0.7018858194351196
1014,0,LOW,0.5017614960670471,0.5363056659698486
1015,1,MODERATE,0.5373426079750061,0.8753425478935242
1016,1,MODERATE,0.4972536265850067,0.8755182027816772
1017,0,LOW,0.6044436693191528,0.8960118293762207
1018,0,LOW,0.5287363529205322,0.8403914570808411
1019,1,MODERATE,0.47781652212142944,0.9075257182121277
1020,0,LOW,0.487217515707016,0.599460244178772
1021,1,MODERATE,0.6482124328613281,1.1307566165924072
1022,0,LOW,0.502007246017456,1.0178440809249878
1023,1,MODERATE,0.5065293312072754,1.080704689025879
1024,1,MODERATE,0.5395970940589905,0.8823924660682678
1025,0,LOW,0.588132917881012,1.4957627058029175
1026,1,MODERATE,0.528796911239624,0.8367113471031189
1027,1,MODERATE,0.6217849850654602,0.6848072409629822
1028,1,MODERATE,0.5125526785850525,1.1090567111968994
1029,1,MODERATE,0.6160444021224976,0.8675452470779419
1030,1,MODERATE,0.6133188605308533,0.9634735584259033
1031,0,LOW,0.5309850573539734,1.1947722434997559
1032,1,MODERATE,0.5510085225105286,0.4586336612701416
1033,1,MODERATE,0.6462041735649109,0.9204680919647217
1034,1,MODERATE,0.7338151335716248,1.022029161453247
1035,1,MODERATE,0.520292341709137,1.0734050273895264
1036,1,MODERATE,0.6479259133338928,0.8967424631118774
1037,1,MODERATE,0.5981044173240662,0.8536846041679382
1038,1,MODERATE,0.5471423864364624,0.8508669137954712
1039,1,MODERATE,0.660899817943573,0.8944054245948792
1040,0,LOW,0.5287451148033142,0.8973411321640015
1041,1,MODERATE,0.6325762867927551,0.6859111785888672
1042,1,MODERATE,0.7927282452583313,1.5574171543121338
1043,1,MODERATE,0.6565755605697632,0.8593599200248718
1044,0,LOW,0.44932276010513306,0.4391847252845764
1045,0,LOW,0.48983246088027954,0.4391847252845764
1046,1,MODERATE,0.6428745985031128,1.0582274198532104
1047,1,MODERATE,0.5828193426132202,0.8552411794662476
1048,1,MODERATE,0.6796254515647888,1.0881730318069458
1049,1,MODERATE,0.712278425693512,0.8538343906402588
1050,1,MODERATE,0.6413224339485168,1.359786868095398
1051,1,MODERATE,0.8032137751579285,1.2737032175064087
1052,1,MODERATE,0.6480536460876465,1.0800966024398804
1053,1,MODERATE,0.8306574821472168,1.2095154523849487
1054,1,MODERATE,0.7672640681266785,1.1015779972076416
1055,1,MODERATE,0.6222400069236755,1.2814253568649292
1056,1,MODERATE,0.7296434044837952,1.1426423788070679
1057,1,MODERATE,0.4815114140510559,0.9893584251403809
1058,1,MODERATE,0.6669493913650513,0.8816067576408386
1059,1,MODERATE,0.6619654893875122,0.9085920453071594
1060,2,SEVERE,0.7032063603401184,1.7557556629180908
1061,2,SEVERE,0.7165598273277283,1.8117872476577759
1062,2,SEVERE,0.8654158115386963,2.1844239234924316
1063,2,SEVERE,0.9306476712226868,3.0085480213165283
1064,2,SEVERE,0.9455224275588989,2.933133840560913
1065,2,SEVERE,0.9349732398986816,2.981675863265991
1066,2,SEVERE,0.897957444190979,2.874248504638672
1067,2,SEVERE,0.9285576343536377,3.055560350418091
1068,2,SEVERE,0.9118381142616272,3.174799680709839
1069,2,SEVERE,0.9416112303733826,2.835099697113037
1070,2,SEVERE,0.933672308921814,2.8396897315979004
1071,2,SEVERE,0.9172865152359009,2.9212684631347656
1072,2,SEVERE,0.9307790398597717,2.8907220363616943
1073,2,SEVERE,0.9573028087615967,3.053450345993042
1074,2,SEVERE,0.9128091335296631,2.843508243560791
1075,2,SEVERE,0.9058912992477417,2.8971290588378906
1076,2,SEVERE,0.9320534467697144,2.9946212768554688
1077,2,SEVERE,0.9173000454902649,2.8360755443573
1078,2,SEVERE,0.887523889541626,3.0309083461761475
1079,2,SEVERE,0.9321585893630981,2.854336977005005
1080,2,SEVERE,0.9844567179679871,4.067658424377441
1081,2,SEVERE,0.988124430179596,3.265650510787964
1082,2,SEVERE,0.9921912550926208,3.538980007171631
1083,2,SEVERE,0.9898686408996582,3.167728900909424
1084,2,SEVERE,0.988303542137146,3.244929313659668
1085,2,SEVERE,0.9902209043502808,3.2311835289001465
1086,2,SEVERE,0.9820271134376526,3.507432460784912
1087,2,SEVERE,0.988602340221405,3.5322773456573486
1088,2,SEVERE,0.9898064732551575,3.291241407394409
1089,2,SEVERE,0.9907464981079102,3.2926204204559326
1090,2,SEVERE,0.990321934223175,3.428439140319824
1091,1,MODERATE,0.619945764541626,1.0851937532424927
1092,1,MODERATE,0.5362604856491089,1.551875352859497
1093,1,MODERATE,0.6546120643615723,1.263149619102478
1094,2,SEVERE,0.3704783618450165,1.7894423007965088
1095,1,MODERATE,0.8004915714263916,1.11814546585083
1096,1,MODERATE,0.708394467830658,0.9582065939903259
1097,1,MODERATE,0.6264840960502625,0.6538304686546326
1098,1,MODERATE,0.7861201763153076,1.0867003202438354
1099,1,MODERATE,0.7916489243507385,1.1014125347137451
1100,1,MODERATE,0.6408024430274963,0.8384132981300354
1101,1,MODERATE,0.6987811923027039,1.3434371948242188
1102,1,MODERATE,0.8654792904853821,1.691394567489624
1103,1,MODERATE,0.7743817567825317,1.0306226015090942
1104,1,MODERATE,0.6884546875953674,1.195420742034912
1105,1,MODERATE,0.7093360424041748,1.0768675804138184
1106,1,MODERATE,0.5034041404724121,0.9495717287063599
1107,1,MODERATE,0.7292053699493408,0.9484409093856812
1108,1,MODERATE,0.6372379660606384,1.0474774837493896
1109,1,MODERATE,0.6579329967498779,0.9489743113517761
1110,1,MODERATE,0.691148579120636,0.966383695602417
1111,1,MODERATE,0.678434431552887,0.9663622975349426
1112,1,MODERATE,0.6490049362182617,1.0064802169799805
1113,1,MODERATE,0.5105019211769104,1.0312663316726685
1114,1,MODERATE,0.7350803017616272,1.139733910560608
1115,1,MODERATE,0.6319465041160583,0.8046215176582336
1116,1,MODERATE,0.6375079154968262,0.8211867213249207
1117,0,LOW,0.5305464863777161,0.33576738834381104
1118,1,MODERATE,0.6878439784049988,1.0419855117797852
1119,1,MODERATE,0.6380287408828735,0.940826416015625
1120,1,MODERATE,0.6078531742095947,0.9227755665779114
1121,1,MODERATE,0.6522047519683838,0.8973615765571594
1122,1,MODERATE,0.5553772449493408,0.9589354991912842
1123,1,MODERATE,0.6059037446975708,0.8796477317810059
1124,1,MODERATE,0.5033487677574158,0.8941237926483154
1125,0,LOW,0.6490108966827393,0.537811279296875
1126,1,MODERATE,0.6138365268707275,0.6985964179039001
1127,0,LOW,0.5063161253929138,0.5936106443405151
1128,0,LOW,0.5072686076164246,0.5591447353363037
1129,0,LOW,0.5803329944610596,1.107985258102417
1130,1,MODERATE,0.7001076340675354,0.8711392879486084
1131,0,LOW,0.5567853450775146,0.693668782711029
1132,0,LOW,0.5985586047172546,0.6527700424194336
1133,0,LOW,0.5615659952163696,0.6026585698127747
1134,0,LOW,0.6132696270942688,0.8706977367401123
1135,1,MODERATE,0.5369883179664612,0.968826413154602
1136,0,LOW,0.6155399680137634,0.7445553541183472
1137,0,LOW,0.5837464332580566,0.7987316846847534
1138,0,LOW,0.8010101914405823,1.635339379310608
1139,0,LOW,0.6369906663894653,0.9088298082351685
1140,0,LOW,0.7762889862060547,1.1149009466171265
1141,0,LOW,0.6243528127670288,0.8279398083686829
1142,0,LOW,0.5081955790519714,0.7622244358062744
1143,1,MODERATE,0.5008205771446228,0.8875791430473328
1144,0,LOW,0.533294141292572,0.6419453024864197
1145,0,LOW,0.48472684621810913,0.687157392501831
1146,0,LOW,0.5487538576126099,0.643811821937561
1147,0,LOW,0.4736045002937317,0.5405880212783813
1148,0,LOW,0.45600759983062744,0.6618102788925171
1149,0,LOW,0.5100201368331909,0.4602883458137512
1150,0,LOW,0.4495590925216675,0.42482614517211914
1151,1,MODERATE,0.3667149841785431,0.5861533880233765
1152,0,LOW,0.6087856292724609,1.0680497884750366
1153,0,LOW,0.4502217471599579,0.4835834205150604
1154,1,MODERATE,0.41408658027648926,0.6408900022506714
1155,1,MODERATE,0.6068054437637329,0.7960889935493469
1156,1,MODERATE,0.3592613637447357,0.5836169123649597
1157,2,SEVERE,0.4709274470806122,0.910545825958252
1158,1,MODERATE,0.4453977644443512,0.7722954750061035
1159,0,LOW,0.3937954306602478,0.5038622617721558
1160,2,SEVERE,0.4261455535888672,0.8493030071258545
1161,2,SEVERE,0.4261455535888672,0.8495404720306396
1162,2,SEVERE,0.41613349318504333,0.8643692135810852
1163,0,LOW,0.4419851303100586,0.8582208156585693
1164,0,LOW,0.5371775031089783,1.0699892044067383
1165,0,LOW,0.6525962948799133,1.0810960531234741
1166,2,SEVERE,0.35221970081329346,0.681382417678833
1167,2,SEVERE,0.34590405225753784,0.7416174411773682
1168,1,MODERATE,0.6787155270576477,0.955917477607727
1169,2,SEVERE,0.40500208735466003,0.6162171363830566
1170,0,LOW,0.426277220249176,0.3913494944572449
1171,2,SEVERE,0.34584933519363403,0.6299384236335754
1172,0,LOW,0.3474976420402527,0.3844139575958252
1173,0,LOW,0.3733803629875183,0.46119314432144165
1174,2,SEVERE,0.4813750386238098,0.917843222618103
1175,0,LOW,0.46749642491340637,0.7396152019500732
1176,1,MODERATE,0.5450983047485352,1.0286191701889038
1177,2,SEVERE,0.5068695545196533,1.0391952991485596
1178,2,SEVERE,0.4668726325035095,1.0947835445404053
1179,0,LOW,0.33797797560691833,0.27651068568229675
1180,2,SEVERE,0.5825791358947754,1.0833197832107544
1181,0,LOW,0.5348262190818787,1.4515483379364014
1182,2,SEVERE,0.5139341950416565,1.1524944305419922
1183,2,SEVERE,0.6291324496269226,1.1714178323745728
1184,2,SEVERE,0.8105261921882629,2.028681755065918
1185,2,SEVERE,0.5955896973609924,1.192178726196289
1186,2,SEVERE,0.48668569326400757,1.2455071210861206
1187,2,SEVERE,0.3958490490913391,1.3300492763519287
1188,2,SEVERE,0.6424658894538879,1.1878958940505981
1189,2,SEVERE,0.6155481934547424,1.1742628812789917
1190,2,SEVERE,0.48235175013542175,1.137308120727539
1191,2,SEVERE,0.4233599305152893,1.4056025743484497
1192,2,SEVERE,0.6268946528434753,1.1894969940185547
1193,2,SEVERE,0.6283989548683167,1.1837753057479858
1194,2,SEVERE,0.45379021763801575,1.1000136137008667
1195,2,SEVERE,0.4509660005569458,1.3508994579315186
1196,1,MODERATE,0.4998391270637512,1.279984951019287
1197,2,SEVERE,0.5439516305923462,0.9973433017730713
1198,2,SEVERE,0.5144270658493042,1.0714970827102661
1199,1,MODERATE,0.38910695910453796,0.7175641059875488
1200,2,SEVERE,0.533743143081665,1.1189221143722534
1201,2,SEVERE,0.3546120524406433,1.2122275829315186
1202,2,SEVERE,0.5752130150794983,1.1051254272460938
1203,0,LOW,0.42225056886672974,1.3750735521316528
1204,0,LOW,0.3924005925655365,0.8661364316940308
1205,0,LOW,0.5439693331718445,1.768946647644043
1206,2,SEVERE,0.5419424772262573,1.0169037580490112
1207,2,SEVERE,0.43924441933631897,1.0686286687850952
1208,0,LOW,0.5068404674530029,1.3995380401611328
1209,1,MODERATE,0.6971967816352844,1.4240542650222778
1210,2,SEVERE,0.48478415608406067,1.0477243661880493
1211,0,LOW,0.40858373045921326,1.2143592834472656
1212,2,SEVERE,0.3914969265460968,0.9962872266769409
1213,2,SEVERE,0.6645267605781555,1.5980712175369263
1214,0,LOW,0.3884197473526001,0.5889824628829956
1215,2,SEVERE,0.5917137265205383,1.5162091255187988
1216,1,MODERATE,0.351819783449173,0.6397186517715454
1217,1,MODERATE,0.6098365783691406,1.0751149654388428
1218,1,MODERATE,0.49542251229286194,0.6763801574707031
1219,1,MODERATE,0.4722680449485779,0.8498489260673523
1220,1,MODERATE,0.3949291408061981,0.7305744886398315
1221,2,SEVERE,0.4049914479255676,0.893711507320404
1222,2,SEVERE,0.5727496147155762,1.3985662460327148
1223,1,MODERATE,0.4348977208137512,0.5056111216545105
1224,1,MODERATE,0.42634496092796326,0.6573105454444885
1225,0,LOW,0.3530205488204956,0.4048687815666199
1226,2,SEVERE,0.37144559621810913,0.6429077982902527
1227,1,MODERATE,0.4466922879219055,0.7069805860519409
1228,2,SEVERE,0.3758385479450226,0.6201069951057434
1229,0,LOW,0.44998911023139954,0.7021663784980774
1230,1,MODERATE,0.42937666177749634,0.491630882024765
1231,0,LOW,0.4760800302028656,0.7351704239845276
1232,0,LOW,0.46465858817100525,0.7739807367324829
1233,0,LOW,0.393634557723999,0.4403020739555359
1234,1,MODERATE,0.5165607333183289,0.8604171872138977
1235,2,SEVERE,0.37287455797195435,0.4334920644760132
1236,1,MODERATE,0.42683112621307373,0.5294129848480225
1237,1,MODERATE,0.43065357208251953,0.5428192019462585
1238,1,MODERATE,0.4201078712940216,0.6978508234024048
1239,1,MODERATE,0.3875744044780731,0.643458366394043
1240,2,SEVERE,0.45272061228752136,0.9599282741546631
1241,1,MODERATE,0.4172104299068451,0.6542432308197021
1242,0,LOW,0.41060537099838257,0.3270740509033203
1243,2,SEVERE,0.36591073870658875,0.8485995531082153
1244,0,LOW,0.40209704637527466,0.2850686311721802
1245,1,MODERATE,0.40314897894859314,0.5996610522270203
1246,1,MODERATE,0.3850072920322418,0.46338534355163574
1247,1,MODERATE,0.5648683309555054,0.6421825289726257
1248,1,MODERATE,0.47881296277046204,0.6163626909255981
1249,0,LOW,0.37195777893066406,0.2612649202346802
1250,2,SEVERE,0.3973408341407776,0.8569662570953369
1251,1,MODERATE,0.4321916699409485,0.48273876309394836
1252,2,SEVERE,0.3907969295978546,0.7715814709663391
1253,1,MODERATE,0.3516632616519928,0.662545382976532
1254,1,MODERATE,0.38410910964012146,0.6708393096923828
1255,1,MODERATE,0.4047929346561432,0.6257961988449097
1256,0,LOW,0.3819126486778259,0.3064804673194885
1257,1,MODERATE,0.452202171087265,0.5634382367134094
1258,0,LOW,0.4922056198120117,0.6474979519844055
1259,1,MODERATE,0.435106098651886,0.717880129814148
1260,1,MODERATE,0.43958598375320435,0.5689529180526733
1261,0,LOW,0.42484238743782043,0.34461015462875366
1262,0,LOW,0.4512649178504944,0.32796335220336914
1263,0,LOW,0.4993528127670288,0.5285258889198303
1264,0,LOW,0.3859100341796875,0.25584474205970764
1265,0,LOW,0.37344804406166077,0.40203991532325745
1266,0,LOW,0.47903773188591003,0.36066892743110657
1267,1,MODERATE,0.3985013961791992,0.5099968314170837
1268,0,LOW,0.5144951939582825,0.47730380296707153
1269,0,LOW,0.615314245223999,0.9245172739028931
1270,0,LOW,0.42180636525154114,0.2392396479845047
1271,0,LOW,0.42594921588897705,0.23653434216976166
1272,0,LOW,0.5362706780433655,0.6331872940063477
1273,0,LOW,0.5075790882110596,0.423786461353302
1274,0,LOW,0.481460303068161,0.4287147521972656
1275,0,LOW,0.7747395038604736,1.4809980392456055
1276,0,LOW,0.5912554264068604,1.070918321609497
1277,0,LOW,0.5749247670173645,0.7136048078536987
1278,1,MODERATE,0.5043404698371887,0.8050331473350525
1279,0,LOW,0.5496692061424255,0.6804893612861633
1280,0,LOW,0.5887860655784607,0.8626871109008789
1281,1,MODERATE,0.4573098421096802,0.6221968531608582
1282,1,MODERATE,0.4595683217048645,0.5887956619262695
1283,0,LOW,0.4947052299976349,0.4230818450450897
1284,0,LOW,0.7942055463790894,1.5553020238876343
1285,1,MODERATE,0.43293341994285583,0.5489790439605713
1286,0,LOW,0.7581303715705872,1.4024032354354858
1287,0,LOW,0.44017815589904785,0.25257885456085205
1288,0,LOW,0.3947690725326538,0.2802042067050934
1289,1,MODERATE,0.5025990605354309,0.6107712984085083
1290,1,MODERATE,0.4323965013027191,0.607054591178894
1291,1,MODERATE,0.4495437741279602,0.5406962633132935
1292,1,MODERATE,0.45548221468925476,0.574432909488678
1293,1,MODERATE,0.542559027671814,0.8093407154083252
1294,0,LOW,0.563489556312561,0.6187987923622131
1295,0,LOW,0.6013152599334717,0.6255820393562317
1296,0,LOW,0.5828048586845398,0.7296169996261597
1297,0,LOW,0.5365984439849854,0.42874574661254883
1298,1,MODERATE,0.6418401002883911,0.765960693359375
1299,0,LOW,0.5269975066184998,0.3915659785270691
1300,0,LOW,0.41819435358047485,0.2692010998725891
1301,0,LOW,0.47969138622283936,0.3209037184715271
1302,0,LOW,0.49009475111961365,0.41587865352630615
1303,0,LOW,0.469249427318573,0.37935870885849
1304,0,LOW,0.4919663071632385,0.3673151135444641
1305,1,MODERATE,0.42134934663772583,0.5065294504165649
1306,1,MODERATE,0.5777063369750977,1.1494176387786865
1307,0,LOW,0.42610815167427063,0.32292723655700684
1308,1,MODERATE,0.40291929244995117,0.5402470827102661
1309,0,LOW,0.3909013569355011,0.29069653153419495
1310,1,MODERATE,0.4023084044456482,0.506085991859436
1311,0,LOW,0.4625166952610016,0.3930057883262634
1312,1,MODERATE,0.4085809886455536,0.6178324222564697
1313,0,LOW,0.5197373032569885,0.5879915356636047
1314,0,LOW,0.42339345812797546,0.3034641742706299
1315,1,MODERATE,0.39525121450424194,0.5696057677268982
1316,0,LOW,0.34630024433135986,0.2720954120159149
1317,1,MODERATE,0.5296962261199951,0.6143456101417542
1318,1,MODERATE,0.4261355698108673,0.5840155482292175
1319,0,LOW,0.4832614064216614,0.38961929082870483
1320,1,MODERATE,0.4072364866733551,0.4961826205253601
1321,2,SEVERE,0.46808627247810364,1.1420276165008545
1322,1,MODERATE,0.40431344509124756,0.49504101276397705
1323,1,MODERATE,0.4320290982723236,0.5629403591156006
1324,1,MODERATE,0.48136475682258606,0.5998866558074951
1325,0,LOW,0.4167964458465576,0.2854418456554413
1326,1,MODERATE,0.3952191472053528,0.49320855736732483
1327,0,LOW,0.43482863903045654,0.33962708711624146
1328,0,LOW,0.5351439714431763,0.9388409852981567
1329,0,LOW,0.6429131031036377,1.229548692703247
1330,1,MODERATE,0.4236692190170288,0.4912111163139343
1331,0,LOW,0.39392468333244324,0.27410295605659485
1332,0,LOW,0.34822583198547363,0.26893672347068787
1333,0,LOW,0.3645607829093933,0.3210708498954773
1334,1,MODERATE,0.47788697481155396,0.6172440052032471
1335,0,LOW,0.5274444222450256,0.35456836223602295
1336,1,MODERATE,0.44351068139076233,0.7240833044052124
1337,1,MODERATE,0.4838971495628357,0.8134145736694336
1338,1,MODERATE,0.49676886200904846,0.8410905599594116
1339,2,SEVERE,0.35338902473449707,0.549752950668335
1340,0,LOW,0.4497119188308716,0.4936583340167999
1341,0,LOW,0.41311410069465637,0.41873985528945923
1342,1,MODERATE,0.5663914680480957,1.008840799331665
1343,2,SEVERE,0.43092188239097595,0.8336801528930664
1344,0,LOW,0.42991551756858826,0.6148978471755981
1345,0,LOW,0.5876334309577942,1.3309047222137451
1346,0,LOW,0.441764235496521,0.4525783658027649
1347,0,LOW,0.3992796838283539,0.22732606530189514
1348,0,LOW,0.4081462323665619,0.423292875289917
1349,0,LOW,0.4086854159832001,0.44499558210372925
1350,2,SEVERE,0.4154464900493622,0.659734308719635
1351,0,LOW,0.4760620892047882,0.8997117280960083
1352,2,SEVERE,0.41582196950912476,0.6321887969970703
1353,1,MODERATE,0.3985278904438019,0.7806852459907532
1354,1,MODERATE,0.5056013464927673,0.7536343336105347
1355,1,MODERATE,0.42602699995040894,0.6731398701667786
1356,1,MODERATE,0.5672426819801331,1.1265273094177246
1357,1,MODERATE,0.43091997504234314,0.5873584151268005
1358,2,SEVERE,0.42457541823387146,0.6826257705688477
1359,2,SEVERE,0.5393243432044983,1.0218225717544556
1360,2,SEVERE,0.4849134087562561,0.837161123752594
1361,2,SEVERE,0.7654531002044678,1.7020684480667114
1362,2,SEVERE,0.4824412167072296,0.8263273239135742
1363,0,LOW,0.35329654812812805,0.6649152636528015
1364,1,MODERATE,0.47460681200027466,0.7501964569091797
1365,2,SEVERE,0.4616764187812805,0.6624104380607605
1366,2,SEVERE,0.4078480899333954,0.9424676895141602
1367,2,SEVERE,0.5098621845245361,1.125825047492981
1368,0,LOW,0.5608320832252502,1.4136382341384888
1369,2,SEVERE,0.4184087812900543,1.006788730621338
1370,1,MODERATE,0.4830686151981354,1.1511608362197876
1371,2,SEVERE,0.5272940993309021,0.9589220881462097
1372,1,MODERATE,0.45116788148880005,1.28224778175354
1373,2,SEVERE,0.4784446954727173,0.9550300240516663
1374,0,LOW,0.6371700167655945,1.556464672088623
1375,2,SEVERE,0.5929723381996155,1.0750041007995605
1376,2,SEVERE,0.6018550992012024,1.0188905000686646
1377,2,SEVERE,0.5797191262245178,1.0211565494537354
1378,2,SEVERE,0.5947772264480591,1.0299135446548462
1379,0,LOW,0.4367886781692505,1.5669665336608887
1380,1,MODERATE,0.41306424140930176,1.213794469833374
1381,2,SEVERE,0.5080437660217285,1.1652206182479858
1382,2,SEVERE,0.49380382895469666,1.1483664512634277
1383,2,SEVERE,0.5161957740783691,1.0679954290390015
1384,2,SEVERE,0.6158300638198853,1.0929652452468872
1385,2,SEVERE,0.6265298128128052,1.0424398183822632
1386,2,SEVERE,0.7330405712127686,1.4468573331832886
1387,2,SEVERE,0.6321409344673157,1.1476244926452637
1388,2,SEVERE,0.6308684349060059,1.1122758388519287
1389,2,SEVERE,0.554648220539093,1.086042881011963
1390,2,SEVERE,0.8400234580039978,1.9465311765670776
1391,2,SEVERE,0.3905937671661377,1.4774099588394165
1392,2,SEVERE,0.549362063407898,1.1874170303344727
1393,2,SEVERE,0.6150414943695068,1.136168122291565
1394,2,SEVERE,0.5981895327568054,1.114815592765808
1395,2,SEVERE,0.7335714101791382,1.472508430480957
1396,2,SEVERE,0.46632760763168335,1.3881734609603882
1397,2,SEVERE,0.6302465200424194,1.2092318534851074
1398,2,SEVERE,0.7050188779830933,1.2711892127990723
1399,2,SEVERE,0.8517051339149475,1.8504726886749268
1400,0,LOW,0.46372488141059875,1.968520164489746
1401,2,SEVERE,0.5812145471572876,1.3218728303909302
1402,2,SEVERE,0.6564450263977051,1.148918628692627
1403,2,SEVERE,0.6885156035423279,1.2458914518356323
1404,2,SEVERE,0.754382848739624,1.4214378595352173
1405,2,SEVERE,0.7025913596153259,1.210113763809204
1406,2,SEVERE,0.7751432657241821,1.499600887298584
1407,2,SEVERE,0.7175573706626892,1.3583073616027832
1408,2,SEVERE,0.6965904235839844,1.2457870244979858
1409,2,SEVERE,0.5956720113754272,1.217604398727417
1410,2,SEVERE,0.5507475137710571,1.432293176651001
1411,2,SEVERE,0.6556980013847351,1.2750294208526611
1412,2,SEVERE,0.581159234046936,1.4756550788879395
1413,2,SEVERE,0.7153584361076355,1.3422777652740479
1414,2,SEVERE,0.6217578053474426,1.2076711654663086
1415,2,SEVERE,0.6833720803260803,1.2048001289367676
1416,2,SEVERE,0.6594718098640442,1.2276860475540161
1417,0,LOW,0.4280308187007904,1.3381483554840088
1418,2,SEVERE,0.4841119050979614,1.651957631111145
1419,2,SEVERE,0.6189480423927307,1.3387569189071655
1420,2,SEVERE,0.5876821279525757,1.610988974571228
1421,2,SEVERE,0.7185257077217102,1.3158113956451416
1422,2,SEVERE,0.6310227513313293,1.294156551361084
1423,2,SEVERE,0.6748543381690979,1.3081434965133667
1424,2,SEVERE,0.3936253488063812,1.971745491027832
1425,2,SEVERE,0.6301096081733704,1.4019538164138794
1426,2,SEVERE,0.6606067419052124,1.3268778324127197
1427,2,SEVERE,0.7045605778694153,1.3462097644805908
1428,2,SEVERE,0.5953074097633362,1.376670002937317
1429,2,SEVERE,0.8431922197341919,1.8991702795028687
1430,2,SEVERE,0.7035223841667175,1.3279958963394165
1431,2,SEVERE,0.7300621271133423,1.2893126010894775
1432,2,SEVERE,0.6183630228042603,1.317570447921753
1433,2,SEVERE,0.44953271746635437,1.3996350765228271
1434,2,SEVERE,0.7336466908454895,1.4321889877319336
1435,2,SEVERE,0.6392716765403748,1.4282922744750977
1436,2,SEVERE,0.669959545135498,1.2149608135223389
1437,2,SEVERE,0.4395269751548767,1.7203803062438965
1438,0,LOW,0.3939574658870697,1.2769699096679688
1439,2,SEVERE,0.44326379895210266,1.4928858280181885
1440,2,SEVERE,0.5639325380325317,1.3171074390411377
1441,2,SEVERE,0.5521189570426941,1.5707917213439941
1442,2,SEVERE,0.48432087898254395,1.4350626468658447
1443,2,SEVERE,0.4143087863922119,1.5208098888397217
1444,2,SEVERE,0.7364174723625183,1.383702039718628
1445,2,SEVERE,0.5184465646743774,1.2640318870544434
1446,2,SEVERE,0.48571330308914185,1.2751519680023193
1447,2,SEVERE,0.5770663022994995,1.1161373853683472
1448,2,SEVERE,0.6060962080955505,1.2338205575942993
1449,2,SEVERE,0.39348575472831726,1.2195686101913452
1450,1,MODERATE,0.48110249638557434,0.8877007961273193
1451,2,SEVERE,0.5165495276451111,1.2394810914993286
1452,2,SEVERE,0.4899875819683075,1.2158010005950928
1453,1,MODERATE,0.4901345670223236,0.7552049160003662
1454,0,LOW,0.5831626653671265,0.8831819295883179
1455,2,SEVERE,0.39554351568222046,1.0709822177886963
1456,1,MODERATE,0.39761561155319214,0.7677135467529297
1457,0,LOW,0.5193780660629272,0.891097903251648
1458,2,SEVERE,0.3931494951248169,1.0565251111984253
1459,0,LOW,0.47908851504325867,0.5619542598724365
1460,0,LOW,0.4934884011745453,0.5941709280014038
1461,2,SEVERE,0.4833723306655884,1.3797039985656738
1462,0,LOW,0.46908795833587646,0.4341732859611511
1463,0,LOW,0.567477285861969,0.6749040484428406
1464,0,LOW,0.39799758791923523,0.6220104694366455
1465,0,LOW,0.48565471172332764,0.4756906032562256
1466,0,LOW,0.6363753080368042,0.9751651883125305
1467,0,LOW,0.5212746262550354,0.5954908132553101
1468,0,LOW,0.7003486156463623,1.258296251296997
1469,0,LOW,0.4168694317340851,0.48703479766845703
1470,0,LOW,0.5654080510139465,0.6096999049186707
1471,2,SEVERE,0.5557685494422913,1.8990650177001953
1472,0,LOW,0.510332465171814,0.5454568266868591
1473,0,LOW,0.5808267593383789,0.8014509677886963
1474,0,LOW,0.7387614250183105,1.329425573348999
1475,0,LOW,0.4259412884712219,0.5644475221633911
1476,0,LOW,0.40829434990882874,0.738497257232666
1477,0,LOW,0.798478364944458,1.3785688877105713
1478,2,SEVERE,0.5114700198173523,1.544612169265747
1479,0,LOW,0.6056979298591614,0.7844887971878052
1480,0,LOW,0.5092017650604248,0.5811424851417542
1481,0,LOW,0.5197635293006897,0.4031350612640381
1482,1,MODERATE,0.4573696255683899,0.6151205897331238
1483,0,LOW,0.5151558518409729,0.5739565491676331
1484,0,LOW,0.5576581954956055,0.6167424321174622
1485,0,LOW,0.5874732136726379,0.7838478684425354
1486,0,LOW,0.5753798484802246,0.6783877611160278
1487,0,LOW,0.5315776467323303,0.4927659034729004
1488,1,MODERATE,0.4357544481754303,0.8256675004959106
1489,0,LOW,0.4841597378253937,0.7089336514472961
1490,0,LOW,0.7682303190231323,1.3857142925262451
1491,0,LOW,0.6839588284492493,0.8642414808273315
1492,0,LOW,0.45108529925346375,0.6980764865875244
1493,0,LOW,0.5039171576499939,0.7189263701438904
1494,0,LOW,0.5815698504447937,0.7514588832855225
1495,0,LOW,0.6170958876609802,0.906344473361969
1496,0,LOW,0.7390855550765991,1.1678907871246338
1497,0,LOW,0.5477217435836792,0.7980222105979919
1498,0,LOW,0.53386390209198,0.864021897315979
1499,0,LOW,0.6127225756645203,0.6927573680877686
1500,0,LOW,0.7956417798995972,0.9399851560592651
1501,0,LOW,0.7088391184806824,0.8126149773597717
1502,0,LOW,0.6641713380813599,0.7756527066230774
1503,0,LOW,0.6908828020095825,0.8711894154548645
1504,0,LOW,0.6324606537818909,0.8315612077713013
1505,0,LOW,0.658763587474823,0.8225880265235901
1506,0,LOW,0.8396304249763489,1.609905481338501
1507,0,LOW,0.506135106086731,0.7956665754318237
1508,1,MODERATE,0.5702236294746399,1.1249001026153564
1509,0,LOW,0.6284053921699524,0.9387453198432922
1510,0,LOW,0.45904281735420227,1.6012060642242432
1511,0,LOW,0.7258183360099792,0.9845526218414307
1512,0,LOW,0.5654496550559998,1.0341967344284058
1513,0,LOW,0.4346332252025604,1.5516011714935303
1514,0,LOW,0.7753951549530029,1.3395540714263916
1515,1,MODERATE,0.5223057270050049,0.7308505773544312
1516,0,LOW,0.5781210064888,0.7859996557235718
1517,0,LOW,0.7599480152130127,1.2477409839630127
1518,0,LOW,0.605505108833313,0.8362119197845459
1519,0,LOW,0.49462953209877014,1.0766797065734863
1520,1,MODERATE,0.5504884719848633,0.934304416179657
1521,0,LOW,0.6083827018737793,0.8087930679321289
1522,0,LOW,0.8049665689468384,1.509946584701538
1523,0,LOW,0.6923258900642395,1.0681501626968384
1524,0,LOW,0.7122461199760437,0.8513840436935425
1525,0,LOW,0.7796164155006409,1.0538420677185059
1526,0,LOW,0.7470162510871887,1.0538420677185059
1527,0,LOW,0.6763291358947754,0.8045313954353333
1528,0,LOW,0.5162109732627869,0.5452893376350403
1529,0,LOW,0.5361889004707336,0.6467332243919373
1530,0,LOW,0.6016022562980652,0.6051246523857117
1531,0,LOW,0.5991914868354797,0.7408232092857361
1532,0,LOW,0.7007986307144165,0.8359276056289673
1533,0,LOW,0.5905173420906067,0.646102786064148
1534,0,LOW,0.6316741108894348,0.6706510186195374
1535,0,LOW,0.6647166609764099,0.6190043687820435
1536,0,LOW,0.7252385020256042,0.8738701343536377
1537,0,LOW,0.4745877981185913,0.7129306793212891
1538,0,LOW,0.7522774934768677,0.8736721873283386
1539,0,LOW,0.7390681505203247,0.8736721873283386
1540,0,LOW,0.7912166714668274,1.1632925271987915
1541,0,LOW,0.720034122467041,0.9599140286445618
1542,0,LOW,0.6284118890762329,0.8107556700706482
1543,0,LOW,0.5259997248649597,1.0013906955718994
1544,0,LOW,0.6625320911407471,1.0151158571243286
1545,0,LOW,0.5819345712661743,1.1252003908157349
1546,0,LOW,0.5135934352874756,0.7116167545318604
1547,0,LOW,0.6184529662132263,0.8736115097999573
1548,0,LOW,0.5011109709739685,0.8762286901473999
1549,0,LOW,0.6394417881965637,0.9757200479507446
1550,0,LOW,0.6517454385757446,0.9885748624801636
1551,0,LOW,0.5902785062789917,0.8698802590370178
1552,0,LOW,0.5957735776901245,0.864592969417572
1553,0,LOW,0.598069965839386,0.7907713651657104
1554,1,MODERATE,0.5537840127944946,0.5684705376625061
1555,0,LOW,0.5324891209602356,0.6250540018081665
1556,0,LOW,0.5393858551979065,0.5990476012229919
1557,0,LOW,0.6139242649078369,0.8046061396598816
1558,0,LOW,0.549399197101593,0.7808682322502136
1559,0,LOW,0.686270534992218,1.1432374715805054
1560,0,LOW,0.5501359105110168,0.7002312541007996
1561,0,LOW,0.7755945324897766,1.4942560195922852
1562,0,LOW,0.6781082153320312,0.9046236872673035
1563,0,LOW,0.49117833375930786,0.5424816012382507
1564,1,MODERATE,0.58316570520401,0.8230578303337097
1565,1,MODERATE,0.6418677568435669,1.1185890436172485
1566,0,LOW,0.5583657026290894,0.6985949277877808
1567,0,LOW,0.6746354699134827,0.6997050046920776
1568,0,LOW,0.6412121653556824,0.8501962423324585
1569,0,LOW,0.7424921989440918,0.955420196056366
1570,0,LOW,0.6925930976867676,0.8512256741523743
1571,0,LOW,0.6783121228218079,0.8650902509689331
1572,0,LOW,0.6094284057617188,0.9536117315292358
1573,0,LOW,0.5344282984733582,0.7990233898162842
1574,1,MODERATE,0.5239279270172119,0.6153188943862915
1575,0,LOW,0.579126238822937,0.7788459658622742
1576,0,LOW,0.6102707386016846,0.769801914691925
1577,0,LOW,0.6104553937911987,0.7293026447296143
1578,1,MODERATE,0.6152427792549133,1.1145267486572266
1579,0,LOW,0.7481647729873657,1.3565449714660645
1580,0,LOW,0.6517595648765564,0.9452718496322632
1581,0,LOW,0.7035422921180725,1.1878430843353271
1582,1,MODERATE,0.6466831564903259,1.1185739040374756
1583,0,LOW,0.6695469617843628,1.1515995264053345
1584,0,LOW,0.7110722661018372,1.0354268550872803
1585,0,LOW,0.553326427936554,0.8418259620666504
1586,0,LOW,0.45894214510917664,0.7005021572113037
1587,0,LOW,0.479963481426239,0.7885162830352783
1588,1,MODERATE,0.4863143265247345,1.013490080833435
1589,0,LOW,0.5590808391571045,0.691046953201294
1590,0,LOW,0.7408841848373413,1.5120172500610352
1591,0,LOW,0.4503929316997528,0.6104002594947815
1592,0,LOW,0.5505907535552979,1.0859975814819336
1593,0,LOW,0.5290588140487671,1.1222176551818848
1594,0,LOW,0.5943537354469299,1.0183489322662354
1595,1,MODERATE,0.4940236806869507,0.9072437882423401
1596,0,LOW,0.5633568167686462,0.7883740067481995
1597,0,LOW,0.6346723437309265,1.0603525638580322
1598,0,LOW,0.6346873641014099,0.6823814511299133
1599,0,LOW,0.6200195550918579,0.9888708591461182
1600,0,LOW,0.598124086856842,1.0732202529907227
1601,0,LOW,0.6692858934402466,1.2470428943634033
1602,1,MODERATE,0.6413170695304871,1.530839443206787
1603,0,LOW,0.4829755425453186,0.6332495212554932
1604,0,LOW,0.5700625777244568,0.8388441801071167
1605,0,LOW,0.4893434941768646,0.6787075996398926
1606,0,LOW,0.4876032769680023,0.5594675540924072
1607,1,MODERATE,0.5852845311164856,0.774364709854126
1608,1,MODERATE,0.5770184993743896,0.813863217830658
1609,1,MODERATE,0.5789344310760498,0.7958371043205261
1610,1,MODERATE,0.7545289993286133,1.0774405002593994
1611,1,MODERATE,0.6935285329818726,1.098236322402954
1612,1,MODERATE,0.5627890825271606,0.7732041478157043
1613,1,MODERATE,0.7651830911636353,1.0026259422302246
1614,1,MODERATE,0.503939151763916,0.8107618689537048
1615,1,MODERATE,0.5934683680534363,0.7671892046928406
1616,1,MODERATE,0.5980746746063232,0.6573870182037354
1617,1,MODERATE,0.5339229702949524,0.8755184412002563
1618,1,MODERATE,0.5525273084640503,0.8755184412002563
1619,1,MODERATE,0.6268680095672607,0.8609462380409241
1620,0,LOW,0.5054368376731873,0.9056761264801025
1621,1,MODERATE,0.5131785869598389,0.8554558753967285
1622,0,LOW,0.497406542301178,0.9898422956466675
1623,1,MODERATE,0.5931376814842224,0.8146710991859436
1624,1,MODERATE,0.729852557182312,0.9429324865341187
1625,1,MODERATE,0.6450551748275757,0.6159716248512268
1626,1,MODERATE,0.48804187774658203,0.8167468309402466
1627,1,MODERATE,0.712143063545227,1.2012391090393066
1628,1,MODERATE,0.5789132714271545,0.8605419397354126
1629,1,MODERATE,0.6050038933753967,0.8964396715164185
1630,1,MODERATE,0.7011575698852539,1.0478953123092651
1631,1,MODERATE,0.6995065808296204,1.0255719423294067
1632,1,MODERATE,0.7851198315620422,1.1440134048461914
1633,1,MODERATE,0.6168997883796692,0.678313136100769
1634,1,MODERATE,0.5138915777206421,1.1438100337982178
1635,1,MODERATE,0.5446659326553345,0.8597036600112915
1636,1,MODERATE,0.6432980298995972,0.893251359462738
1637,1,MODERATE,0.536702573299408,1.1393909454345703
1638,1,MODERATE,0.688340961933136,1.06300950050354
1639,1,MODERATE,0.5572700500488281,0.8421907424926758
1640,1,MODERATE,0.6652108430862427,1.0744308233261108
1641,1,MODERATE,0.8269052505493164,1.1961618661880493
1642,1,MODERATE,0.6369353532791138,1.3200023174285889
1643,1,MODERATE,0.66199791431427,1.147937536239624
1644,1,MODERATE,0.6816117763519287,1.0428738594055176
1645,1,MODERATE,0.5455682873725891,0.6887109279632568
1646,1,MODERATE,0.7357733249664307,1.0303750038146973
1647,1,MODERATE,0.7371276617050171,1.1176822185516357
1648,1,MODERATE,0.6697387099266052,0.8372531533241272
1649,1,MODERATE,0.665382981300354,1.030547022819519
1650,1,MODERATE,0.4685683250427246,1.4465444087982178
1651,1,MODERATE,0.852699875831604,1.295818567276001
1652,1,MODERATE,0.6492771506309509,1.0197372436523438
1653,1,MODERATE,0.6535247564315796,1.0729995965957642
1654,1,MODERATE,0.7227457761764526,0.9844234585762024
1655,2,SEVERE,0.3653283417224884,2.0729241371154785
1656,1,MODERATE,0.7289009690284729,1.1395070552825928
1657,1,MODERATE,0.7083807587623596,1.0227798223495483
1658,1,MODERATE,0.6657093167304993,1.2766289710998535
1659,1,MODERATE,0.7348865270614624,1.050620436668396
1660,1,MODERATE,0.855542004108429,1.6765451431274414
1661,1,MODERATE,0.6840929985046387,1.3195319175720215
1662,1,MODERATE,0.8630683422088623,1.6708334684371948
1663,1,MODERATE,0.761009931564331,1.0534443855285645
1664,1,MODERATE,0.7242201566696167,1.2524958848953247
1665,1,MODERATE,0.7136061191558838,1.3290705680847168
1666,1,MODERATE,0.6608514189720154,1.2078139781951904
1667,1,MODERATE,0.7542237639427185,1.0431950092315674
1668,1,MODERATE,0.776415228843689,1.1659101247787476
1669,1,MODERATE,0.7493447661399841,1.2185522317886353
1670,1,MODERATE,0.7749801278114319,1.1681331396102905
1671,1,MODERATE,0.6826486587524414,1.0992611646652222
1672,1,MODERATE,0.764667272567749,1.0275378227233887
1673,1,MODERATE,0.8164705038070679,1.2235777378082275
1674,1,MODERATE,0.6272667050361633,0.8690904974937439
1675,1,MODERATE,0.8034539222717285,1.255616307258606
1676,1,MODERATE,0.6540217995643616,0.8179004788398743
1677,1,MODERATE,0.7750186920166016,1.0634535551071167
1678,1,MODERATE,0.5957704186439514,0.6322199106216431
1679,1,MODERATE,0.7744170427322388,1.036780834197998
1680,1,MODERATE,0.8098419904708862,1.256021499633789
1681,1,MODERATE,0.8337774276733398,1.4204730987548828
1682,1,MODERATE,0.8279539346694946,1.1879173517227173
1683,1,MODERATE,0.7471676468849182,1.222297191619873
1684,1,MODERATE,0.7635003328323364,1.0783112049102783
1685,1,MODERATE,0.6583841443061829,1.1508514881134033
1686,1,MODERATE,0.6729961633682251,1.0121896266937256
1687,1,MODERATE,0.6343512535095215,0.7635473608970642
1688,1,MODERATE,0.7174298763275146,1.1843115091323853
1689,1,MODERATE,0.579097330570221,0.7376900315284729
1690,1,MODERATE,0.624221682548523,1.2360023260116577
1691,1,MODERATE,0.7556256055831909,1.143683671951294
1692,1,MODERATE,0.671402096748352,1.1241552829742432
1693,1,MODERATE,0.5811734199523926,1.1463396549224854
1694,1,MODERATE,0.7270652055740356,0.9467687606811523
1695,1,MODERATE,0.5725175738334656,0.8350861072540283
1696,1,MODERATE,0.5319948792457581,0.6890217065811157
1697,1,MODERATE,0.6071577668190002,0.9996278285980225
1698,1,MODERATE,0.5352469682693481,1.0153042078018188
1699,1,MODERATE,0.5521673560142517,0.9329482913017273
1700,1,MODERATE,0.4797251224517822,1.270924687385559
1701,0,LOW,0.4926278591156006,1.0066884756088257
1702,1,MODERATE,0.6244547963142395,0.5752487778663635
1703,1,MODERATE,0.6382086277008057,0.8765780925750732
1704,1,MODERATE,0.6551355123519897,0.8889189958572388
1705,1,MODERATE,0.5980929732322693,0.9411256909370422
1706,0,LOW,0.5594038963317871,0.9873309135437012
1707,1,MODERATE,0.46226412057876587,1.0672791004180908
1708,0,LOW,0.5113613605499268,0.8923139572143555
1709,1,MODERATE,0.5881433486938477,0.7788380980491638
1710,1,MODERATE,0.5204139351844788,0.7908151149749756
1711,1,MODERATE,0.6435727477073669,0.7815502882003784
1712,0,LOW,0.49407926201820374,0.6006405353546143
1713,0,LOW,0.6332308650016785,0.8059731721878052
1714,0,LOW,0.484382688999176,0.6936710476875305
1715,1,MODERATE,0.5683831572532654,1.1420023441314697
1716,1,MODERATE,0.5065165162086487,0.5978198647499084
1717,0,LOW,0.6335468292236328,0.8599891066551208
1718,0,LOW,0.6128028035163879,0.9391204118728638
1719,0,LOW,0.7182793617248535,1.1951665878295898
1720,0,LOW,0.5655268430709839,1.1972110271453857
1721,0,LOW,0.6108136773109436,0.7506281137466431
1722,0,LOW,0.6488640308380127,0.8522531390190125
1723,0,LOW,0.727063000202179,0.9664506912231445
1724,0,LOW,0.5085616707801819,0.793091893196106
1725,0,LOW,0.5542280077934265,0.9282581806182861
1726,0,LOW,0.548456072807312,1.0412360429763794
1727,1,MODERATE,0.5912408232688904,1.2845324277877808
1728,0,LOW,0.5873064398765564,0.5421614646911621
1729,0,LOW,0.5807422399520874,0.7788963317871094
1730,0,LOW,0.5348561406135559,0.6439776420593262
1731,0,LOW,0.5060707926750183,0.4954392910003662
1732,0,LOW,0.4851420819759369,0.605655312538147
1733,0,LOW,0.42824268341064453,0.4971916973590851
1734,1,MODERATE,0.5644830465316772,1.036442756652832
1735,2,SEVERE,0.5275428891181946,1.6828112602233887
1736,2,SEVERE,0.7668691277503967,2.0747768878936768
1737,0,LOW,0.6666234135627747,1.1576719284057617
1738,1,MODERATE,0.47645285725593567,0.736630380153656
1739,0,LOW,0.34440815448760986,0.3784516155719757
1740,0,LOW,0.4323856830596924,0.47306230664253235
1741,0,LOW,0.4458105266094208,0.6053941249847412
1742,0,LOW,0.4148372709751129,0.3745964765548706
1743,0,LOW,0.4363401532173157,0.7938416600227356
1744,1,MODERATE,0.3995060622692108,0.5868919491767883
1745,0,LOW,0.4340425729751587,0.5450992584228516
1746,2,SEVERE,0.3893129825592041,1.0008565187454224
1747,2,SEVERE,0.4052230417728424,0.9007251858711243
1748,0,LOW,0.3695119321346283,0.37895750999450684
1749,0,LOW,0.6544503569602966,0.9828025102615356
1750,0,LOW,0.3739602565765381,0.2832042872905731
1751,2,SEVERE,0.3404487371444702,0.8755006194114685
1752,2,SEVERE,0.6854296922683716,1.945414662361145
1753,1,MODERATE,0.41448304057121277,0.5975227355957031
1754,2,SEVERE,0.4677606523036957,0.9074438810348511
1755,2,SEVERE,0.35981544852256775,0.9081935286521912
1756,2,SEVERE,0.46811115741729736,0.8693277835845947
1757,2,SEVERE,0.43198883533477783,0.8005058765411377
1758,1,MODERATE,0.4023095965385437,0.6458953619003296
1759,2,SEVERE,0.5106139183044434,0.9487997889518738
1760,1,MODERATE,0.46218326687812805,1.0142515897750854
1761,2,SEVERE,0.47657307982444763,0.8671043515205383
1762,1,MODERATE,0.4155736565589905,0.8167378902435303
1763,2,SEVERE,0.48623859882354736,1.1050868034362793
1764,2,SEVERE,0.39664560556411743,1.294739007949829
1765,2,SEVERE,0.4190368950366974,1.070136308670044
1766,2,SEVERE,0.3841438591480255,1.3451156616210938
1767,2,SEVERE,0.501575767993927,1.044475793838501
1768,2,SEVERE,0.649501383304596,1.2582145929336548
1769,2,SEVERE,0.4354887902736664,1.0909239053726196
1770,2,SEVERE,0.5799582004547119,1.1371229887008667
1771,2,SEVERE,0.5825156569480896,1.1026469469070435
1772,2,SEVERE,0.5761615633964539,1.102646827697754
1773,2,SEVERE,0.4628553092479706,1.0656886100769043
1774,2,SEVERE,0.46745729446411133,1.1091060638427734
1775,1,MODERATE,0.5077130794525146,1.3626248836517334
1776,2,SEVERE,0.5654256939888,1.158927083015442
1777,2,SEVERE,0.42403385043144226,1.1542936563491821
1778,2,SEVERE,0.5816105008125305,1.1255249977111816
1779,2,SEVERE,0.4357854127883911,1.3877577781677246
1780,2,SEVERE,0.509231686592102,1.0475186109542847
1781,2,SEVERE,0.6015834212303162,1.1422615051269531
1782,1,MODERATE,0.567438006401062,1.1909637451171875
1783,2,SEVERE,0.5505917072296143,1.1350144147872925
1784,0,LOW,0.5991931557655334,1.571609377861023
1785,2,SEVERE,0.5573323965072632,1.19347083568573
1786,2,SEVERE,0.5834912061691284,1.2296154499053955
1787,2,SEVERE,0.6553232669830322,1.205245852470398
1788,2,SEVERE,0.45294809341430664,1.1096444129943848
1789,2,SEVERE,0.8117741942405701,2.1887428760528564
1790,2,SEVERE,0.5036042332649231,1.091637372970581
1791,2,SEVERE,0.6020864248275757,1.1195939779281616
1792,1,MODERATE,0.504364550113678,1.271392822265625
1793,2,SEVERE,0.42987823486328125,1.079176902770996
1794,2,SEVERE,0.4879181981086731,0.9918889403343201
1795,2,SEVERE,0.574927806854248,1.011700987815857
1796,2,SEVERE,0.434566855430603,1.068105936050415
1797,2,SEVERE,0.5436550378799438,1.0582218170166016
1798,2,SEVERE,0.5784512758255005,1.0775573253631592
1799,1,MODERATE,0.4451865255832672,0.762174129486084
1800,0,LOW,0.547616720199585,1.425103783607483
1801,0,LOW,0.4089276194572449,0.7775546312332153
1802,2,SEVERE,0.34938475489616394,1.1483688354492188
1803,1,MODERATE,0.7231912612915039,1.136155605316162
1804,2,SEVERE,0.506898045539856,1.1733579635620117
1805,2,SEVERE,0.4392937123775482,0.9564050436019897
1806,2,SEVERE,0.36028850078582764,0.9847999811172485
1807,0,LOW,0.6430326104164124,1.3777788877487183
1808,1,MODERATE,0.41838234663009644,0.5731075406074524
1809,0,LOW,0.42604875564575195,0.747645914554596
1810,1,MODERATE,0.38476407527923584,0.6430435180664062
1811,2,SEVERE,0.4359610974788666,0.9207553267478943
1812,1,MODERATE,0.42953628301620483,0.6344879269599915
1813,2,SEVERE,0.3553958833217621,0.8259532451629639
1814,1,MODERATE,0.34493499994277954,0.6386600732803345
1815,1,MODERATE,0.615669310092926,1.0835626125335693
1816,2,SEVERE,0.4338304102420807,0.9614704251289368
1817,2,SEVERE,0.3766134977340698,0.838973879814148
1818,2,SEVERE,0.7284416556358337,1.7922179698944092
1819,0,LOW,0.3944496214389801,1.1317826509475708
1820,0,LOW,0.44081082940101624,0.9293017387390137
1821,1,MODERATE,0.4319104850292206,0.7290527820587158
1822,1,MODERATE,0.3684956729412079,0.6457558274269104
1823,1,MODERATE,0.4170280396938324,0.6695734858512878
1824,1,MODERATE,0.5439954400062561,0.7863262295722961
1825,2,SEVERE,0.3648119568824768,0.8611745834350586
1826,0,LOW,0.38989442586898804,0.2557809054851532
1827,0,LOW,0.4822461009025574,0.9855434894561768
1828,0,LOW,0.3874566853046417,0.4721967577934265
1829,1,MODERATE,0.3646840453147888,0.6772735118865967
1830,1,MODERATE,0.4409341812133789,0.6234586834907532
1831,1,MODERATE,0.5500984191894531,0.6307837963104248
1832,1,MODERATE,0.6885331869125366,0.9888272285461426
1833,0,LOW,0.4990767538547516,0.8960871696472168
1834,0,LOW,0.3756612539291382,0.20308692753314972
1835,1,MODERATE,0.44966593384742737,0.5969349145889282
1836,0,LOW,0.4266103506088257,0.3020615577697754
1837,0,LOW,0.4148181080818176,0.24039550125598907
1838,1,MODERATE,0.4613630771636963,0.5823603868484497
1839,1,MODERATE,0.4097694158554077,0.6258698105812073
1840,0,LOW,0.3973945677280426,0.40180087089538574
1841,1,MODERATE,0.45968732237815857,0.6417773365974426
1842,1,MODERATE,0.39850181341171265,0.6145115494728088
1843,2,SEVERE,0.7311566472053528,1.7399799823760986
1844,0,LOW,0.39975836873054504,0.35430029034614563
1845,0,LOW,0.41177451610565186,0.3649928867816925
1846,1,MODERATE,0.5997663140296936,0.8123116493225098
1847,1,MODERATE,0.44760793447494507,0.6165434718132019
1848,1,MODERATE,0.42273789644241333,0.5771173238754272
1849,0,LOW,0.5383544564247131,0.7220230102539062
1850,1,MODERATE,0.47777292132377625,0.5622810125350952
1851,0,LOW,0.592326819896698,0.46983999013900757
1852,0,LOW,0.6912738084793091,1.532428503036499
1853,1,MODERATE,0.6167948842048645,1.0238063335418701
1854,0,LOW,0.4298131465911865,0.2879781424999237
1855,2,SEVERE,0.5075222849845886,1.575743556022644
1856,1,MODERATE,0.39797112345695496,0.4694643020629883
1857,0,LOW,0.40961480140686035,0.34145087003707886
1858,0,LOW,0.39930784702301025,0.3782460689544678
1859,1,MODERATE,0.48253148794174194,0.8589119911193848
1860,0,LOW,0.6243129372596741,1.0795692205429077
1861,0,LOW,0.4411965608596802,0.46269166469573975
1862,2,SEVERE,0.7553208470344543,1.7849700450897217
1863,1,MODERATE,0.39490142464637756,0.588826596736908
1864,0,LOW,0.594221293926239,1.0871469974517822
1865,1,MODERATE,0.4992828071117401,0.6467304229736328
1866,1,MODERATE,0.4574565291404724,0.6841611862182617
1867,0,LOW,0.6646787524223328,1.2767707109451294
1868,1,MODERATE,0.5318139791488647,0.6550999879837036
1869,0,LOW,0.355374276638031,0.5445501804351807
1870,0,LOW,0.41906288266181946,0.5504438877105713
1871,0,LOW,0.5867171287536621,1.3001582622528076
1872,1,MODERATE,0.5152459144592285,0.6598378419876099
1873,1,MODERATE,0.44369810819625854,0.5297581553459167
1874,1,MODERATE,0.39548009634017944,0.6528218984603882
1875,1,MODERATE,0.4457159638404846,0.607737123966217
1876,0,LOW,0.47456809878349304,0.6326103806495667
1877,0,LOW,0.343063622713089,0.3176787495613098
1878,1,MODERATE,0.5980116724967957,0.8201813697814941
1879,1,MODERATE,0.6896350383758545,1.2563323974609375
1880,0,LOW,0.42684146761894226,0.5884559154510498
1881,0,LOW,0.7580540180206299,1.4784586429595947
1882,0,LOW,0.45480406284332275,0.40372127294540405
1883,1,MODERATE,0.3977496325969696,0.7278003692626953
1884,1,MODERATE,0.43874043226242065,0.5862257480621338
1885,1,MODERATE,0.4101119935512543,0.6754411458969116
1886,1,MODERATE,0.4222794771194458,0.6754411458969116
1887,0,LOW,0.5153864622116089,0.7376272678375244
1888,1,MODERATE,0.6837412118911743,1.242776870727539
1889,0,LOW,0.5188270807266235,0.3083498477935791
1890,1,MODERATE,0.46542587876319885,0.7992943525314331
1891,1,MODERATE,0.48268380761146545,0.6526623368263245
1892,1,MODERATE,0.49446046352386475,0.6615849137306213
1893,1,MODERATE,0.42037707567214966,0.6951930522918701
1894,1,MODERATE,0.516171395778656,0.6036466360092163
1895,1,MODERATE,0.43105435371398926,0.6025757193565369
1896,0,LOW,0.5622444748878479,0.3518064618110657
1897,1,MODERATE,0.5037604570388794,0.6399200558662415
1898,1,MODERATE,0.5268762707710266,0.847484290599823
1899,0,LOW,0.6734702587127686,1.4447327852249146
1900,0,LOW,0.4702070355415344,0.33396461606025696
1901,0,LOW,0.4702070355415344,0.33396461606025696
1902,0,LOW,0.4811275601387024,0.4344467520713806
1903,0,LOW,0.4743185341358185,0.3820996582508087
1904,0,LOW,0.39835628867149353,0.2986833155155182
1905,0,LOW,0.38427969813346863,0.25532782077789307
1906,0,LOW,0.4207763671875,0.29247939586639404
1907,1,MODERATE,0.4520014524459839,0.6140990257263184
1908,0,LOW,0.4651067554950714,0.5090870261192322
1909,0,LOW,0.5219987630844116,0.862899124622345
1910,1,MODERATE,0.42754554748535156,0.6556922197341919
1911,0,LOW,0.4239352345466614,0.39727556705474854
1912,0,LOW,0.3966350257396698,0.23861011862754822
1913,1,MODERATE,0.4095414876937866,0.5864507555961609
1914,0,LOW,0.5328293442726135,0.8949354887008667
1915,1,MODERATE,0.4329497814178467,0.6151906251907349
1916,0,LOW,0.43402621150016785,0.35049015283584595
1917,2,SEVERE,0.7278226017951965,1.8958256244659424
1918,0,LOW,0.4140221178531647,0.2344023436307907
1919,2,SEVERE,0.3424282670021057,0.5021262764930725
1920,1,MODERATE,0.3986818492412567,0.4928835332393646
1921,0,LOW,0.47375524044036865,0.4529819190502167
1922,0,LOW,0.6738438606262207,1.1789491176605225
1923,1,MODERATE,0.6791516542434692,0.7983355522155762
1924,0,LOW,0.3792654871940613,0.21664951741695404
1925,0,LOW,0.4237506687641144,0.30013182759284973
1926,1,MODERATE,0.42116981744766235,0.7019147872924805
1927,0,LOW,0.5326254963874817,0.6536341309547424
1928,1,MODERATE,0.4755497872829437,0.7324066758155823
1929,2,SEVERE,0.3940509855747223,0.9208155870437622
1930,0,LOW,0.46335142850875854,0.7372269034385681
1931,1,MODERATE,0.3904949724674225,0.47002866864204407
1932,0,LOW,0.3662002980709076,0.27975794672966003
1933,2,SEVERE,0.7103039026260376,1.6362175941467285
1934,2,SEVERE,0.3565215468406677,0.5687186121940613
1935,2,SEVERE,0.3752971887588501,0.6033234596252441
1936,2,SEVERE,0.365486741065979,0.5694803595542908
1937,1,MODERATE,0.3796774446964264,0.5940372347831726
1938,1,MODERATE,0.3426936864852905,0.6774560213088989
1939,1,MODERATE,0.5034844875335693,0.9004048705101013
1940,1,MODERATE,0.3816649615764618,0.5501968860626221
1941,1,MODERATE,0.467124342918396,0.6239572763442993
1942,2,SEVERE,0.6235027313232422,1.3207627534866333
1943,1,MODERATE,0.45167919993400574,0.6354042291641235
1944,1,MODERATE,0.5305505394935608,1.0697191953659058
1945,1,MODERATE,0.34833699464797974,0.6481940746307373
1946,2,SEVERE,0.5500621795654297,0.9381455779075623
1947,2,SEVERE,0.5526285171508789,0.9139835238456726
1948,0,LOW,0.3437231779098511,0.9688844680786133
1949,2,SEVERE,0.4527500867843628,0.9410103559494019
1950,1,MODERATE,0.4589589238166809,0.817010760307312
1951,2,SEVERE,0.3835269808769226,1.2959717512130737
1952,2,SEVERE,0.5502119064331055,1.1323930025100708
1953,2,SEVERE,0.6298602819442749,1.071916937828064
1954,2,SEVERE,0.6118829250335693,1.1501026153564453
1955,2,SEVERE,0.6724649667739868,1.2020676136016846
1956,2,SEVERE,0.46090802550315857,1.4788987636566162
1957,2,SEVERE,0.6610062122344971,1.2209336757659912
1958,2,SEVERE,0.5974248647689819,1.176744818687439
1959,2,SEVERE,0.6704519987106323,1.2109687328338623
1960,2,SEVERE,0.648795485496521,1.267462968826294
1961,2,SEVERE,0.8433685898780823,1.6987055540084839
1962,2,SEVERE,0.3965407609939575,1.5677833557128906
1963,2,SEVERE,0.5810316801071167,1.1878734827041626
1964,2,SEVERE,0.7104389071464539,1.4033223390579224
1965,2,SEVERE,0.40374794602394104,1.5562100410461426
1966,2,SEVERE,0.6763131022453308,1.2223641872406006
1967,2,SEVERE,0.6944364905357361,1.2601679563522339
1968,2,SEVERE,0.5960456132888794,1.299164891242981
1969,0,LOW,0.5690959692001343,1.8172175884246826
1970,2,SEVERE,0.543048620223999,1.5904465913772583
1971,2,SEVERE,0.5966799855232239,1.5253620147705078
1972,2,SEVERE,0.5992338061332703,1.39380943775177
1973,2,SEVERE,0.5948304533958435,1.3832837343215942
1974,2,SEVERE,0.6792265772819519,1.3264553546905518
1975,2,SEVERE,0.7571816444396973,1.43654203414917
1976,2,SEVERE,0.6762674450874329,1.349287509918213
1977,2,SEVERE,0.6670739650726318,1.322526216506958
1978,2,SEVERE,0.6382148861885071,1.354475975036621
1979,2,SEVERE,0.7808102965354919,1.477674961090088
1980,2,SEVERE,0.6628983020782471,1.344922423362732
1981,2,SEVERE,0.8927906155586243,2.029062271118164
1982,2,SEVERE,0.5173527002334595,1.5818655490875244
1983,2,SEVERE,0.48844003677368164,1.932370901107788
1984,2,SEVERE,0.7432034611701965,1.3082752227783203
1985,2,SEVERE,0.5975375175476074,1.5563479661941528
1986,2,SEVERE,0.5345683693885803,1.686574935913086
1987,2,SEVERE,0.5491949319839478,1.6516845226287842
1988,2,SEVERE,0.7250261902809143,1.362558126449585
1989,2,SEVERE,0.7271848320960999,1.3500310182571411
1990,2,SEVERE,0.4804806709289551,1.667651653289795
1991,2,SEVERE,0.5542827248573303,1.6470558643341064
1992,2,SEVERE,0.628097653388977,1.4764848947525024
1993,2,SEVERE,0.6251054406166077,1.3584859371185303
1994,2,SEVERE,0.6399627327919006,1.5028120279312134
1995,2,SEVERE,0.7532836198806763,1.310981273651123
1996,2,SEVERE,0.5849117040634155,1.5180752277374268
1997,2,SEVERE,0.8327242732048035,1.5256450176239014
1998,2,SEVERE,0.7083288431167603,1.36677885055542
1999,2,SEVERE,0.7460646629333496,1.400992512702942
2000,2,SEVERE,0.7172104120254517,1.3115450143814087
2001,2,SEVERE,0.6775200963020325,1.4004144668579102
2002,2,SEVERE,0.6312571167945862,1.4268895387649536
2003,2,SEVERE,0.7377168536186218,1.3925316333770752
2004,2,SEVERE,0.7379482984542847,1.499090313911438
2005,2,SEVERE,0.514976441860199,1.7368595600128174
2006,2,SEVERE,0.7105458378791809,1.4238942861557007
2007,2,SEVERE,0.8047618269920349,1.516367793083191
2008,2,SEVERE,0.5184379816055298,1.470829725265503
2009,2,SEVERE,0.7350432276725769,1.3658277988433838
2010,2,SEVERE,0.7564890384674072,1.3633778095245361
2011,2,SEVERE,0.8268083333969116,1.6132922172546387
2012,2,SEVERE,0.587175190448761,1.6897270679473877
2013,2,SEVERE,0.8062263131141663,1.5925780534744263
2014,0,LOW,0.4510074555873871,2.0013370513916016
2015,2,SEVERE,0.6416263580322266,1.5197010040283203
2016,2,SEVERE,0.7523514032363892,1.515557885169983
2017,2,SEVERE,0.9127912521362305,2.2950210571289062
2018,0,LOW,0.43077409267425537,1.9569566249847412
2019,2,SEVERE,0.7661172151565552,1.4792007207870483
2020,2,SEVERE,0.653073251247406,1.5231757164001465
2021,2,SEVERE,0.7745813131332397,1.6636658906936646
2022,2,SEVERE,0.8676027655601501,1.9857306480407715
2023,2,SEVERE,0.7966276407241821,1.6990717649459839
2024,2,SEVERE,0.6389697790145874,1.3009655475616455
2025,2,SEVERE,0.7188183665275574,1.4604929685592651
2026,2,SEVERE,0.44212955236434937,1.6362495422363281
2027,2,SEVERE,0.569010853767395,1.3972535133361816
2028,1,MODERATE,0.620627760887146,1.7995352745056152
2029,2,SEVERE,0.47921720147132874,1.2180670499801636
2030,2,SEVERE,0.5513767004013062,1.292760968208313
2031,2,SEVERE,0.6215800046920776,1.3486831188201904
2032,2,SEVERE,0.5620388388633728,1.4280521869659424
2033,2,SEVERE,0.6879676580429077,1.2934597730636597
2034,1,MODERATE,0.48590850830078125,0.9720008373260498
2035,2,SEVERE,0.3458652198314667,1.6169142723083496
2036,2,SEVERE,0.670305073261261,1.2275965213775635
2037,2,SEVERE,0.6941168308258057,1.362933874130249
2038,1,MODERATE,0.4249567985534668,0.809110701084137
2039,2,SEVERE,0.5523816347122192,1.395641803741455
2040,2,SEVERE,0.4741634130477905,1.1953260898590088
2041,2,SEVERE,0.5704429745674133,1.330118179321289
2042,2,SEVERE,0.6792014241218567,1.2588863372802734
2043,2,SEVERE,0.8827541470527649,2.2288076877593994
2044,1,MODERATE,0.37355294823646545,0.805550217628479
2045,2,SEVERE,0.735162615776062,1.7641289234161377
2046,2,SEVERE,0.6678497195243835,1.3208874464035034
2047,2,SEVERE,0.5720341205596924,1.2301692962646484
2048,1,MODERATE,0.6690704822540283,1.6270183324813843
2049,2,SEVERE,0.41444939374923706,1.5051802396774292
2050,2,SEVERE,0.45990291237831116,1.2010563611984253
2051,2,SEVERE,0.4207579791545868,1.3825883865356445
2052,1,MODERATE,0.4199050962924957,0.7725491523742676
2053,0,LOW,0.568428635597229,2.0454134941101074
2054,2,SEVERE,0.5699144005775452,1.2540638446807861
2055,2,SEVERE,0.49274197220802307,1.3384511470794678
2056,1,MODERATE,0.4670359790325165,0.8759241104125977
2057,2,SEVERE,0.4590551257133484,1.179368495941162
2058,1,MODERATE,0.3405696153640747,0.787304162979126
2059,0,LOW,0.4414408206939697,0.9726473689079285
2060,2,SEVERE,0.3843642473220825,1.0840198993682861
2061,0,LOW,0.46056610345840454,1.0258632898330688
2062,1,MODERATE,0.3846591114997864,0.7118391990661621
2063,0,LOW,0.514445424079895,1.5372003316879272
2064,0,LOW,0.4426916837692261,0.6166931986808777
2065,0,LOW,0.3992496728897095,0.5453885793685913
2066,0,LOW,0.48098570108413696,0.5494474768638611
2067,0,LOW,0.5218765735626221,0.4314796030521393
2068,0,LOW,0.4481191635131836,0.5566753149032593
2069,0,LOW,0.5544642806053162,0.5487931966781616
2070,1,MODERATE,0.40347450971603394,0.8337903022766113
2071,0,LOW,0.5648826360702515,0.5900401473045349
2072,0,LOW,0.5269289612770081,0.6523285508155823
2073,0,LOW,0.5207747220993042,0.5818308591842651
2074,0,LOW,0.6041625142097473,0.690971851348877
2075,0,LOW,0.6447594165802002,1.0827512741088867
2076,2,SEVERE,0.5483977794647217,1.5254244804382324
2077,0,LOW,0.4658243656158447,0.558803141117096
2078,0,LOW,0.7706707119941711,1.456176996231079
2079,0,LOW,0.5438929796218872,0.5094938278198242
2080,0,LOW,0.5937160849571228,0.8030343055725098
2081,0,LOW,0.45430901646614075,0.5470463037490845
2082,1,MODERATE,0.5781260132789612,0.8747717142105103
2083,0,LOW,0.5661798119544983,0.5744253396987915
2084,0,LOW,0.5704971551895142,0.6043710708618164
2085,0,LOW,0.538123369216919,0.6353660821914673
2086,0,LOW,0.7007186412811279,0.7322251796722412
2087,0,LOW,0.6392215490341187,0.8233177065849304
2088,0,LOW,0.6523921489715576,0.8574876189231873
2089,0,LOW,0.6012267470359802,0.7869611978530884
2090,0,LOW,0.7718610763549805,1.0213675498962402
2091,0,LOW,0.7095217704772949,0.9257652163505554
2092,0,LOW,0.6870949268341064,0.8638889789581299
2093,0,LOW,0.6816984415054321,0.9998306035995483
2094,0,LOW,0.7015994191169739,0.8615872859954834
2095,0,LOW,0.6758399605751038,0.8190869688987732
2096,0,LOW,0.5558229088783264,1.1610643863677979
2097,1,MODERATE,0.5463601350784302,0.9889923930168152
2098,0,LOW,0.7894734144210815,1.2374112606048584
2099,0,LOW,0.5682410001754761,0.8238510489463806
2100,0,LOW,0.8537143468856812,1.7976195812225342
2101,0,LOW,0.6309065222740173,0.6431810855865479
2102,1,MODERATE,0.6215231418609619,0.9976353645324707
2103,0,LOW,0.6990432143211365,1.0699796676635742
2104,1,MODERATE,0.7778276205062866,1.294429063796997
2105,0,LOW,0.6571847796440125,1.2481141090393066
2106,0,LOW,0.6062453389167786,1.2201067209243774
2107,1,MODERATE,0.7260079979896545,1.298507809638977
2108,0,LOW,0.549340009689331,0.6094071865081787
2109,0,LOW,0.6137833595275879,0.6145163178443909
2110,0,LOW,0.8348755240440369,1.6130316257476807
2111,0,LOW,0.5944148898124695,0.827730119228363
2112,0,LOW,0.758755624294281,1.1485956907272339
2113,0,LOW,0.8166326880455017,1.1599735021591187
2114,1,MODERATE,0.5210509300231934,0.9448055028915405
2115,0,LOW,0.755281925201416,0.9353549480438232
2116,0,LOW,0.5955154299736023,1.2030833959579468
2117,1,MODERATE,0.5072873830795288,0.6763241291046143
2118,0,LOW,0.7521355152130127,1.0545876026153564
2119,0,LOW,0.5915418863296509,1.2073235511779785
2120,0,LOW,0.7367701530456543,0.9956707954406738
2121,0,LOW,0.5546654462814331,1.1548306941986084
2122,1,MODERATE,0.6232612729072571,1.0400665998458862
2123,0,LOW,0.6157158613204956,0.9686287045478821
2124,0,LOW,0.6658198237419128,0.941744327545166
2125,0,LOW,0.5721614956855774,0.8186679482460022
2126,0,LOW,0.6870155930519104,1.0371167659759521
2127,0,LOW,0.7544852495193481,1.1928832530975342
2128,0,LOW,0.6372485160827637,0.8985943794250488
2129,0,LOW,0.6611625552177429,0.8366410732269287
2130,0,LOW,0.6357645988464355,0.9410581588745117
2131,0,LOW,0.6444032192230225,0.9728403687477112
2132,0,LOW,0.6386228799819946,0.8344036340713501
2133,0,LOW,0.6954506039619446,1.0311635732650757
2134,1,MODERATE,0.517440140247345,0.5554648041725159
2135,0,LOW,0.633289635181427,0.6471901535987854
2136,0,LOW,0.5288103222846985,0.5936734676361084
2137,0,LOW,0.8583468794822693,1.4046120643615723
2138,0,LOW,0.5674739480018616,1.3392868041992188
2139,1,MODERATE,0.5581506490707397,1.0246753692626953
2140,0,LOW,0.8326961994171143,1.7851383686065674
2141,0,LOW,0.692821741104126,1.189072608947754
2142,0,LOW,0.6660078167915344,1.173886775970459
2143,1,MODERATE,0.4950113594532013,0.7085336446762085
2144,0,LOW,0.543541431427002,0.9284260272979736
2145,0,LOW,0.8313995599746704,1.2908976078033447
2146,0,LOW,0.6594368815422058,0.9813079833984375
2147,0,LOW,0.5683289170265198,0.9533641934394836
2148,0,LOW,0.7617185115814209,1.3081861734390259
2149,0,LOW,0.6534920930862427,0.8317906260490417
2150,1,MODERATE,0.524257481098175,0.6981897354125977
2151,0,LOW,0.716223418712616,1.7035695314407349
2152,0,LOW,0.7106255292892456,1.200284481048584
2153,0,LOW,0.7061609029769897,0.9191302061080933
2154,0,LOW,0.511111855506897,1.0701760053634644
2155,0,LOW,0.6290706396102905,1.1152534484863281
2156,0,LOW,0.712228000164032,1.3277337551116943
2157,0,LOW,0.7185291647911072,0.8847005367279053
2158,0,LOW,0.5973894000053406,0.8774616718292236
2159,0,LOW,0.5727322101593018,0.8341013193130493
2160,0,LOW,0.6174176335334778,0.9313921928405762
2161,0,LOW,0.5034515857696533,0.7930755019187927
2162,0,LOW,0.7428996562957764,1.446792483329773
2163,0,LOW,0.5422435402870178,1.1764129400253296
2164,0,LOW,0.5962991714477539,1.047021508216858
2165,1,MODERATE,0.4954304099082947,1.2366104125976562
2166,0,LOW,0.4872073233127594,0.7096728086471558
2167,0,LOW,0.5744498372077942,0.8625825643539429
2168,0,LOW,0.5501354932785034,1.0467292070388794
2169,1,MODERATE,0.5280775427818298,0.6432419419288635
2170,1,MODERATE,0.7291898727416992,1.1239246129989624
2171,1,MODERATE,0.5345190763473511,0.6344975233078003
2172,1,MODERATE,0.528261661529541,0.866913914680481
2173,1,MODERATE,0.559181272983551,1.0922836065292358
2174,0,LOW,0.6007788181304932,1.0583453178405762
2175,0,LOW,0.5705703496932983,0.9077223539352417
2176,1,MODERATE,0.5646779537200928,0.8598368763923645
2177,1,MODERATE,0.5384230613708496,0.6509650945663452
2178,0,LOW,0.5602197051048279,0.8267596960067749
2179,1,MODERATE,0.5608677864074707,0.6029254794120789
2180,1,MODERATE,0.555591344833374,0.9007184505462646
2181,1,MODERATE,0.6672657132148743,0.9554392695426941
2182,1,MODERATE,0.4931267201900482,0.8430586457252502
2183,1,MODERATE,0.6213788986206055,0.6489262580871582
2184,1,MODERATE,0.49329060316085815,0.5976073145866394
2185,1,MODERATE,0.7689192295074463,1.4727776050567627
2186,1,MODERATE,0.5969390869140625,0.8281893730163574
2187,1,MODERATE,0.6241382956504822,1.103963851928711
2188,1,MODERATE,0.5547068119049072,1.048409342765808
2189,1,MODERATE,0.5289881229400635,0.6417518854141235
2190,1,MODERATE,0.5975317358970642,0.9286723136901855
2191,0,LOW,0.5011371374130249,0.746651291847229
2192,1,MODERATE,0.5163015127182007,0.9714820981025696
2193,1,MODERATE,0.7836899161338806,0.9721036553382874
2194,1,MODERATE,0.5387343168258667,0.6695151329040527
2195,0,LOW,0.5306859612464905,0.9772234559059143
2196,1,MODERATE,0.6133852005004883,1.0414022207260132
2197,1,MODERATE,0.6352012157440186,0.5509803891181946
2198,1,MODERATE,0.4948374927043915,0.8850970268249512
2199,0,LOW,0.598217785358429,0.6174097657203674
2200,1,MODERATE,0.4792848825454712,0.6606648564338684
2201,1,MODERATE,0.6549265384674072,0.8880004286766052
2202,1,MODERATE,0.620638370513916,1.3262054920196533
2203,1,MODERATE,0.5233110189437866,0.5835781693458557
2204,1,MODERATE,0.680600643157959,0.8894567489624023
2205,1,MODERATE,0.5895498991012573,1.1029987335205078
2206,1,MODERATE,0.7143896818161011,1.1611946821212769
2207,1,MODERATE,0.817676305770874,1.3610644340515137
2208,1,MODERATE,0.5937517881393433,0.9972450733184814
2209,1,MODERATE,0.7599553465843201,1.0512834787368774
2210,1,MODERATE,0.7110801339149475,1.1841328144073486
2211,1,MODERATE,0.6925711631774902,1.0378272533416748
2212,1,MODERATE,0.7338813543319702,1.1257668733596802
2213,1,MODERATE,0.6371912956237793,0.8736279010772705
2214,1,MODERATE,0.7666674256324768,1.0684936046600342
2215,1,MODERATE,0.7443161010742188,1.2761621475219727
2216,1,MODERATE,0.6617522239685059,1.1010888814926147
2217,1,MODERATE,0.8380327224731445,1.2305033206939697
2218,1,MODERATE,0.6613428592681885,0.8584771752357483
2219,1,MODERATE,0.6321289539337158,1.3692268133163452
2220,1,MODERATE,0.7997093200683594,1.1329514980316162
2221,1,MODERATE,0.627741277217865,1.2767295837402344
2222,1,MODERATE,0.7360952496528625,1.137961745262146
2223,1,MODERATE,0.8127291798591614,1.4207075834274292
2224,1,MODERATE,0.7703046202659607,1.240598201751709
2225,1,MODERATE,0.4967111647129059,1.604145884513855
2226,1,MODERATE,0.8315902352333069,1.5020172595977783
2227,1,MODERATE,0.8016889691352844,1.0876774787902832
2228,1,MODERATE,0.8218377232551575,1.2631726264953613
2229,1,MODERATE,0.7332301735877991,1.4675929546356201
2230,1,MODERATE,0.7623136043548584,1.0851423740386963
2231,1,MODERATE,0.7224485874176025,1.1060577630996704
2232,1,MODERATE,0.7371193766593933,1.1730966567993164
2233,1,MODERATE,0.78141188621521,1.0513166189193726
2234,1,MODERATE,0.7250998020172119,1.3698382377624512
2235,1,MODERATE,0.7084416151046753,1.3162298202514648
2236,1,MODERATE,0.8415650725364685,1.244271159172058
2237,1,MODERATE,0.7632454633712769,0.8554627895355225
2238,1,MODERATE,0.7681331038475037,1.213388204574585
2239,1,MODERATE,0.6650714874267578,0.8934129476547241
2240,1,MODERATE,0.7252579927444458,1.356250524520874
2241,1,MODERATE,0.7735811471939087,1.1369531154632568
2242,1,MODERATE,0.6387838125228882,0.8360063433647156
2243,1,MODERATE,0.7605571746826172,1.0456950664520264
2244,1,MODERATE,0.6302875280380249,0.8002825975418091
2245,1,MODERATE,0.7136381268501282,1.0798834562301636
2246,1,MODERATE,0.6477391123771667,1.311479091644287
2247,1,MODERATE,0.6831360459327698,1.3880465030670166
2248,1,MODERATE,0.6624355316162109,1.174743890762329
2249,1,MODERATE,0.8041937947273254,1.2627521753311157
2250,1,MODERATE,0.83363938331604,1.2626707553863525
2251,1,MODERATE,0.7408193349838257,0.9932723045349121
2252,1,MODERATE,0.6373026967048645,1.191782832145691
2253,1,MODERATE,0.7244604825973511,1.0375714302062988
2254,1,MODERATE,0.6479105353355408,1.2818135023117065
2255,1,MODERATE,0.7387969493865967,0.9675566554069519
2256,1,MODERATE,0.7024891376495361,1.0030933618545532
2257,1,MODERATE,0.6427471041679382,1.000420093536377
2258,1,MODERATE,0.6602643132209778,0.9713233709335327
2259,1,MODERATE,0.6974819898605347,0.9826679229736328
2260,1,MODERATE,0.6727908253669739,1.011592149734497
2261,1,MODERATE,0.6737226843833923,0.9467546939849854
2262,1,MODERATE,0.6953075528144836,0.9930270314216614
2263,1,MODERATE,0.5334453582763672,0.5861544013023376
2264,1,MODERATE,0.573199987411499,1.0735464096069336
2265,1,MODERATE,0.6849521398544312,1.0449367761611938
2266,1,MODERATE,0.6920093894004822,1.0488237142562866
2267,1,MODERATE,0.7810056209564209,1.2179380655288696
2268,1,MODERATE,0.8293906450271606,1.1461831331253052
2269,1,MODERATE,0.5435190200805664,1.1961264610290527
2270,0,LOW,0.618634045124054,0.3774119019508362
2271,1,MODERATE,0.6281930804252625,0.8886622786521912
2272,0,LOW,0.5007938742637634,0.8183896541595459
2273,1,MODERATE,0.7364030480384827,1.1651086807250977
2274,1,MODERATE,0.5267072319984436,0.7061462998390198
2275,1,MODERATE,0.6395887136459351,0.8639348149299622
2276,1,MODERATE,0.5352628827095032,0.5973460078239441
2277,1,MODERATE,0.5378990173339844,0.7341181635856628
2278,1,MODERATE,0.5080931782722473,0.6536602973937988
2279,1,MODERATE,0.5359609127044678,0.5535904169082642
2280,1,MODERATE,0.6151889562606812,0.6610530018806458
2281,0,LOW,0.5575642585754395,0.951479434967041
2282,0,LOW,0.5828409194946289,0.7300669550895691
2283,0,LOW,0.7680959105491638,1.5313881635665894
2284,0,LOW,0.6440999507904053,0.916267991065979
2285,0,LOW,0.7444996237754822,0.8632588386535645
2286,0,LOW,0.6303932070732117,0.8972638845443726
2287,1,MODERATE,0.512563943862915,0.6029784679412842
2288,0,LOW,0.7198213934898376,1.039676547050476
2289,0,LOW,0.7413139939308167,1.223897933959961
2290,0,LOW,0.4902150630950928,1.001203179359436
2291,0,LOW,0.6718549132347107,0.7329933047294617
2292,0,LOW,0.6053855419158936,0.8984196782112122
2293,0,LOW,0.5612030029296875,0.7090615034103394
2294,0,LOW,0.5633115768432617,0.651665449142456
2295,1,MODERATE,0.4193277060985565,0.834845244884491
2296,1,MODERATE,0.5533801317214966,1.0964833498001099
2297,0,LOW,0.7088306546211243,1.6428172588348389
2298,2,SEVERE,0.3589293360710144,1.3645782470703125
2299,0,LOW,0.48783421516418457,0.5277368426322937
2300,0,LOW,0.6181141138076782,1.2465720176696777
2301,0,LOW,0.43054258823394775,0.6330868601799011
2302,0,LOW,0.517009437084198,0.6981866955757141
2303,0,LOW,0.5489376783370972,0.9018920660018921
2304,0,LOW,0.5001460909843445,0.6898573637008667
2305,0,LOW,0.4350750148296356,0.4989006519317627
2306,0,LOW,0.4441424310207367,0.3817233741283417
2307,2,SEVERE,0.3906491696834564,0.8373990058898926
2308,1,MODERATE,0.40592581033706665,0.7206693291664124
2309,1,MODERATE,0.5123609304428101,0.8508955240249634
2310,1,MODERATE,0.3645157814025879,0.5455474853515625
2311,2,SEVERE,0.4832497537136078,0.943838357925415
2312,1,MODERATE,0.6078722476959229,1.030277967453003
2313,0,LOW,0.5297852754592896,0.7243168354034424
2314,1,MODERATE,0.4209132492542267,0.7853832244873047
2315,0,LOW,0.41645583510398865,0.7009409666061401
2316,0,LOW,0.36799854040145874,0.38249051570892334
2317,1,MODERATE,0.37425497174263,0.5070627331733704
2318,2,SEVERE,0.4369179904460907,0.8541861176490784
2319,0,LOW,0.40968942642211914,0.7079945206642151
2320,2,SEVERE,0.4752146005630493,1.0828313827514648
2321,2,SEVERE,0.5669541358947754,1.0651637315750122
2322,0,LOW,0.37413880228996277,0.8747062087059021
2323,2,SEVERE,0.5705403685569763,1.1029083728790283
2324,2,SEVERE,0.6459608674049377,1.1834774017333984
2325,2,SEVERE,0.39331480860710144,1.3456223011016846
2326,2,SEVERE,0.5936843156814575,1.1109224557876587
2327,2,SEVERE,0.5266005992889404,1.162752389907837
2328,1,MODERATE,0.5610321164131165,1.1007213592529297
2329,2,SEVERE,0.576815664768219,1.1632874011993408
2330,2,SEVERE,0.5580438375473022,1.1864725351333618
2331,2,SEVERE,0.6572633385658264,1.4420766830444336
2332,2,SEVERE,0.6273351907730103,1.2673473358154297
2333,2,SEVERE,0.6101716756820679,1.188714861869812
2334,2,SEVERE,0.486743301153183,1.1541635990142822
2335,2,SEVERE,0.40744131803512573,1.3876147270202637
2336,2,SEVERE,0.5662610530853271,1.1170259714126587
2337,2,SEVERE,0.585981547832489,1.1621332168579102
2338,2,SEVERE,0.45885518193244934,1.3675211668014526
2339,2,SEVERE,0.3863895833492279,1.547305941581726
2340,2,SEVERE,0.5750933885574341,1.2145510911941528
2341,0,LOW,0.5186960101127625,1.6892378330230713
2342,2,SEVERE,0.5087876319885254,1.1608781814575195
2343,2,SEVERE,0.5257402658462524,1.232826590538025
2344,2,SEVERE,0.6074673533439636,1.176177740097046
2345,2,SEVERE,0.5336976051330566,0.9487090706825256
2346,2,SEVERE,0.56434565782547,1.066444754600525
2347,2,SEVERE,0.5052520632743835,1.0273633003234863
2348,2,SEVERE,0.5088841915130615,1.0399713516235352
2349,2,SEVERE,0.5979986786842346,1.0887030363082886
2350,2,SEVERE,0.4268660545349121,1.2286653518676758
2351,2,SEVERE,0.6340461373329163,1.1223958730697632
2352,0,LOW,0.5478683710098267,1.533501148223877
2353,2,SEVERE,0.5079337358474731,1.092997431755066
2354,2,SEVERE,0.6759969592094421,1.1134077310562134
2355,2,SEVERE,0.4828077554702759,1.1066163778305054
2356,2,SEVERE,0.5945115685462952,1.0987187623977661
2357,0,LOW,0.5433750152587891,1.5435506105422974
2358,2,SEVERE,0.40438711643218994,1.2171648740768433
2359,2,SEVERE,0.5645269751548767,1.1081461906433105
2360,2,SEVERE,0.6114400029182434,1.230658769607544
2361,2,SEVERE,0.5258845090866089,1.0782344341278076
2362,2,SEVERE,0.4454193115234375,1.0951277017593384
2363,1,MODERATE,0.5473573207855225,1.2711580991744995
2364,2,SEVERE,0.5025606155395508,1.046457290649414
2365,2,SEVERE,0.4900386929512024,1.017133355140686
2366,2,SEVERE,0.4025460183620453,0.8913467526435852
2367,2,SEVERE,0.4354379177093506,1.0648900270462036
2368,2,SEVERE,0.6585598587989807,1.5860843658447266
2369,2,SEVERE,0.5171985626220703,1.0288487672805786
2370,2,SEVERE,0.46987780928611755,1.0428075790405273
2371,2,SEVERE,0.42872709035873413,0.9866252541542053
2372,1,MODERATE,0.41179323196411133,0.4872727394104004
2373,2,SEVERE,0.6511147022247314,1.5435597896575928
2374,2,SEVERE,0.36388134956359863,1.0309923887252808
2375,2,SEVERE,0.44574007391929626,1.0069478750228882
2376,0,LOW,0.4243491291999817,0.95213782787323
2377,0,LOW,0.45346739888191223,1.0368411540985107
2378,2,SEVERE,0.4037899076938629,0.8299052119255066
2379,1,MODERATE,0.46553710103034973,0.685260534286499
2380,1,MODERATE,0.49015387892723083,0.5798162817955017
2381,2,SEVERE,0.38743314146995544,0.6776349544525146
2382,1,MODERATE,0.39589446783065796,0.5615485906600952
2383,2,SEVERE,0.365310937166214,0.5980508923530579
2384,1,MODERATE,0.3584303557872772,0.6882448196411133
2385,0,LOW,0.46591925621032715,0.883135974407196
2386,2,SEVERE,0.3784862756729126,0.6716520190238953
2387,2,SEVERE,0.34049466252326965,0.591770589351654
2388,0,LOW,0.4245558977127075,0.5324458479881287
2389,1,MODERATE,0.35868263244628906,0.5688779354095459
2390,0,LOW,0.4017653465270996,0.41420847177505493
2391,0,LOW,0.39083558320999146,0.35033348202705383
2392,0,LOW,0.484043151140213,0.7298763990402222
2393,1,MODERATE,0.3869781494140625,0.6080864071846008
2394,0,LOW,0.6088023781776428,1.0698292255401611
2395,1,MODERATE,0.4509429335594177,0.6963047981262207
2396,1,MODERATE,0.4532247483730316,0.6137661337852478
2397,0,LOW,0.4023365378379822,0.2505750358104706
2398,0,LOW,0.7080562710762024,1.4007337093353271
2399,1,MODERATE,0.45854347944259644,0.586157500743866
2400,0,LOW,0.43803679943084717,0.4245942533016205
2401,1,MODERATE,0.8128728270530701,1.1425049304962158
2402,0,LOW,0.41750502586364746,0.6367619037628174
2403,1,MODERATE,0.4489540755748749,0.5712354183197021
2404,1,MODERATE,0.4047836661338806,0.6307741403579712
2405,0,LOW,0.4144144058227539,0.4315232038497925
2406,1,MODERATE,0.3816799521446228,0.6294670104980469
2407,0,LOW,0.476988822221756,0.4123205840587616
2408,1,MODERATE,0.4223933517932892,0.6519147157669067
2409,1,MODERATE,0.6329964995384216,1.0743110179901123
2410,1,MODERATE,0.513887345790863,0.639254093170166
2411,2,SEVERE,0.3727508783340454,0.9314718842506409
2412,1,MODERATE,0.5421666502952576,0.6278561353683472
2413,1,MODERATE,0.4858674705028534,0.6105741262435913
2414,0,LOW,0.48259416222572327,0.37062686681747437
2415,2,SEVERE,0.5710229277610779,2.148904323577881
2416,1,MODERATE,0.4869426488876343,0.6786450743675232
2417,1,MODERATE,0.4655176103115082,0.6119869351387024
2418,1,MODERATE,0.44171467423439026,0.595466673374176
2419,1,MODERATE,0.5084674954414368,0.5831583738327026
2420,0,LOW,0.48039987683296204,0.2551860213279724
2421,0,LOW,0.5146769285202026,0.3682903051376343
2422,0,LOW,0.4574962854385376,0.23596037924289703
2423,0,LOW,0.5332266688346863,0.8355996608734131
2424,0,LOW,0.4942868947982788,0.5432000160217285
2425,0,LOW,0.5290586352348328,0.44989389181137085
2426,0,LOW,0.4866141080856323,0.3574022054672241
2427,1,MODERATE,0.8224793076515198,1.313254952430725
2428,1,MODERATE,0.49786847829818726,0.5940584540367126
2429,1,MODERATE,0.4548860788345337,0.5288453698158264
2430,0,LOW,0.5487836599349976,0.4377206563949585
2431,0,LOW,0.4286428689956665,0.34809187054634094
2432,1,MODERATE,0.5327510237693787,0.7980442643165588
2433,0,LOW,0.4559289216995239,0.4946853518486023
2434,0,LOW,0.4449422359466553,0.38876157999038696
2435,0,LOW,0.6355092525482178,0.500916063785553
2436,0,LOW,0.4652332663536072,0.2998238205909729
2437,0,LOW,0.4280391335487366,0.7233957052230835
2438,1,MODERATE,0.4423242211341858,0.5183373689651489
2439,0,LOW,0.4195757508277893,0.5423871278762817
2440,2,SEVERE,0.5169662237167358,1.8486542701721191
2441,0,LOW,0.43593794107437134,0.43689462542533875
2442,1,MODERATE,0.4498848617076874,0.5844415426254272
2443,0,LOW,0.49862590432167053,0.6005696654319763
2444,0,LOW,0.38929712772369385,0.2783413827419281
2445,1,MODERATE,0.5476853847503662,0.6482522487640381
2446,1,MODERATE,0.40748170018196106,0.5092606544494629
2447,1,MODERATE,0.5514419674873352,0.6432123184204102
2448,1,MODERATE,0.46835291385650635,0.6048737168312073
2449,2,SEVERE,0.3457849621772766,0.931667685508728
2450,1,MODERATE,0.7873058915138245,1.3497426509857178
2451,0,LOW,0.4335392415523529,0.41008228063583374
2452,1,MODERATE,0.3824155628681183,0.526737630367279
2453,1,MODERATE,0.5307307243347168,0.6414414644241333
2454,1,MODERATE,0.4220486581325531,0.6179907321929932
2455,0,LOW,0.5430899858474731,0.8186689615249634
2456,0,LOW,0.5692092180252075,1.1230835914611816
2457,0,LOW,0.6020969152450562,1.0046589374542236
2458,1,MODERATE,0.42257046699523926,0.5085834860801697
2459,0,LOW,0.36621907353401184,0.24366801977157593
2460,0,LOW,0.5952399373054504,1.019713044166565
2461,0,LOW,0.5380542278289795,0.7353615164756775
2462,1,MODERATE,0.3812550902366638,0.451435923576355
2463,0,LOW,0.6730117201805115,1.219909906387329
2464,0,LOW,0.39961564540863037,0.4817449450492859
2465,2,SEVERE,0.3556635081768036,0.4848978817462921
2466,0,LOW,0.49061086773872375,0.6705876588821411
2467,0,LOW,0.38445091247558594,0.3990468382835388
2468,0,LOW,0.5241756439208984,0.7109143733978271
2469,2,SEVERE,0.6285535097122192,1.3458800315856934
2470,1,MODERATE,0.42484039068222046,0.6629092693328857
2471,1,MODERATE,0.48488160967826843,0.7973493933677673
2472,1,MODERATE,0.39204004406929016,0.5183286666870117
2473,0,LOW,0.3967644274234772,0.9053073525428772
2474,0,LOW,0.38590189814567566,0.8970942497253418
2475,1,MODERATE,0.3726036250591278,0.5537732839584351
2476,1,MODERATE,0.3602442741394043,0.5790822505950928
2477,0,LOW,0.4171654284000397,0.7453049421310425
2478,0,LOW,0.33842483162879944,0.5353096723556519
2479,0,LOW,0.36436188220977783,0.4538477659225464
2480,0,LOW,0.4366152286529541,0.6179473996162415
2481,2,SEVERE,0.375348299741745,0.8753139972686768
2482,0,LOW,0.407204806804657,0.8519974946975708
2483,1,MODERATE,0.4204769730567932,0.6773154735565186
2484,2,SEVERE,0.4802111089229584,0.8401380181312561
2485,1,MODERATE,0.4279395043849945,0.9086142182350159
2486,2,SEVERE,0.5891810655593872,1.064489722251892
2487,2,SEVERE,0.4969443678855896,1.1211397647857666
2488,2,SEVERE,0.5949605107307434,1.1086221933364868
2489,2,SEVERE,0.6143272519111633,1.203158974647522
2490,2,SEVERE,0.4351443350315094,1.022216558456421
2491,2,SEVERE,0.48383504152297974,1.03622305393219
2492,2,SEVERE,0.4419933557510376,1.1221647262573242
2493,1,MODERATE,0.4406128525733948,1.0353038311004639
2494,1,MODERATE,0.4165022671222687,0.824453592300415
2495,2,SEVERE,0.4200262427330017,0.9606818556785583
2496,2,SEVERE,0.39908865094184875,0.9642374515533447
2497,2,SEVERE,0.3973100185394287,0.8539718389511108
2498,2,SEVERE,0.4086405634880066,0.9019006490707397
2499,2,SEVERE,0.443138062953949,0.8882132768630981
2500,2,SEVERE,0.4845232367515564,0.8900818228721619
2501,2,SEVERE,0.4945530593395233,0.8900818228721619
2502,2,SEVERE,0.5189332365989685,0.9210334420204163
2503,2,SEVERE,0.3594876527786255,1.1372499465942383
2504,2,SEVERE,0.48802903294563293,0.9337778091430664
2505,2,SEVERE,0.5107125043869019,0.9726956486701965
2506,2,SEVERE,0.5477949976921082,1.0017626285552979
2507,1,MODERATE,0.43383222818374634,0.8005311489105225
2508,2,SEVERE,0.4868898093700409,1.033768892288208
2509,2,SEVERE,0.46420541405677795,1.1322704553604126
2510,2,SEVERE,0.4275849163532257,1.028051495552063
2511,1,MODERATE,0.43193957209587097,1.2164688110351562
2512,2,SEVERE,0.5953318476676941,1.0775270462036133
2513,2,SEVERE,0.5439143776893616,1.081276535987854
2514,2,SEVERE,0.6161227226257324,1.1090399026870728
2515,2,SEVERE,0.4693855047225952,1.0248889923095703
2516,2,SEVERE,0.5941615104675293,1.1278433799743652
2517,2,SEVERE,0.549767792224884,1.0629537105560303
2518,2,SEVERE,0.6325708627700806,1.0999555587768555
2519,2,SEVERE,0.7793911695480347,1.5182586908340454
2520,2,SEVERE,0.5521968603134155,0.9595213532447815
2521,2,SEVERE,0.630328357219696,1.2329446077346802
2522,2,SEVERE,0.5963642001152039,1.0293323993682861
2523,2,SEVERE,0.5498063564300537,1.232730507850647
2524,2,SEVERE,0.5204017162322998,1.2422562837600708
2525,2,SEVERE,0.6051515340805054,1.0879775285720825
2526,2,SEVERE,0.4269639551639557,1.4470956325531006
2527,0,LOW,0.614992618560791,1.8416309356689453
2528,0,LOW,0.5549386143684387,1.682253360748291
2529,2,SEVERE,0.46626827120780945,1.6389169692993164
2530,2,SEVERE,0.6016952395439148,1.2116127014160156
2531,2,SEVERE,0.6055852174758911,1.262531042098999
2532,2,SEVERE,0.513841450214386,1.1205085515975952
2533,2,SEVERE,0.6244860887527466,1.224676489830017
2534,2,SEVERE,0.6054686307907104,1.1943293809890747
2535,2,SEVERE,0.5335773825645447,1.3729575872421265
2536,2,SEVERE,0.6607339382171631,1.2465685606002808
2537,2,SEVERE,0.6409959197044373,1.3970059156417847
2538,2,SEVERE,0.8238562941551208,1.6985304355621338
2539,2,SEVERE,0.7379404902458191,1.5316944122314453
2540,2,SEVERE,0.7100510597229004,1.2913273572921753
2541,2,SEVERE,0.7921528816223145,1.5327270030975342
2542,2,SEVERE,0.5755226016044617,1.4909734725952148
2543,2,SEVERE,0.500602662563324,1.6939396858215332
2544,2,SEVERE,0.6347293853759766,1.322006106376648
2545,2,SEVERE,0.6298966407775879,1.3609225749969482
2546,2,SEVERE,0.5630921125411987,1.8897953033447266
2547,2,SEVERE,0.7404324412345886,1.3869985342025757
2548,2,SEVERE,0.6310714483261108,1.6605303287506104
2549,2,SEVERE,0.7379441261291504,1.533064365386963
2550,2,SEVERE,0.5856989622116089,1.7580724954605103
2551,2,SEVERE,0.6533840298652649,1.842515468597412
2552,2,SEVERE,0.7359353303909302,1.539158821105957
2553,2,SEVERE,0.894633412361145,2.0899410247802734
2554,0,LOW,0.44066309928894043,1.9774357080459595
2555,2,SEVERE,0.9033324718475342,2.306196928024292
2556,2,SEVERE,0.7646318078041077,1.541364073753357
2557,2,SEVERE,0.4410923719406128,2.5222318172454834
2558,2,SEVERE,0.7155428528785706,1.5057348012924194
2559,2,SEVERE,0.7693349123001099,1.5369375944137573
2560,2,SEVERE,0.7851903438568115,1.5499094724655151
2561,2,SEVERE,0.579560399055481,1.7689346075057983
2562,2,SEVERE,0.6805722117424011,1.816415786743164
2563,2,SEVERE,0.7861005067825317,1.53984534740448
2564,2,SEVERE,0.8250832557678223,1.6242107152938843
2565,2,SEVERE,0.6737583875656128,1.8791543245315552
2566,2,SEVERE,0.7597236037254333,1.5958774089813232
2567,2,SEVERE,0.6973332166671753,1.6442182064056396
2568,2,SEVERE,0.7457762956619263,1.5551700592041016
2569,2,SEVERE,0.7108117938041687,1.8025565147399902
2570,2,SEVERE,0.7244775295257568,1.5632355213165283
2571,2,SEVERE,0.8006120324134827,1.5289541482925415
2572,2,SEVERE,0.7570581436157227,1.609078049659729
2573,2,SEVERE,0.7536710500717163,1.6151947975158691
2574,2,SEVERE,0.780333936214447,1.5993036031723022
2575,2,SEVERE,0.7279300093650818,1.544810175895691
2576,2,SEVERE,0.6064209938049316,1.6502325534820557
2577,2,SEVERE,0.8286963701248169,1.5916951894760132
2578,2,SEVERE,0.754040539264679,1.5478782653808594
2579,2,SEVERE,0.6011823415756226,2.109490156173706
2580,2,SEVERE,0.7240307331085205,1.499327540397644
2581,2,SEVERE,0.6544198989868164,1.844059705734253
2582,2,SEVERE,0.7836915850639343,1.5171725749969482
2583,2,SEVERE,0.7824317216873169,1.5539709329605103
2584,2,SEVERE,0.7493315935134888,1.6064292192459106
2585,2,SEVERE,0.8168175220489502,1.6015899181365967
2586,2,SEVERE,0.6001757979393005,2.1210038661956787
2587,2,SEVERE,0.7423621416091919,1.5674737691879272
2588,2,SEVERE,0.7101377844810486,1.7264626026153564
2589,2,SEVERE,0.6575085520744324,1.6354050636291504
2590,2,SEVERE,0.7650201916694641,1.470021367073059
2591,2,SEVERE,0.8325731158256531,1.6733735799789429
2592,2,SEVERE,0.912057101726532,2.171867609024048
2593,2,SEVERE,0.915319561958313,2.5713486671447754
2594,2,SEVERE,0.6936014890670776,1.576446294784546
2595,2,SEVERE,0.7141371965408325,1.5521056652069092
2596,2,SEVERE,0.5456511378288269,2.080803871154785
2597,2,SEVERE,0.6801228523254395,1.5855889320373535
2598,2,SEVERE,0.5133422017097473,1.9346753358840942
2599,2,SEVERE,0.7205217480659485,1.5531660318374634
2600,2,SEVERE,0.7182890772819519,1.562780499458313
2601,2,SEVERE,0.7641240358352661,1.5302101373672485
2602,2,SEVERE,0.8043569326400757,1.7267874479293823
2603,2,SEVERE,0.6331056356430054,1.8036115169525146
2604,2,SEVERE,0.8153406381607056,2.053551435470581
2605,2,SEVERE,0.7479029893875122,1.5795414447784424
2606,2,SEVERE,0.5651446580886841,1.8943318128585815
2607,2,SEVERE,0.776867687702179,1.7158292531967163
2608,2,SEVERE,0.533307671546936,2.1509926319122314
2609,2,SEVERE,0.4971662163734436,2.0374534130096436
2610,2,SEVERE,0.49736979603767395,1.9801106452941895
2611,2,SEVERE,0.8250899910926819,1.9320979118347168
2612,2,SEVERE,0.6811057925224304,1.870152473449707
2613,2,SEVERE,0.6969709396362305,1.8095512390136719
2614,2,SEVERE,0.7891547083854675,1.8165149688720703
2615,2,SEVERE,0.5332208275794983,1.9983062744140625
2616,2,SEVERE,0.6661345362663269,1.6121370792388916
2617,2,SEVERE,0.8938454389572144,2.2625107765197754
2618,2,SEVERE,0.5577225685119629,1.5008001327514648
2619,2,SEVERE,0.6654395461082458,1.5487749576568604
2620,2,SEVERE,0.5600233674049377,1.4856230020523071
2621,2,SEVERE,0.7639912366867065,1.5832470655441284
2622,2,SEVERE,0.6084033846855164,1.3537827730178833
2623,2,SEVERE,0.5065629482269287,1.4438867568969727
2624,2,SEVERE,0.6147797703742981,1.3164921998977661
2625,2,SEVERE,0.4843716621398926,1.3880949020385742
2626,2,SEVERE,0.44775110483169556,1.2452467679977417
2627,2,SEVERE,0.6061819791793823,1.5687000751495361
2628,0,LOW,0.40270063281059265,1.1032637357711792
2629,2,SEVERE,0.47541627287864685,1.1233489513397217
2630,0,LOW,0.3690355122089386,0.562567949295044
2631,0,LOW,0.5172411203384399,0.7879127264022827
2632,0,LOW,0.4521813988685608,0.5225875973701477
2633,0,LOW,0.39815211296081543,0.3765562176704407
2634,0,LOW,0.4003857374191284,0.37944531440734863
2635,0,LOW,0.6568520665168762,1.1475998163223267
2636,0,LOW,0.6476550102233887,1.1475998163223267
2637,0,LOW,0.477176696062088,0.5045281648635864
2638,1,MODERATE,0.5826668739318848,0.916761040687561
2639,0,LOW,0.5413467884063721,0.6397927403450012
2640,0,LOW,0.6148988008499146,0.8811371326446533
2641,1,MODERATE,0.40662363171577454,0.6677255034446716
2642,0,LOW,0.7154505252838135,1.3373628854751587
2643,0,LOW,0.44313305616378784,0.6300130486488342
2644,0,LOW,0.5048686265945435,0.45175838470458984
2645,0,LOW,0.5282874703407288,0.8636597990989685
2646,1,MODERATE,0.6447116732597351,1.517524003982544
2647,0,LOW,0.5353389382362366,0.8631213903427124
2648,0,LOW,0.5278748273849487,0.6230699419975281
2649,0,LOW,0.6824110746383667,0.881192147731781
2650,0,LOW,0.6573225259780884,1.1929417848587036
2651,0,LOW,0.4848746657371521,0.6090747714042664
2652,0,LOW,0.6407557725906372,0.9167150259017944
2653,0,LOW,0.6173239350318909,0.8128103017807007
2654,0,LOW,0.5368362069129944,0.5768629908561707
2655,0,LOW,0.4776233732700348,0.6633617877960205
2656,0,LOW,0.5492871403694153,0.6265272498130798
2657,0,LOW,0.5065483450889587,0.8152973651885986
2658,0,LOW,0.5748028755187988,0.6124922037124634
2659,0,LOW,0.46379566192626953,0.7700960636138916
2660,1,MODERATE,0.4306250214576721,1.2513585090637207
2661,0,LOW,0.5264503955841064,0.6344077587127686
2662,0,LOW,0.5794051289558411,0.5904383659362793
2663,0,LOW,0.4973440170288086,0.7369650602340698
2664,0,LOW,0.630133867263794,0.7573772668838501
2665,0,LOW,0.6552603840827942,0.9638288617134094
2666,0,LOW,0.5921411514282227,0.7074428796768188
2667,0,LOW,0.5735886096954346,0.7701340913772583
2668,1,MODERATE,0.4064335525035858,0.6283632516860962
2669,0,LOW,0.5041038990020752,0.5703796744346619
2670,1,MODERATE,0.48321807384490967,1.0473837852478027
2671,0,LOW,0.6411193609237671,0.7230268120765686
2672,0,LOW,0.7079651355743408,1.5069990158081055
2673,0,LOW,0.4315079152584076,0.6480011343955994
2674,0,LOW,0.5296061635017395,0.6614201664924622
2675,0,LOW,0.5160230994224548,0.5403902530670166
2676,1,MODERATE,0.6459301710128784,1.056100606918335
2677,1,MODERATE,0.6437103748321533,1.4269353151321411
2678,0,LOW,0.6085245609283447,0.743350625038147
2679,0,LOW,0.6123734712600708,0.810753583908081
2680,0,LOW,0.5212844014167786,0.5377333164215088
2681,0,LOW,0.5285106897354126,0.584989070892334
2682,0,LOW,0.4719548225402832,0.41115033626556396
2683,0,LOW,0.6977606415748596,1.2745543718338013
2684,0,LOW,0.6115848422050476,0.712922215461731
2685,0,LOW,0.5677986145019531,0.723787784576416
2686,1,MODERATE,0.5450438857078552,1.044769525527954
2687,0,LOW,0.4469524919986725,0.39611563086509705
2688,0,LOW,0.4537091851234436,0.6451905965805054
2689,0,LOW,0.5281322002410889,0.9481461048126221
2690,0,LOW,0.5288240909576416,0.6357533931732178
2691,0,LOW,0.6655066609382629,0.9351673126220703
2692,0,LOW,0.6384181380271912,1.0649442672729492
2693,0,LOW,0.52745521068573,0.6092872619628906
2694,0,LOW,0.6051619052886963,0.7101654410362244
2695,0,LOW,0.5562859773635864,0.5502793788909912
2696,0,LOW,0.6026504635810852,0.6774986982345581
2697,0,LOW,0.6356633901596069,0.9195550680160522
2698,0,LOW,0.5412653684616089,0.7019842267036438
2699,0,LOW,0.6007957458496094,0.6954774260520935
2700,0,LOW,0.5720228552818298,0.7750439643859863
2701,0,LOW,0.5016074180603027,0.5696823000907898
2702,0,LOW,0.5332226157188416,0.6184651851654053
2703,2,SEVERE,0.4800407290458679,1.7976093292236328
2704,0,LOW,0.6441133618354797,1.1022579669952393
2705,1,MODERATE,0.4691358208656311,0.742107093334198
2706,0,LOW,0.6156954169273376,0.662958562374115
2707,0,LOW,0.5663124918937683,0.7357392311096191
2708,0,LOW,0.6915013790130615,0.8456257581710815
2709,0,LOW,0.6092994213104248,0.7280793190002441
2710,0,LOW,0.5380627512931824,0.6401920914649963
2711,0,LOW,0.5366004705429077,0.727680504322052
2712,0,LOW,0.4904332756996155,0.7056265473365784
2713,0,LOW,0.417236328125,0.6451731324195862
2714,0,LOW,0.4550337791442871,0.5183917284011841
2715,0,LOW,0.48216044902801514,0.7725976705551147
2716,0,LOW,0.4826938509941101,0.5704457759857178
2717,0,LOW,0.4428320825099945,0.5753921270370483
2718,1,MODERATE,0.4812520444393158,0.9090641736984253
2719,0,LOW,0.6559857130050659,1.1625736951828003
2720,0,LOW,0.5234953761100769,0.6272822022438049
2721,1,MODERATE,0.5218662023544312,0.8893682956695557
2722,0,LOW,0.40952929854393005,0.5707858204841614
2723,1,MODERATE,0.4408356547355652,0.6202358603477478
2724,1,MODERATE,0.46131372451782227,0.8424695730209351
2725,0,LOW,0.6560148596763611,1.3245725631713867
2726,1,MODERATE,0.48322221636772156,0.785814106464386
2727,1,MODERATE,0.481061726808548,0.5658311247825623
2728,0,LOW,0.45873239636421204,0.5634632110595703
2729,0,LOW,0.49205368757247925,0.5894816517829895
2730,1,MODERATE,0.424193412065506,0.828199565410614
2731,0,LOW,0.5860132575035095,1.174087405204773
2732,1,MODERATE,0.6256805062294006,0.8548792004585266
2733,1,MODERATE,0.45591044425964355,0.9713263511657715
2734,0,LOW,0.4467580020427704,0.6802152991294861
2735,1,MODERATE,0.5118095278739929,0.7175512909889221
2736,0,LOW,0.45466625690460205,0.3889073431491852
2737,0,LOW,0.3985516428947449,0.3889073431491852
2738,0,LOW,0.4286653995513916,0.9271129369735718
2739,0,LOW,0.4314562976360321,0.5374894738197327
2740,1,MODERATE,0.4273932874202728,0.7444727420806885
2741,0,LOW,0.4553220868110657,0.7339268326759338
2742,1,MODERATE,0.4991973340511322,1.1405258178710938
2743,1,MODERATE,0.43282046914100647,0.8638601303100586
2744,0,LOW,0.36616051197052,0.5487678647041321
2745,1,MODERATE,0.49377962946891785,0.8329770565032959
2746,0,LOW,0.5766499638557434,1.229828119277954
2747,1,MODERATE,0.5016269683837891,0.8942511081695557
2748,0,LOW,0.43914368748664856,0.9968867301940918
2749,0,LOW,0.42386388778686523,0.5774922370910645
2750,1,MODERATE,0.5231263637542725,0.7079369425773621
2751,1,MODERATE,0.5957077145576477,0.9917946457862854
2752,1,MODERATE,0.43521648645401,0.8330563902854919
2753,1,MODERATE,0.4551168382167816,0.9888433814048767
2754,1,MODERATE,0.5856888890266418,1.077805995941162
2755,1,MODERATE,0.47782382369041443,0.8527042865753174
2756,1,MODERATE,0.5967979431152344,0.8729068040847778
2757,0,LOW,0.4602247178554535,0.934289813041687
2758,1,MODERATE,0.45192819833755493,1.1159369945526123
2759,1,MODERATE,0.4619178771972656,0.9366394281387329
2760,1,MODERATE,0.4484909176826477,0.907680332660675
2761,1,MODERATE,0.42659732699394226,0.8648234009742737
2762,1,MODERATE,0.467751145362854,1.0979938507080078
2763,1,MODERATE,0.49426549673080444,0.8204647898674011
2764,1,MODERATE,0.5188648104667664,1.091923475265503
2765,1,MODERATE,0.5027583837509155,1.1813312768936157
2766,1,MODERATE,0.48276278376579285,0.8907420635223389
2767,1,MODERATE,0.5135009288787842,0.8706039190292358
2768,1,MODERATE,0.6283969283103943,1.0276669263839722
2769,1,MODERATE,0.48182523250579834,0.8626325726509094
2770,0,LOW,0.4371030032634735,0.6222344636917114
2771,1,MODERATE,0.49056217074394226,0.8291376233100891
2772,0,LOW,0.49207308888435364,0.7838665246963501
2773,1,MODERATE,0.4846239984035492,0.7526986598968506
2774,1,MODERATE,0.6277807354927063,0.8527043461799622
2775,1,MODERATE,0.44714680314064026,0.8574473857879639
2776,0,LOW,0.457675963640213,0.9748160243034363
2777,1,MODERATE,0.5593641400337219,0.7278847098350525
2778,1,MODERATE,0.4907574951648712,0.7684633135795593
2779,1,MODERATE,0.5825573801994324,0.8369941711425781
2780,1,MODERATE,0.5313122272491455,0.7722448706626892
2781,1,MODERATE,0.5831302404403687,0.9291886687278748
2782,0,LOW,0.36508914828300476,0.35635268688201904
2783,1,MODERATE,0.5200462937355042,0.7743016481399536
2784,1,MODERATE,0.46945920586586,1.0714607238769531
2785,1,MODERATE,0.46812620759010315,1.1527881622314453
2786,1,MODERATE,0.6224107146263123,0.9818940758705139
2787,1,MODERATE,0.5675052404403687,1.2640728950500488
2788,1,MODERATE,0.49972131848335266,1.1773351430892944
2789,1,MODERATE,0.7467411756515503,1.343029499053955
2790,1,MODERATE,0.6574528813362122,1.0124393701553345
2791,1,MODERATE,0.6422775983810425,1.012439250946045
2792,1,MODERATE,0.5426080226898193,1.1460118293762207
2793,1,MODERATE,0.5528557300567627,1.5472774505615234
2794,1,MODERATE,0.6477869749069214,1.0559319257736206
2795,1,MODERATE,0.5863040089607239,1.092734456062317
2796,1,MODERATE,0.6427813768386841,0.9784641265869141
2797,1,MODERATE,0.5531814694404602,1.1132056713104248
2798,1,MODERATE,0.7344042062759399,1.49526846408844
2799,1,MODERATE,0.6577109098434448,1.0546845197677612
2800,1,MODERATE,0.5688482522964478,1.3612661361694336
2801,1,MODERATE,0.4800400733947754,1.6020922660827637
2802,1,MODERATE,0.693812906742096,1.1083967685699463
2803,1,MODERATE,0.6487096548080444,1.0650371313095093
2804,1,MODERATE,0.5478822588920593,1.3148863315582275
2805,1,MODERATE,0.5441396236419678,1.226507544517517
2806,1,MODERATE,0.5540199279785156,1.1296755075454712
2807,1,MODERATE,0.6988769769668579,1.0485115051269531
2808,1,MODERATE,0.7018874883651733,1.0559204816818237
2809,1,MODERATE,0.7612067461013794,1.4641863107681274
2810,1,MODERATE,0.6486012935638428,1.0253853797912598
2811,1,MODERATE,0.5374290943145752,1.1254572868347168
2812,1,MODERATE,0.7518894076347351,1.254170536994934
2813,1,MODERATE,0.6807095408439636,1.1310590505599976
2814,1,MODERATE,0.4383585453033447,1.534117579460144
2815,1,MODERATE,0.6823684573173523,1.0180974006652832
2816,1,MODERATE,0.682084858417511,1.0541613101959229
2817,1,MODERATE,0.617375373840332,1.1447980403900146
2818,1,MODERATE,0.6584784388542175,0.9939107894897461
2819,1,MODERATE,0.5988126397132874,0.5818431377410889
2820,1,MODERATE,0.6765121817588806,1.00363290309906
2821,1,MODERATE,0.628462553024292,0.9692226648330688
2822,1,MODERATE,0.6335579752922058,1.005711555480957
2823,1,MODERATE,0.5921270847320557,1.253740668296814
2824,1,MODERATE,0.5422278046607971,1.0537861585617065
2825,1,MODERATE,0.6342235803604126,0.812951922416687
2826,1,MODERATE,0.6490764021873474,0.9049609899520874
2827,1,MODERATE,0.6077924370765686,0.9689308404922485
2828,1,MODERATE,0.6135571002960205,0.8197122812271118
2829,1,MODERATE,0.6307694911956787,0.925238847732544
2830,1,MODERATE,0.5765255689620972,0.8842681050300598
2831,1,MODERATE,0.6029732823371887,0.9195913672447205
2832,1,MODERATE,0.4699976444244385,0.980593204498291
2833,1,MODERATE,0.3802429139614105,1.1203557252883911
2834,1,MODERATE,0.5789857506752014,0.6911237239837646
2835,1,MODERATE,0.5807722210884094,0.8710120916366577
2836,1,MODERATE,0.5754631161689758,0.8279886841773987
2837,1,MODERATE,0.5874512195587158,0.9788778424263
2838,1,MODERATE,0.6096091866493225,0.8791130781173706
2839,1,MODERATE,0.5972863435745239,0.7127094268798828
2840,1,MODERATE,0.6360359191894531,0.9188575744628906
2841,1,MODERATE,0.5325354933738708,0.5616379380226135
2842,1,MODERATE,0.6277170777320862,0.8563422560691833
2843,1,MODERATE,0.605243444442749,1.0052261352539062
2844,1,MODERATE,0.47602227330207825,0.8400607705116272
2845,1,MODERATE,0.5262494087219238,0.46526557207107544
2846,1,MODERATE,0.5507771968841553,0.7520744800567627
2847,1,MODERATE,0.572186291217804,0.8260539174079895
2848,0,LOW,0.5235421061515808,0.8971439599990845
2849,0,LOW,0.5175566673278809,1.0408706665039062
2850,0,LOW,0.4075978398323059,0.31967294216156006
2851,1,MODERATE,0.48767614364624023,0.5244343280792236
2852,0,LOW,0.5989442467689514,1.4092096090316772
2853,1,MODERATE,0.4799564480781555,0.4933090806007385
2854,1,MODERATE,0.5135403871536255,0.6011751294136047
2855,1,MODERATE,0.47673532366752625,0.6303057670593262
2856,1,MODERATE,0.6590750217437744,1.0519802570343018
2857,0,LOW,0.4410037696361542,0.3127281367778778
2858,1,MODERATE,0.4668859541416168,0.6730872988700867
2859,1,MODERATE,0.4814010560512543,0.46396470069885254
2860,0,LOW,0.5150725245475769,0.5187230110168457
2861,0,LOW,0.41874760389328003,0.7629616260528564
2862,0,LOW,0.48529013991355896,0.5489031672477722
2863,0,LOW,0.49520552158355713,0.5134283900260925
2864,0,LOW,0.5199073553085327,0.5556466579437256
2865,0,LOW,0.6176580190658569,0.7771165370941162
2866,0,LOW,0.5988034605979919,0.7803472876548767
2867,0,LOW,0.5255652666091919,0.7230861186981201
2868,0,LOW,0.5035839676856995,0.5877747535705566
2869,1,MODERATE,0.4106571674346924,0.6591775417327881
2870,0,LOW,0.5067809820175171,0.4796768128871918
2871,0,LOW,0.4018765985965729,1.2150999307632446
2872,2,SEVERE,0.45819923281669617,1.472853183746338
2873,0,LOW,0.41366350650787354,0.7237179279327393
2874,0,LOW,0.5242091417312622,0.6166914105415344
2875,0,LOW,0.5172444581985474,0.5480493307113647
2876,0,LOW,0.592122495174408,0.7592799663543701
2877,0,LOW,0.5376973748207092,0.5777598023414612
2878,1,MODERATE,0.4180752635002136,0.5848838686943054
2879,0,LOW,0.4506210386753082,0.7685506343841553
2880,0,LOW,0.47777873277664185,0.6113517880439758
2881,0,LOW,0.5265983939170837,0.6014086604118347
2882,0,LOW,0.5311724543571472,0.6892300844192505
2883,0,LOW,0.5435283184051514,0.6807205677032471
2884,0,LOW,0.4605364203453064,0.4522821605205536
2885,1,MODERATE,0.3964744508266449,0.5939506888389587
2886,0,LOW,0.5600136518478394,0.7521682977676392
2887,1,MODERATE,0.4102425277233124,0.578557014465332
2888,0,LOW,0.4478241503238678,0.49519482254981995
2889,1,MODERATE,0.3581126928329468,0.5191672444343567
2890,0,LOW,0.4796096682548523,0.6095317006111145
2891,0,LOW,0.4138888418674469,0.38994646072387695
2892,1,MODERATE,0.396510511636734,0.5292057394981384
2893,0,LOW,0.5958135724067688,1.0628701448440552
2894,0,LOW,0.49542656540870667,0.4470950663089752
2895,1,MODERATE,0.3970300853252411,0.7683894634246826
2896,2,SEVERE,0.7609431147575378,2.0092291831970215
2897,2,SEVERE,0.3672637939453125,0.7430732846260071
2898,0,LOW,0.46637392044067383,0.5270437002182007
2899,0,LOW,0.5273946523666382,1.1891674995422363
2900,0,LOW,0.3704775273799896,0.4795844852924347
2901,0,LOW,0.5146835446357727,0.7398520708084106
2902,0,LOW,0.4152023494243622,0.3654421269893646
2903,0,LOW,0.4986116290092468,0.42567992210388184
2904,2,SEVERE,0.4088480770587921,0.6727216243743896
2905,1,MODERATE,0.36163434386253357,0.8501248359680176
2906,0,LOW,0.5370330214500427,0.947502613067627
2907,0,LOW,0.37946635484695435,0.32671448588371277
2908,2,SEVERE,0.4031986594200134,0.7847493886947632
2909,2,SEVERE,0.4024967849254608,0.7925602197647095
2910,2,SEVERE,0.4624254107475281,0.8335486650466919
2911,1,MODERATE,0.5217545628547668,0.9412751197814941
2912,0,LOW,0.4115990996360779,0.4359767735004425
2913,0,LOW,0.4794110953807831,0.637507438659668
2914,1,MODERATE,0.45892488956451416,0.7489660382270813
2915,2,SEVERE,0.41095367074012756,0.6715872883796692
2916,2,SEVERE,0.39283522963523865,0.6927719712257385
2917,0,LOW,0.3787809908390045,0.2029426097869873
2918,0,LOW,0.3899599313735962,0.5741194486618042
2919,2,SEVERE,0.36130160093307495,0.829658031463623
2920,2,SEVERE,0.4831100106239319,0.7949878573417664
2921,0,LOW,0.4053686559200287,0.7136459350585938
2922,0,LOW,0.36252063512802124,0.3209500014781952
2923,2,SEVERE,0.462154358625412,0.8303313255310059
2924,2,SEVERE,0.5171051621437073,0.9337646961212158
2925,2,SEVERE,0.5373811721801758,0.9914356470108032
2926,2,SEVERE,0.42670777440071106,1.03544282913208
2927,2,SEVERE,0.43525874614715576,0.9202449321746826
2928,2,SEVERE,0.6871427297592163,1.547377586364746
2929,2,SEVERE,0.5502696633338928,1.0144754648208618
2930,2,SEVERE,0.3880368173122406,1.198700189590454
2931,2,SEVERE,0.8086274862289429,1.9149380922317505
2932,2,SEVERE,0.4401058256626129,1.0259188413619995
2933,2,SEVERE,0.3672953248023987,1.2437864542007446
2934,2,SEVERE,0.49585363268852234,1.2761683464050293
2935,2,SEVERE,0.39649710059165955,1.2544649839401245
2936,2,SEVERE,0.550999104976654,1.042151689529419
2937,2,SEVERE,0.5650244951248169,1.0421475172042847
2938,2,SEVERE,0.45511579513549805,1.1307621002197266
2939,2,SEVERE,0.3760127127170563,1.267807126045227
2940,1,MODERATE,0.3656555116176605,0.6193036437034607
2941,2,SEVERE,0.5318750739097595,1.052428126335144
2942,0,LOW,0.4259551763534546,0.8330514430999756
2943,2,SEVERE,0.4565436542034149,0.9993114471435547
2944,2,SEVERE,0.5532559156417847,1.066148042678833
2945,2,SEVERE,0.5093819499015808,0.9428403377532959
2946,1,MODERATE,0.38418060541152954,0.8255850672721863
2947,2,SEVERE,0.3732747435569763,0.9154852628707886
2948,1,MODERATE,0.6363863348960876,1.2194215059280396
2949,2,SEVERE,0.47659847140312195,0.9405064582824707
2950,2,SEVERE,0.405029296875,0.8405322432518005
2951,2,SEVERE,0.426710844039917,0.9251116514205933
2952,1,MODERATE,0.41072362661361694,0.6717707514762878
2953,0,LOW,0.37011587619781494,0.32349181175231934
2954,0,LOW,0.3876345455646515,0.5621053576469421
2955,1,MODERATE,0.491700142621994,0.8385404944419861
2956,1,MODERATE,0.3931524157524109,0.5390968918800354
2957,0,LOW,0.3609078824520111,0.22876247763633728
2958,0,LOW,0.47415903210639954,0.8059495687484741
2959,1,MODERATE,0.4488840103149414,0.6241323947906494
2960,2,SEVERE,0.7008101940155029,2.2829384803771973
2961,1,MODERATE,0.5879613757133484,0.768531858921051
2962,1,MODERATE,0.7377709150314331,1.2384692430496216
2963,1,MODERATE,0.7197380661964417,0.8639512062072754
2964,1,MODERATE,0.44119569659233093,0.5592900514602661
2965,0,LOW,0.45296454429626465,0.40744549036026
2966,0,LOW,0.4579553008079529,0.45569100975990295
2967,1,MODERATE,0.4659247398376465,0.5792834758758545
2968,1,MODERATE,0.49922141432762146,0.5364475250244141
2969,0,LOW,0.42079025506973267,0.28648385405540466
2970,0,LOW,0.4041808843612671,0.3368108570575714
2971,1,MODERATE,0.5182016491889954,0.8417569398880005
2972,1,MODERATE,0.5815433263778687,0.9204181432723999
2973,2,SEVERE,0.35192593932151794,1.0109212398529053
2974,0,LOW,0.4414857029914856,0.3092166483402252
2975,2,SEVERE,0.5219576954841614,1.6847140789031982
2976,1,MODERATE,0.4972640573978424,0.5503811240196228
2977,0,LOW,0.4217401146888733,0.3690004348754883
2978,0,LOW,0.41599640250205994,0.34538525342941284
2979,0,LOW,0.49445050954818726,0.4222201406955719
2980,1,MODERATE,0.5239091515541077,0.693838894367218
2981,0,LOW,0.4361754357814789,0.2429257035255432
2982,1,MODERATE,0.6188202500343323,0.6939733028411865
2983,0,LOW,0.43108069896698,0.4350161850452423
2984,2,SEVERE,0.5979347229003906,1.5353717803955078
2985,0,LOW,0.44190487265586853,0.27171459794044495
2986,0,LOW,0.4075930118560791,0.27655842900276184
2987,1,MODERATE,0.41558870673179626,0.5182162523269653
2988,0,LOW,0.37832486629486084,0.5239613056182861
2989,0,LOW,0.46125173568725586,0.2908342480659485
2990,1,MODERATE,0.8095253109931946,1.0630987882614136
2991,1,MODERATE,0.49093055725097656,0.5784429907798767
2992,0,LOW,0.46712830662727356,0.34881120920181274
2993,1,MODERATE,0.39613595604896545,0.6439039707183838
2994,0,LOW,0.4909314215183258,0.4076034426689148
2995,0,LOW,0.5135841369628906,0.7788357138633728
2996,1,MODERATE,0.4367654025554657,0.5463536977767944
2997,1,MODERATE,0.5586777329444885,0.8917465209960938
2998,1,MODERATE,0.4245772063732147,0.6101289391517639
2999,0,LOW,0.47106289863586426,0.6811805963516235
3000,0,LOW,0.44374823570251465,0.44296225905418396
3001,0,LOW,0.5062186121940613,0.7106136679649353
3002,0,LOW,0.7014284133911133,1.3337228298187256
3003,1,MODERATE,0.4639459252357483,0.56526118516922
3004,1,MODERATE,0.36434805393218994,0.8844729661941528
3005,1,MODERATE,0.4166785776615143,0.5546665787696838
3006,0,LOW,0.5359246730804443,0.7227660417556763
3007,0,LOW,0.4887503981590271,0.3622557520866394
3008,1,MODERATE,0.5664967894554138,1.0242564678192139
3009,0,LOW,0.6194674968719482,1.0338432788848877
3010,1,MODERATE,0.5657908916473389,0.6517691612243652
3011,1,MODERATE,0.4480474591255188,0.604754626750946
3012,1,MODERATE,0.4815100431442261,0.6088953614234924
3013,1,MODERATE,0.40450042486190796,0.6855099201202393
3014,0,LOW,0.3874262273311615,0.3530929684638977
3015,0,LOW,0.6257016062736511,1.379563808441162
3016,1,MODERATE,0.5431065559387207,0.6237652897834778
3017,1,MODERATE,0.5649987459182739,0.8447796702384949
3018,1,MODERATE,0.405351459980011,0.6690467596054077
3019,1,MODERATE,0.40687963366508484,0.5878252983093262
3020,1,MODERATE,0.4206239581108093,0.5766081809997559
3021,1,MODERATE,0.374834269285202,0.6781045198440552
3022,0,LOW,0.41635429859161377,0.8093862533569336
3023,1,MODERATE,0.5168494582176208,0.9841705560684204
3024,0,LOW,0.4800824224948883,0.922006368637085
3025,1,MODERATE,0.4873577356338501,0.6489382982254028
3026,1,MODERATE,0.3720681369304657,0.4895024299621582
3027,2,SEVERE,0.36374983191490173,0.41808024048805237
3028,2,SEVERE,0.36374983191490173,0.41807764768600464
3029,1,MODERATE,0.5211973786354065,0.7790643572807312
3030,1,MODERATE,0.4231612980365753,0.5616919994354248
3031,1,MODERATE,0.738620936870575,1.437386393547058
3032,1,MODERATE,0.4395904541015625,0.6182137131690979
3033,2,SEVERE,0.7593287825584412,1.5611871480941772
3034,2,SEVERE,0.3713158965110779,0.3836115598678589
3035,0,LOW,0.4858545958995819,0.9396488666534424
3036,2,SEVERE,0.4521222710609436,0.8389742374420166
3037,1,MODERATE,0.49508947134017944,0.8792483806610107
3038,0,LOW,0.40453681349754333,0.770676851272583
3039,1,MODERATE,0.39484378695487976,0.6152548789978027
3040,1,MODERATE,0.45803216099739075,0.7108031511306763
3041,2,SEVERE,0.4515450596809387,0.9325610995292664
3042,2,SEVERE,0.46987757086753845,0.9348190426826477
3043,1,MODERATE,0.49295955896377563,0.8296525478363037
3044,1,MODERATE,0.38668501377105713,0.6148917078971863
3045,2,SEVERE,0.37544891238212585,0.993960440158844
3046,1,MODERATE,0.42625153064727783,0.5241575241088867
3047,1,MODERATE,0.600096583366394,0.813605546951294
3048,2,SEVERE,0.6517657041549683,1.3953406810760498
3049,2,SEVERE,0.4511886537075043,0.9744278788566589
3050,2,SEVERE,0.4912645220756531,1.0254253149032593
3051,2,SEVERE,0.4261368215084076,0.9776831865310669
3052,2,SEVERE,0.4903430938720703,1.0575344562530518
3053,2,SEVERE,0.6366443634033203,1.4340834617614746
3054,1,MODERATE,0.360943466424942,0.5509539246559143
3055,1,MODERATE,0.45268094539642334,0.6575640439987183
3056,0,LOW,0.525324821472168,1.806725263595581
3057,1,MODERATE,0.5793247222900391,1.0717687606811523
3058,2,SEVERE,0.4544670879840851,0.9100662469863892
3059,2,SEVERE,0.5712156891822815,0.9303385615348816
3060,2,SEVERE,0.5461871027946472,1.0604090690612793
3061,1,MODERATE,0.44148120284080505,0.6074807047843933
3062,1,MODERATE,0.46999162435531616,0.9157429337501526
3063,2,SEVERE,0.5081614255905151,0.9325681924819946
3064,2,SEVERE,0.39238491654396057,1.046626091003418
3065,2,SEVERE,0.4711346924304962,1.0533888339996338
3066,2,SEVERE,0.365188330411911,1.163968801498413
3067,1,MODERATE,0.4027981758117676,0.610535204410553
3068,2,SEVERE,0.5364489555358887,0.9981610178947449
3069,2,SEVERE,0.4972838759422302,0.9664473533630371
3070,1,MODERATE,0.3762888014316559,0.6727997660636902
3071,2,SEVERE,0.5086744427680969,0.9557827711105347
3072,2,SEVERE,0.5016927719116211,1.0381813049316406
3073,2,SEVERE,0.4538804292678833,1.0650646686553955
3074,1,MODERATE,0.3973937928676605,0.571227490901947
3075,1,MODERATE,0.3975875675678253,0.5708411931991577
3076,2,SEVERE,0.5518453121185303,1.0378389358520508
3077,2,SEVERE,0.5313764214515686,1.0350888967514038
3078,2,SEVERE,0.42639032006263733,0.9288533329963684
3079,2,SEVERE,0.5739283561706543,1.0355499982833862
3080,2,SEVERE,0.5644965171813965,1.0355499982833862
3081,2,SEVERE,0.6668799519538879,1.3627873659133911
3082,2,SEVERE,0.56535804271698,1.1312116384506226
3083,2,SEVERE,0.5486489534378052,1.0577675104141235
3084,2,SEVERE,0.439425528049469,1.126513957977295
3085,2,SEVERE,0.7665731310844421,1.6743192672729492
3086,2,SEVERE,0.5899245738983154,1.088291883468628
3087,2,SEVERE,0.5064109563827515,1.0507055521011353
3088,2,SEVERE,0.5679779648780823,1.0499154329299927
3089,2,SEVERE,0.5356078147888184,1.12078857421875
3090,2,SEVERE,0.47627246379852295,1.2505707740783691
3091,2,SEVERE,0.42144474387168884,1.3981443643569946
3092,2,SEVERE,0.364011287689209,1.451366901397705
3093,2,SEVERE,0.6098242998123169,1.1073719263076782
3094,2,SEVERE,0.6285919547080994,1.313044548034668
3095,2,SEVERE,0.7306206226348877,1.3057804107666016
3096,2,SEVERE,0.43669024109840393,1.5198218822479248
3097,2,SEVERE,0.5230879187583923,1.0775091648101807
3098,2,SEVERE,0.631908655166626,1.1902765035629272
3099,2,SEVERE,0.614538848400116,1.1820595264434814
3100,2,SEVERE,0.5795666575431824,1.2018667459487915
3101,2,SEVERE,0.7237935066223145,1.2131377458572388
3102,2,SEVERE,0.4446418583393097,1.7910979986190796
3103,2,SEVERE,0.6325617432594299,1.245529294013977
3104,2,SEVERE,0.4700874388217926,1.6370846033096313
3105,2,SEVERE,0.7006786465644836,1.2947255373001099
3106,2,SEVERE,0.7011233568191528,1.2947255373001099
3107,2,SEVERE,0.7429417371749878,1.3574621677398682
3108,2,SEVERE,0.6465911865234375,1.3570894002914429
3109,2,SEVERE,0.6855960488319397,1.3074463605880737
3110,2,SEVERE,0.6933285593986511,1.3011311292648315
3111,2,SEVERE,0.8440121412277222,1.7475789785385132
3112,2,SEVERE,0.4378311336040497,1.5981497764587402
3113,2,SEVERE,0.5056828856468201,1.8423068523406982
3114,2,SEVERE,0.6343410015106201,1.2718136310577393
3115,2,SEVERE,0.8314730525016785,1.7403517961502075
3116,0,LOW,0.5343807339668274,1.9554455280303955
3117,0,LOW,0.5745858550071716,1.896354079246521
3118,2,SEVERE,0.6426047682762146,1.3350027799606323
3119,1,MODERATE,0.5323715209960938,1.9464997053146362
3120,2,SEVERE,0.6503613591194153,1.5113818645477295
3121,2,SEVERE,0.7216408848762512,1.3363617658615112
3122,2,SEVERE,0.8017228245735168,1.498052954673767
3123,2,SEVERE,0.590238630771637,1.5459089279174805
3124,2,SEVERE,0.6790243983268738,1.3470890522003174
3125,2,SEVERE,0.5008160471916199,1.3371294736862183
3126,2,SEVERE,0.5564447045326233,1.59157395362854
3127,2,SEVERE,0.8276478052139282,1.507568120956421
3128,2,SEVERE,0.7347328066825867,1.3755593299865723
3129,2,SEVERE,0.7006368637084961,1.3889100551605225
3130,2,SEVERE,0.6934898495674133,1.431935429573059
3131,2,SEVERE,0.5475555658340454,1.468522548675537
3132,2,SEVERE,0.9198817014694214,2.291396141052246
3133,2,SEVERE,0.6590659022331238,1.3378278017044067
3134,2,SEVERE,0.626038134098053,1.320290446281433
3135,2,SEVERE,0.8322356939315796,1.523565411567688
3136,2,SEVERE,0.7067095041275024,1.477095603942871
3137,2,SEVERE,0.7916104197502136,1.4590034484863281
3138,2,SEVERE,0.6010973453521729,1.8813505172729492
3139,2,SEVERE,0.8369317650794983,1.807860016822815
3140,2,SEVERE,0.5808750987052917,1.7703815698623657
3141,2,SEVERE,0.4244641065597534,2.0561232566833496
3142,2,SEVERE,0.6849547624588013,1.62870192527771
3143,2,SEVERE,0.793123722076416,1.6166359186172485
3144,2,SEVERE,0.7080942988395691,1.5356007814407349
3145,0,LOW,0.4806210994720459,2.2108352184295654
3146,2,SEVERE,0.6631457209587097,1.805821418762207
3147,2,SEVERE,0.6939939260482788,1.6078100204467773
3148,2,SEVERE,0.8153414726257324,1.6952180862426758
3149,2,SEVERE,0.6925401091575623,1.8055448532104492
3150,2,SEVERE,0.6142289042472839,1.6292884349822998
3151,2,SEVERE,0.515562117099762,1.7103139162063599
3152,2,SEVERE,0.5483675599098206,1.632439136505127
3153,2,SEVERE,0.5643093585968018,1.77131986618042
3154,2,SEVERE,0.7120892405509949,1.6721086502075195
3155,2,SEVERE,0.6630235314369202,1.3696852922439575
3156,2,SEVERE,0.7563173174858093,1.3754222393035889
3157,2,SEVERE,0.7902517318725586,1.4556989669799805
3158,2,SEVERE,0.6829214692115784,1.3182575702667236
3159,2,SEVERE,0.6992207765579224,1.7597763538360596
3160,2,SEVERE,0.6062910556793213,1.7859708070755005
3161,2,SEVERE,0.7820819020271301,1.56211256980896
3162,2,SEVERE,0.7137073278427124,1.679684042930603
3163,2,SEVERE,0.6380274891853333,1.6458338499069214
3164,2,SEVERE,0.7462947964668274,1.5269008874893188
3165,2,SEVERE,0.6342970728874207,1.5088489055633545
3166,2,SEVERE,0.7060791850090027,1.588494062423706
3167,2,SEVERE,0.5528918504714966,1.370519995689392
3168,2,SEVERE,0.5557718276977539,1.3776390552520752
3169,2,SEVERE,0.6160082221031189,1.331040859222412
3170,2,SEVERE,0.4293079674243927,1.6134612560272217
3171,2,SEVERE,0.525671660900116,1.5568690299987793
3172,1,MODERATE,0.5899656414985657,1.7537063360214233
3173,2,SEVERE,0.6711775660514832,1.3136974573135376
3174,2,SEVERE,0.628894567489624,1.4313620328903198
3175,2,SEVERE,0.8278096914291382,1.8147385120391846
3176,1,MODERATE,0.47052115201950073,0.9049301147460938
3177,2,SEVERE,0.5178296566009521,1.2141995429992676
3178,2,SEVERE,0.6186311841011047,1.3360061645507812
3179,2,SEVERE,0.5380286574363708,1.3084380626678467
3180,2,SEVERE,0.5413880348205566,1.2913596630096436
3181,0,LOW,0.37916404008865356,1.940601110458374
3182,2,SEVERE,0.6738849878311157,1.322186827659607
3183,2,SEVERE,0.7284062504768372,1.4211559295654297
3184,2,SEVERE,0.7963608503341675,1.4898080825805664
3185,2,SEVERE,0.4410596489906311,1.7220039367675781
3186,2,SEVERE,0.7545189261436462,1.5284600257873535
3187,2,SEVERE,0.41331809759140015,1.5414745807647705
3188,2,SEVERE,0.6740243434906006,1.3582322597503662
3189,0,LOW,0.3477734327316284,1.7825950384140015
3190,2,SEVERE,0.607587993144989,1.3010343313217163
3191,2,SEVERE,0.5647777915000916,1.2261104583740234
3192,2,SEVERE,0.7329277992248535,1.5504834651947021
3193,2,SEVERE,0.777419924736023,1.7977354526519775
3194,2,SEVERE,0.7176439762115479,2.087632656097412
3195,2,SEVERE,0.48932716250419617,1.3699151277542114
3196,1,MODERATE,0.39914876222610474,0.7373148798942566
3197,2,SEVERE,0.5689038038253784,1.3070793151855469
3198,2,SEVERE,0.5388092994689941,1.3070793151855469
3199,2,SEVERE,0.5364120602607727,1.286302089691162
3200,2,SEVERE,0.4272056818008423,1.2245768308639526
3201,2,SEVERE,0.48291337490081787,1.4706860780715942
3202,2,SEVERE,0.777077853679657,2.0070197582244873
3203,0,LOW,0.5824865102767944,2.2164509296417236
3204,1,MODERATE,0.5133345127105713,0.8405107259750366
3205,1,MODERATE,0.42455238103866577,0.6583731770515442
3206,2,SEVERE,0.46239784359931946,1.1601827144622803
3207,0,LOW,0.5240679979324341,1.493770718574524
3208,2,SEVERE,0.5550784468650818,1.5226900577545166
3209,2,SEVERE,0.5452379584312439,1.4112129211425781
3210,1,MODERATE,0.36649566888809204,0.6140522956848145
3211,2,SEVERE,0.41648009419441223,1.1296573877334595
3212,0,LOW,0.5476304888725281,1.3869068622589111
3213,1,MODERATE,0.4339924156665802,0.9748703241348267
3214,2,SEVERE,0.513704776763916,1.212018370628357
3215,1,MODERATE,0.36694660782814026,0.5896353721618652
3216,0,LOW,0.6270703673362732,1.4964954853057861
3217,0,LOW,0.43914783000946045,0.9589284658432007
3218,2,SEVERE,0.5221157073974609,1.2865866422653198
3219,0,LOW,0.5404857397079468,1.0269486904144287
3220,1,MODERATE,0.4209321141242981,1.22953462600708
3221,0,LOW,0.4616199731826782,0.6280088424682617
3222,2,SEVERE,0.41855132579803467,1.1136959791183472
3223,1,MODERATE,0.4482446312904358,0.765147864818573
3224,0,LOW,0.4119027853012085,0.45764631032943726
3225,0,LOW,0.40201395750045776,0.5283982157707214
3226,0,LOW,0.5560728311538696,0.8030771613121033
3227,0,LOW,0.3861751854419708,1.093092679977417
3228,0,LOW,0.5348891019821167,0.5936126708984375
3229,0,LOW,0.3999479115009308,0.6504644155502319
3230,0,LOW,0.4295786917209625,0.669940710067749
3231,0,LOW,0.529607892036438,0.6387447118759155
3232,0,LOW,0.6854090690612793,1.3790684938430786
3233,0,LOW,0.3803156614303589,0.33608561754226685
3234,0,LOW,0.4496136009693146,0.33063775300979614
3235,0,LOW,0.4753870666027069,0.4782130718231201
3236,2,SEVERE,0.3609297573566437,0.9258219003677368
3237,0,LOW,0.6676542162895203,1.0980072021484375
3238,0,LOW,0.6605789065361023,1.0980072021484375
3239,2,SEVERE,0.7396798133850098,2.0213639736175537
3240,1,MODERATE,0.4124884307384491,0.6676048040390015
3241,0,LOW,0.5018112659454346,0.6889023780822754
3242,0,LOW,0.45229583978652954,0.5616210699081421
3243,0,LOW,0.3899804651737213,0.45346641540527344
3244,0,LOW,0.38021430373191833,0.5010457634925842
3245,0,LOW,0.4828210771083832,0.5319777727127075
3246,0,LOW,0.710078239440918,1.2585275173187256
3247,0,LOW,0.5953740477561951,0.9892773628234863
3248,1,MODERATE,0.4635107219219208,0.7455568909645081
3249,1,MODERATE,0.38307058811187744,0.46518442034721375
3250,0,LOW,0.4588424563407898,0.3912616968154907
3251,0,LOW,0.41659289598464966,0.5207880139350891
3252,0,LOW,0.41094592213630676,0.6444347500801086
3253,0,LOW,0.6895651817321777,1.3533371686935425
3254,0,LOW,0.5032274723052979,0.4796871542930603
3255,0,LOW,0.44525575637817383,0.7202549576759338
3256,0,LOW,0.4266914129257202,0.7339612245559692
3257,1,MODERATE,0.4939432144165039,0.7501274347305298
3258,0,LOW,0.5236484408378601,0.5802953839302063
3259,0,LOW,0.6270124316215515,0.7862194776535034
3260,0,LOW,0.43255823850631714,0.7164508700370789
3261,1,MODERATE,0.47670888900756836,0.5402182340621948
3262,0,LOW,0.4248339533805847,0.5894885659217834
3263,0,LOW,0.44918933510780334,0.7356064319610596
3264,0,LOW,0.4828035235404968,0.5799596905708313
3265,0,LOW,0.4919382631778717,0.5014176964759827
3266,0,LOW,0.7418718338012695,1.6056815385818481
3267,0,LOW,0.6120189428329468,0.8850852251052856
3268,0,LOW,0.7116491794586182,0.8265376091003418
3269,0,LOW,0.599297821521759,0.7658356428146362
3270,0,LOW,0.42288926243782043,0.8955598473548889
3271,0,LOW,0.5341753959655762,0.6244570016860962
3272,1,MODERATE,0.5176649689674377,0.9875973463058472
3273,0,LOW,0.5646405816078186,0.6639818549156189
3274,0,LOW,0.6035768985748291,0.85112464427948
3275,0,LOW,0.6703009009361267,0.8554332256317139
3276,0,LOW,0.7713680863380432,1.3285750150680542
3277,0,LOW,0.4851363003253937,0.8414520621299744
3278,0,LOW,0.7581710815429688,1.2416012287139893
3279,0,LOW,0.7098814249038696,0.97291499376297
3280,0,LOW,0.637134850025177,0.7770041227340698
3281,0,LOW,0.5769931674003601,0.6833371520042419
3282,0,LOW,0.5827544331550598,0.6509671211242676
3283,0,LOW,0.574023425579071,0.6866732239723206
3284,0,LOW,0.6459944248199463,0.8829026222229004
3285,0,LOW,0.5095857381820679,0.6366770267486572
3286,0,LOW,0.49665185809135437,0.8465154767036438
3287,0,LOW,0.5727118849754333,0.691178560256958
3288,0,LOW,0.509209394454956,0.6155577898025513
3289,0,LOW,0.7331803441047668,1.2393267154693604
3290,0,LOW,0.5269494652748108,0.5187126994132996
3291,0,LOW,0.5269494652748108,0.5197667479515076
3292,0,LOW,0.519207239151001,0.5672825574874878
3293,1,MODERATE,0.46588677167892456,0.9341842532157898
3294,0,LOW,0.6069226264953613,1.080690622329712
3295,0,LOW,0.6580215692520142,0.82649165391922
3296,1,MODERATE,0.45111703872680664,0.6025835871696472
3297,0,LOW,0.6397307515144348,0.7317193746566772
3298,0,LOW,0.6193248629570007,0.6958445310592651
3299,0,LOW,0.6084913611412048,0.6407892107963562
3300,0,LOW,0.6389529705047607,0.9276484847068787
3301,0,LOW,0.6296851634979248,0.9671822786331177
3302,1,MODERATE,0.4168114960193634,0.5709216594696045
3303,1,MODERATE,0.5206208229064941,0.7525764107704163
3304,0,LOW,0.6113042831420898,1.0578243732452393
3305,0,LOW,0.5949559807777405,0.7623245120048523
3306,0,LOW,0.5006651878356934,0.5198507308959961
3307,1,MODERATE,0.43212422728538513,0.575605034828186
3308,0,LOW,0.5714470744132996,0.7101321816444397
3309,0,LOW,0.5958703756332397,0.6181660890579224
3310,0,LOW,0.5838198661804199,0.6611282825469971
3311,0,LOW,0.7672131657600403,1.377465009689331
3312,1,MODERATE,0.4381881058216095,0.5801211595535278
3313,0,LOW,0.6814533472061157,1.1196041107177734
3314,1,MODERATE,0.5264054536819458,0.9395595788955688
3315,0,LOW,0.48034781217575073,0.6514994502067566
3316,1,MODERATE,0.5077940821647644,0.7084805369377136
3317,1,MODERATE,0.48066461086273193,0.55116868019104
3318,0,LOW,0.5687562823295593,0.6416333913803101
3319,1,MODERATE,0.7547949552536011,0.9835234880447388
3320,0,LOW,0.5255103707313538,0.5728837847709656
3321,0,LOW,0.5636951923370361,0.6984649896621704
3322,0,LOW,0.712334930896759,1.1100640296936035
3323,0,LOW,0.7807436585426331,1.472981572151184
3324,0,LOW,0.5524467825889587,0.7227241396903992
3325,0,LOW,0.5097072124481201,0.6505752205848694
3326,0,LOW,0.606428325176239,0.786299467086792
3327,0,LOW,0.5560966730117798,0.7294793128967285
3328,0,LOW,0.519286572933197,0.736454963684082
3329,0,LOW,0.4176822006702423,0.7488754987716675
3330,0,LOW,0.6209445595741272,0.9990192651748657
3331,0,LOW,0.5378968715667725,0.7279825806617737
3332,0,LOW,0.4263344705104828,0.7434938549995422
3333,0,LOW,0.5387707352638245,0.8398200273513794
3334,0,LOW,0.4670730531215668,0.6538456678390503
3335,0,LOW,0.5515734553337097,0.770033061504364
3336,0,LOW,0.54560786485672,0.7886118292808533
3337,0,LOW,0.40683993697166443,0.9786533117294312
3338,0,LOW,0.7290387749671936,1.4612748622894287
3339,0,LOW,0.6033893823623657,0.723856508731842
3340,0,LOW,0.6710619330406189,1.3987188339233398
3341,0,LOW,0.5828681588172913,0.8615111112594604
3342,0,LOW,0.6067835092544556,0.8989742994308472
3343,0,LOW,0.6973617076873779,1.2425785064697266
3344,0,LOW,0.7104055285453796,0.8501055240631104
3345,0,LOW,0.6827375888824463,1.0094555616378784
3346,0,LOW,0.8322538137435913,1.4451513290405273
3347,0,LOW,0.7957384586334229,0.9600037336349487
3348,0,LOW,0.8083824515342712,1.4141292572021484
3349,0,LOW,0.7969393134117126,1.5426093339920044
3350,0,LOW,0.6682153940200806,1.3253679275512695
3351,0,LOW,0.7138264775276184,1.0634350776672363
3352,0,LOW,0.6115784645080566,1.27654230594635
3353,0,LOW,0.6652941703796387,0.8543215990066528
3354,0,LOW,0.6925355195999146,1.008834958076477
3355,0,LOW,0.7815588712692261,1.2475416660308838
3356,0,LOW,0.6994123458862305,0.8928456902503967
3357,0,LOW,0.5601884722709656,1.1516218185424805
3358,0,LOW,0.6944776773452759,1.143926739692688
3359,0,LOW,0.6548649668693542,0.9710046052932739
3360,0,LOW,0.6892286539077759,0.9187070727348328
3361,0,LOW,0.6309573650360107,1.2569913864135742
3362,0,LOW,0.6474893093109131,1.0219991207122803
3363,0,LOW,0.6688383221626282,1.0697293281555176
3364,0,LOW,0.5076812505722046,1.0559909343719482
3365,0,LOW,0.678990364074707,1.0110822916030884
3366,0,LOW,0.8199784755706787,1.5121053457260132
3367,0,LOW,0.7408818006515503,1.4341543912887573
3368,0,LOW,0.7570779323577881,1.264371633529663
3369,0,LOW,0.8394271731376648,1.5520870685577393
3370,0,LOW,0.6793211102485657,1.097382664680481
3371,0,LOW,0.536594569683075,1.6168980598449707
3372,0,LOW,0.645471453666687,0.9947113394737244
3373,0,LOW,0.6941773891448975,1.1633570194244385
3374,0,LOW,0.6521971821784973,1.071250319480896
3375,1,MODERATE,0.5632699728012085,1.3301444053649902
3376,0,LOW,0.7053067088127136,0.940260648727417
3377,0,LOW,0.5812029242515564,1.0465340614318848
3378,0,LOW,0.6433289051055908,0.9455835223197937
3379,0,LOW,0.7123442888259888,0.9775530099868774
3380,1,MODERATE,0.4879666864871979,1.1231846809387207
3381,0,LOW,0.7570942640304565,1.4022141695022583
3382,0,LOW,0.5913935303688049,1.0417555570602417
3383,0,LOW,0.6626405715942383,1.0744465589523315
3384,0,LOW,0.6811866164207458,1.1731022596359253
3385,0,LOW,0.6403421759605408,1.0719552040100098
3386,1,MODERATE,0.5224201083183289,1.3934180736541748
3387,0,LOW,0.59453284740448,1.0506641864776611
3388,0,LOW,0.47604069113731384,0.6217808723449707
3389,0,LOW,0.4686734080314636,0.6048986315727234
3390,0,LOW,0.4964641034603119,0.675550103187561
3391,2,SEVERE,0.945758044719696,2.8803374767303467
3392,2,SEVERE,0.9393501281738281,2.8040926456451416
3393,2,SEVERE,0.9212332367897034,3.1029632091522217
3394,2,SEVERE,0.9379767179489136,2.7995412349700928
3395,2,SEVERE,0.9344305396080017,2.764312982559204
3396,2,SEVERE,0.9387997984886169,2.8263378143310547
3397,2,SEVERE,0.9536585807800293,2.9627785682678223
3398,2,SEVERE,0.9165797829627991,2.872828722000122
3399,2,SEVERE,0.9052540063858032,2.8106658458709717
3400,2,SEVERE,0.8687063455581665,3.1038990020751953
3401,2,SEVERE,0.9157671332359314,2.914724349975586
3402,2,SEVERE,0.9237896800041199,3.036294460296631
3403,2,SEVERE,0.9185550212860107,3.0449655055999756
3404,2,SEVERE,0.9164693355560303,2.8748550415039062
3405,2,SEVERE,0.9446961283683777,3.1685872077941895
3406,2,SEVERE,0.9744345545768738,3.324050188064575
3407,2,SEVERE,0.9802969694137573,3.248201847076416
3408,2,SEVERE,0.9815142750740051,3.1826555728912354
3409,2,SEVERE,0.9817853569984436,3.196861743927002
3410,2,SEVERE,0.9743072390556335,3.395420551300049
3411,2,SEVERE,0.9654756784439087,3.5467398166656494
3412,2,SEVERE,0.9822240471839905,3.156733751296997
3413,2,SEVERE,0.9798062443733215,3.1630711555480957
3414,2,SEVERE,0.983184278011322,3.2166121006011963
3415,2,SEVERE,0.9808006882667542,3.574906349182129
3416,2,SEVERE,0.9771372675895691,3.2900214195251465
3417,2,SEVERE,0.9738857746124268,3.348504066467285
3418,2,SEVERE,0.9774550199508667,3.076810598373413
3419,2,SEVERE,0.981751024723053,3.0473287105560303
3420,2,SEVERE,0.9779380559921265,3.135662794113159
3421,2,SEVERE,0.9716209769248962,3.3764286041259766
3422,2,SEVERE,0.5231776237487793,3.7493762969970703
3423,2,SEVERE,0.5434396862983704,3.3403799533843994
3424,2,SEVERE,0.6086539626121521,3.469916343688965
3425,2,SEVERE,0.590023934841156,3.4159505367279053
3426,2,SEVERE,0.5211302042007446,3.516413450241089
3427,2,SEVERE,0.5909528136253357,3.4001801013946533
3428,2,SEVERE,0.862830400466919,3.1854724884033203
3429,2,SEVERE,0.9475513696670532,3.116239070892334
3430,2,SEVERE,0.9233975410461426,3.2308313846588135
3431,2,SEVERE,0.9601520895957947,3.144500494003296
3432,2,SEVERE,0.9293550848960876,3.451845407485962
3433,2,SEVERE,0.9360288381576538,3.140864849090576
3434,2,SEVERE,0.9422035813331604,3.0649523735046387
3435,2,SEVERE,0.9674471020698547,3.1332685947418213
3436,2,SEVERE,0.9611091613769531,3.130967617034912
3437,2,SEVERE,0.9670287370681763,3.1644794940948486
3438,2,SEVERE,0.9846952557563782,3.9872376918792725
3439,2,SEVERE,0.9875422120094299,3.8739354610443115
3440,2,SEVERE,0.9901206493377686,3.7751448154449463
3441,2,SEVERE,0.9874857068061829,4.133656024932861
3442,2,SEVERE,0.9894814491271973,3.563563823699951
3443,2,SEVERE,0.9901477694511414,3.5061256885528564
3444,2,SEVERE,0.9879096746444702,3.5527875423431396
3445,2,SEVERE,0.9884793162345886,4.061497211456299
3446,2,SEVERE,0.9872949719429016,3.7298567295074463
3447,2,SEVERE,0.9899165034294128,3.563119649887085
3448,2,SEVERE,0.9878130555152893,3.9368913173675537
3449,2,SEVERE,0.9894857406616211,3.5816409587860107
3450,2,SEVERE,0.990084171295166,3.5567948818206787
3451,2,SEVERE,0.9880456328392029,3.9174387454986572
3452,2,SEVERE,0.9876641631126404,3.4989519119262695
3453,2,SEVERE,0.988964319229126,3.7873575687408447
3454,2,SEVERE,0.9897047877311707,3.5335195064544678
3455,2,SEVERE,0.9909579753875732,3.617154121398926
3456,2,SEVERE,0.9897016286849976,3.501152276992798
3457,2,SEVERE,0.991913914680481,3.486680746078491
3458,2,SEVERE,0.9901156425476074,3.494835376739502
3459,2,SEVERE,0.9909441471099854,3.48624324798584
3460,2,SEVERE,0.9901919364929199,3.5280613899230957
3461,2,SEVERE,0.9892953038215637,3.5280613899230957
3462,2,SEVERE,0.9918990135192871,3.4283158779144287
3463,2,SEVERE,0.9934340715408325,3.838548421859741
3464,2,SEVERE,0.9890755414962769,3.7116196155548096
3465,2,SEVERE,0.9914412498474121,3.5525882244110107
3466,2,SEVERE,0.9904794096946716,3.5236868858337402
3467,2,SEVERE,0.9901866912841797,4.120095729827881
3468,2,SEVERE,0.9907083511352539,3.701141595840454
3469,2,SEVERE,0.9918954968452454,3.499690055847168
3470,2,SEVERE,0.9917113780975342,3.4764325618743896
3471,2,SEVERE,0.9917507767677307,3.5490670204162598
3472,2,SEVERE,0.9897979497909546,3.570422649383545
3473,2,SEVERE,0.990617573261261,3.5027449131011963
3474,2,SEVERE,0.992168128490448,3.5278210639953613
3475,2,SEVERE,0.9925841093063354,3.955951452255249
3476,2,SEVERE,0.9913889765739441,3.4736809730529785
3477,2,SEVERE,0.9909379482269287,3.576049327850342
3478,2,SEVERE,0.9906538128852844,3.4940080642700195
3479,2,SEVERE,0.994455873966217,3.8287971019744873
3480,2,SEVERE,0.9903243780136108,3.4828264713287354
3481,2,SEVERE,0.9905029535293579,3.4649875164031982
3482,2,SEVERE,0.9914904236793518,3.830399513244629
3483,2,SEVERE,0.9924501180648804,3.5457212924957275
3484,2,SEVERE,0.9888131022453308,3.4635026454925537
3485,2,SEVERE,0.9897913932800293,3.680840492248535
3486,2,SEVERE,0.992024302482605,3.483607530593872
3487,2,SEVERE,0.9909785985946655,3.457550048828125
3488,2,SEVERE,0.990436851978302,4.261736869812012
3489,2,SEVERE,0.99276202917099,3.7916502952575684
3490,2,SEVERE,0.9899945855140686,3.441575288772583
3491,2,SEVERE,0.9919984936714172,3.4654948711395264
3492,2,SEVERE,0.9957119226455688,4.366328239440918
3493,2,SEVERE,0.9918829202651978,3.858710527420044
3494,2,SEVERE,0.9903501868247986,4.253048896789551
3495,2,SEVERE,0.9888562560081482,3.599477529525757
3496,2,SEVERE,0.9893922805786133,3.4893991947174072
3497,2,SEVERE,0.9922405481338501,3.4805994033813477
3498,2,SEVERE,0.9894904494285583,3.507462501525879
3499,2,SEVERE,0.9917743802070618,3.4360084533691406
3500,2,SEVERE,0.9918467998504639,3.356480836868286
3501,2,SEVERE,0.9893630146980286,3.5496323108673096
3502,2,SEVERE,0.9919180274009705,3.4716861248016357
3503,2,SEVERE,0.9904037714004517,3.4025654792785645
3504,2,SEVERE,0.9918096661567688,3.4773879051208496
3505,2,SEVERE,0.9885213375091553,3.708822250366211
3506,2,SEVERE,0.9873942136764526,3.8647942543029785
3507,2,SEVERE,0.9914698004722595,3.4706850051879883
3508,2,SEVERE,0.9943434000015259,3.78126859664917
3509,2,SEVERE,0.9899675846099854,3.7241108417510986
3510,2,SEVERE,0.9900244474411011,3.400679349899292
3511,2,SEVERE,0.9925328493118286,3.4376800060272217
3512,2,SEVERE,0.9918602108955383,3.4706850051879883
3513,2,SEVERE,0.9897980690002441,3.462463140487671
3514,2,SEVERE,0.9883528351783752,3.47151780128479
3515,2,SEVERE,0.9810644388198853,3.101433277130127
3516,2,SEVERE,0.9604004621505737,3.4159884452819824
3517,2,SEVERE,0.9705650210380554,3.303891897201538
3518,2,SEVERE,0.9735575318336487,3.359060287475586
3519,2,SEVERE,0.9858371019363403,3.218949317932129
3520,2,SEVERE,0.9746220707893372,3.122657537460327
3521,2,SEVERE,0.9687495827674866,3.3234715461730957
3522,2,SEVERE,0.9786067008972168,3.1342077255249023
3523,2,SEVERE,0.9710743427276611,3.213820219039917
3524,2,SEVERE,0.9836808443069458,3.437959671020508
3525,2,SEVERE,0.9856942296028137,3.6190948486328125
3526,2,SEVERE,0.9641981720924377,3.338743209838867
3527,2,SEVERE,0.9786100387573242,3.098278760910034
3528,2,SEVERE,0.9915845394134521,4.063685894012451
3529,2,SEVERE,0.9509291052818298,3.617551803588867
3530,2,SEVERE,0.9494191408157349,3.2487192153930664
3531,2,SEVERE,0.9834268093109131,3.1765995025634766
3532,2,SEVERE,0.9721825122833252,3.5199642181396484
3533,2,SEVERE,0.9757929444313049,3.3594703674316406
3534,2,SEVERE,0.9821780323982239,3.6942591667175293
3535,2,SEVERE,0.9943758249282837,4.06153678894043
3536,2,SEVERE,0.9779853820800781,3.390361785888672
3537,2,SEVERE,0.9826966524124146,3.0866658687591553
3538,2,SEVERE,0.9862327575683594,3.2374584674835205
3539,2,SEVERE,0.9814683198928833,3.3888025283813477
3540,0,LOW,0.7196269631385803,1.4727215766906738
3541,0,LOW,0.7950623035430908,1.5585265159606934
3542,0,LOW,0.6814785599708557,1.2460838556289673
3543,0,LOW,0.8135634660720825,1.3709663152694702
3544,0,LOW,0.8255139589309692,1.5886270999908447
3545,0,LOW,0.6688418388366699,1.2795897722244263
3546,0,LOW,0.760309636592865,1.3087815046310425
3547,0,LOW,0.8059033751487732,1.4368400573730469
3548,0,LOW,0.8671761155128479,1.6094746589660645
3549,0,LOW,0.7774099111557007,1.7009074687957764
3550,0,LOW,0.7494606375694275,1.4425091743469238
3551,0,LOW,0.6991364359855652,1.7442022562026978
3552,0,LOW,0.8211501240730286,1.5437161922454834
3553,0,LOW,0.8123606443405151,1.452833652496338
3554,0,LOW,0.727008044719696,1.9333758354187012
3555,0,LOW,0.7158762812614441,1.2407516241073608
3556,0,LOW,0.7351900935173035,1.5788745880126953
3557,0,LOW,0.7453704476356506,1.7590535879135132
3558,0,LOW,0.8763019442558289,1.9414020776748657
3559,0,LOW,0.8304466605186462,1.4699265956878662
3560,0,LOW,0.5755528807640076,2.0472230911254883
3561,0,LOW,0.7110715508460999,1.6082603931427002
3562,0,LOW,0.7117817401885986,2.0301835536956787
3563,0,LOW,0.6982142329216003,1.1657668352127075
3564,1,MODERATE,0.5759985446929932,1.3646891117095947
3565,0,LOW,0.6455987691879272,1.0521345138549805
3566,0,LOW,0.7647690773010254,1.2549794912338257
3567,0,LOW,0.767824113368988,1.2259029150009155
3568,0,LOW,0.7739203572273254,1.2959727048873901
3569,0,LOW,0.706360399723053,1.0077316761016846
3570,0,LOW,0.5661119818687439,0.9800772666931152
3571,0,LOW,0.8019234538078308,1.53782320022583
3572,0,LOW,0.6458497047424316,0.896958589553833
3573,0,LOW,0.7084161043167114,1.1992732286453247
3574,0,LOW,0.7787466049194336,1.3829678297042847
3575,0,LOW,0.5571976900100708,0.7354705333709717
3576,0,LOW,0.7178239822387695,1.0390868186950684
3577,0,LOW,0.4859910011291504,1.0337404012680054
3578,0,LOW,0.8593923449516296,1.7879137992858887
3579,0,LOW,0.7181661128997803,0.97751784324646
3580,0,LOW,0.4696364104747772,1.3437128067016602
3581,0,LOW,0.7622434496879578,1.2596750259399414
3582,0,LOW,0.6837189793586731,1.0353515148162842
3583,0,LOW,0.795298159122467,1.2967146635055542
3584,0,LOW,0.6867586970329285,1.0203819274902344
3585,0,LOW,0.6001639366149902,0.8806629776954651
3586,1,MODERATE,0.4429663419723511,1.0192914009094238
3587,1,MODERATE,0.3828321099281311,0.7775306701660156
3588,0,LOW,0.7594128251075745,1.4455244541168213
3589,0,LOW,0.6736570596694946,1.0547828674316406
3590,1,MODERATE,0.454997718334198,0.9922603368759155
3591,0,LOW,0.48841217160224915,0.4718579053878784
3592,0,LOW,0.7397549152374268,1.3353116512298584
3593,2,SEVERE,0.6048881411552429,1.7691340446472168
3594,0,LOW,0.6127997040748596,0.8328030705451965
3595,0,LOW,0.48654043674468994,0.4802309572696686
3596,1,MODERATE,0.3978215157985687,0.695208728313446
3597,0,LOW,0.7048141956329346,1.1838231086730957
3598,0,LOW,0.44101783633232117,0.43399351835250854
3599,0,LOW,0.45469754934310913,0.435369610786438
3600,0,LOW,0.5768517255783081,0.8492733836174011
3601,0,LOW,0.43273642659187317,0.3588954508304596
3602,0,LOW,0.5481113791465759,0.6127175092697144
3603,0,LOW,0.40349259972572327,0.3275243043899536
3604,0,LOW,0.4768722355365753,0.6912225484848022
3605,0,LOW,0.4095962941646576,0.33216315507888794
3606,2,SEVERE,0.38973402976989746,0.595055103302002
3607,0,LOW,0.49543872475624084,0.42409396171569824
3608,2,SEVERE,0.4610336720943451,0.671703040599823
3609,2,SEVERE,0.4411737024784088,0.7876376509666443
3610,0,LOW,0.6692584753036499,1.499077320098877
3611,2,SEVERE,0.5099478960037231,1.0644505023956299
3612,2,SEVERE,0.4386604428291321,0.919487476348877
3613,2,SEVERE,0.5044797658920288,1.1578476428985596
3614,2,SEVERE,0.4330838918685913,0.9302009344100952
3615,2,SEVERE,0.439358115196228,0.9268662333488464
3616,2,SEVERE,0.49192291498184204,0.9821755886077881
3617,2,SEVERE,0.38242873549461365,0.9013416171073914
3618,2,SEVERE,0.42396754026412964,0.966668426990509
3619,2,SEVERE,0.4286184012889862,0.8970574736595154
3620,2,SEVERE,0.43666496872901917,0.9095103740692139
3621,2,SEVERE,0.3424355387687683,0.9346473217010498
3622,2,SEVERE,0.4439077377319336,0.9487529397010803
3623,2,SEVERE,0.4810555875301361,0.9555685520172119
3624,2,SEVERE,0.3827759325504303,1.1951446533203125
3625,0,LOW,0.4508078396320343,0.75495445728302
3626,2,SEVERE,0.5371681451797485,1.1913076639175415
3627,0,LOW,0.44432827830314636,0.662423312664032
3628,0,LOW,0.4798431396484375,0.877733588218689
3629,2,SEVERE,0.46261078119277954,1.0442754030227661
3630,2,SEVERE,0.45473363995552063,1.0322163105010986
3631,2,SEVERE,0.8477328419685364,2.1377243995666504
3632,2,SEVERE,0.4707711338996887,1.0157802104949951
3633,1,MODERATE,0.5918644070625305,1.3998632431030273
3634,2,SEVERE,0.5562085509300232,1.1047310829162598
3635,2,SEVERE,0.5576967000961304,1.1204837560653687
3636,0,LOW,0.47412562370300293,0.8911206722259521
3637,2,SEVERE,0.6220575571060181,1.2482266426086426
3638,2,SEVERE,0.45316529273986816,0.9609614610671997
3639,2,SEVERE,0.5517386794090271,1.110560655593872
3640,0,LOW,0.3943387567996979,1.1216135025024414
3641,2,SEVERE,0.4185545742511749,1.4041155576705933
3642,2,SEVERE,0.588957667350769,1.131182074546814
3643,2,SEVERE,0.5680367946624756,1.0538405179977417
3644,2,SEVERE,0.5605266094207764,1.0817780494689941
3645,2,SEVERE,0.5626853108406067,1.0280245542526245
3646,2,SEVERE,0.606732964515686,1.1620328426361084
3647,2,SEVERE,0.36804622411727905,1.2867941856384277
3648,2,SEVERE,0.5186118483543396,1.0102888345718384
3649,2,SEVERE,0.5000230669975281,1.0401076078414917
3650,2,SEVERE,0.45656853914260864,0.97461998462677
3651,2,SEVERE,0.38200142979621887,1.2964158058166504
3652,2,SEVERE,0.7101531028747559,1.4308805465698242
3653,2,SEVERE,0.8048248887062073,2.112748861312866
3654,2,SEVERE,0.535575807094574,1.019887924194336
3655,0,LOW,0.5520761609077454,1.8550059795379639
3656,2,SEVERE,0.6459774374961853,1.649587631225586
3657,2,SEVERE,0.7157850861549377,1.8924206495285034
3658,2,SEVERE,0.7056704163551331,1.8924202919006348
3659,2,SEVERE,0.7216027975082397,1.8994981050491333
3660,2,SEVERE,0.46679651737213135,1.3560075759887695
3661,2,SEVERE,0.5806785821914673,0.9974222183227539
3662,2,SEVERE,0.5469996333122253,1.022657871246338
3663,2,SEVERE,0.5066660046577454,1.037320852279663
3664,2,SEVERE,0.5852531790733337,1.1553254127502441
3665,2,SEVERE,0.4962455928325653,0.9482890963554382
3666,2,SEVERE,0.4837001860141754,1.2075737714767456
3667,0,LOW,0.4689759910106659,1.0730395317077637
3668,1,MODERATE,0.4261554181575775,0.8683376312255859
3669,2,SEVERE,0.45815369486808777,1.0487688779830933
3670,2,SEVERE,0.5322903394699097,1.0415515899658203
3671,2,SEVERE,0.5984526872634888,1.0919995307922363
3672,2,SEVERE,0.45598384737968445,1.2916908264160156
3673,0,LOW,0.4198821187019348,1.1333153247833252
3674,2,SEVERE,0.4060952067375183,1.20376455783844
3675,2,SEVERE,0.5114959478378296,1.0168036222457886
3676,2,SEVERE,0.5486822128295898,1.0265127420425415
3677,2,SEVERE,0.5919201970100403,1.1613178253173828
3678,0,LOW,0.6741001605987549,1.46901535987854
3679,0,LOW,0.37933745980262756,0.9800537824630737
3680,2,SEVERE,0.6686684489250183,1.0770821571350098
3681,2,SEVERE,0.6539595127105713,1.1763765811920166
3682,2,SEVERE,0.5619785189628601,1.0584043264389038
3683,2,SEVERE,0.6328657865524292,1.0919071435928345
3684,2,SEVERE,0.5379845499992371,1.1525137424468994
3685,2,SEVERE,0.6439991593360901,1.0861279964447021
3686,0,LOW,0.765311062335968,1.8176710605621338
3687,2,SEVERE,0.42134299874305725,1.2993313074111938
3688,2,SEVERE,0.549935519695282,1.0893371105194092
3689,2,SEVERE,0.6868482828140259,1.5853065252304077
3690,2,SEVERE,0.5341939926147461,1.0529506206512451
3691,2,SEVERE,0.6775476336479187,1.3027312755584717
3692,2,SEVERE,0.5764137506484985,1.0526046752929688
3693,2,SEVERE,0.5945608615875244,1.1375197172164917
3694,2,SEVERE,0.4900989532470703,1.080237627029419
3695,2,SEVERE,0.45530784130096436,1.1139850616455078
3696,2,SEVERE,0.5841060876846313,1.104750394821167
3697,1,MODERATE,0.5060460567474365,1.1265507936477661
3698,2,SEVERE,0.5455002188682556,1.1042473316192627
3699,2,SEVERE,0.5434694290161133,1.1042473316192627
3700,2,SEVERE,0.5404345393180847,1.101049542427063
3701,2,SEVERE,0.47682106494903564,1.1158933639526367
3702,0,LOW,0.5182161927223206,1.4363930225372314
3703,2,SEVERE,0.4652661383152008,0.9971614480018616
3704,2,SEVERE,0.5413665175437927,1.1371057033538818
3705,2,SEVERE,0.7430385947227478,1.7042368650436401
3706,0,LOW,0.4348337650299072,0.9020391702651978
3707,2,SEVERE,0.40725475549697876,1.1794977188110352
3708,2,SEVERE,0.44909924268722534,1.1703031063079834
3709,2,SEVERE,0.43240097165107727,1.219877004623413
3710,2,SEVERE,0.3723136782646179,1.448647141456604
3711,2,SEVERE,0.3701319396495819,1.2582063674926758
3712,2,SEVERE,0.48812559247016907,1.076218605041504
3713,2,SEVERE,0.444691926240921,1.015267252922058
3714,2,SEVERE,0.5142292380332947,1.0255063772201538
3715,2,SEVERE,0.6150076985359192,1.145364761352539
3716,2,SEVERE,0.5670549273490906,1.226759910583496
3717,2,SEVERE,0.5675593018531799,1.2401247024536133
3718,2,SEVERE,0.48343974351882935,1.0146982669830322
3719,2,SEVERE,0.4737282693386078,1.0580507516860962
3720,0,LOW,0.39588621258735657,0.8311065435409546
3721,2,SEVERE,0.5519184470176697,0.9939503073692322
3722,2,SEVERE,0.40384015440940857,1.0150771141052246
3723,2,SEVERE,0.48085373640060425,0.8896424174308777
3724,1,MODERATE,0.502946674823761,0.8052667379379272
3725,2,SEVERE,0.5043808817863464,0.9606471061706543
3726,2,SEVERE,0.44168534874916077,1.1134222745895386
3727,1,MODERATE,0.3914046883583069,0.8570865392684937
3728,0,LOW,0.5410414338111877,0.9373199939727783
3729,2,SEVERE,0.44077029824256897,0.8781604766845703
3730,2,SEVERE,0.43490055203437805,0.8557138442993164
3731,2,SEVERE,0.42459508776664734,0.8562303185462952
3732,2,SEVERE,0.837841808795929,2.0582170486450195
3733,2,SEVERE,0.44460049271583557,0.9129006266593933
3734,2,SEVERE,0.45716598629951477,0.9129433035850525
3735,2,SEVERE,0.6512647867202759,1.3267357349395752
3736,0,LOW,0.4479626715183258,0.8889306783676147
3737,1,MODERATE,0.6759307980537415,1.5592219829559326
3738,2,SEVERE,0.4564301371574402,1.0095824003219604
3739,1,MODERATE,0.4249420762062073,0.795620858669281
3740,2,SEVERE,0.511846661567688,1.1489520072937012
3741,2,SEVERE,0.5120000839233398,0.9328530430793762
3742,2,SEVERE,0.427610844373703,0.9757535457611084
3743,1,MODERATE,0.6521442532539368,1.5032165050506592
3744,0,LOW,0.42061886191368103,0.5213123559951782
3745,2,SEVERE,0.3677827715873718,1.0340523719787598
3746,0,LOW,0.6726719737052917,1.485399842262268
3747,0,LOW,0.4929211437702179,0.6673450469970703
3748,0,LOW,0.5828721523284912,0.9054037928581238
3749,0,LOW,0.3961142301559448,0.3719421923160553
3750,0,LOW,0.42128685116767883,0.35274121165275574
3751,2,SEVERE,0.5188310146331787,1.3373793363571167
3752,0,LOW,0.5798743963241577,1.1083416938781738
3753,0,LOW,0.43378791213035583,0.40105587244033813
3754,2,SEVERE,0.4139064848423004,0.9628291130065918
3755,0,LOW,0.8157676458358765,1.7083004713058472
3756,0,LOW,0.642365038394928,1.2652945518493652
3757,2,SEVERE,0.3673604726791382,0.9887481331825256
3758,0,LOW,0.3872235119342804,0.5292059183120728
3759,0,LOW,0.6195369362831116,1.3626631498336792
3760,0,LOW,0.5291560888290405,0.96024090051651
3761,0,LOW,0.42081353068351746,0.5404928922653198
3762,2,SEVERE,0.37009313702583313,0.9991568922996521
3763,0,LOW,0.6347410082817078,0.9174445271492004
3764,0,LOW,0.8153437376022339,1.4951730966567993
3765,0,LOW,0.4400680661201477,0.4585798978805542
3766,0,LOW,0.544801652431488,0.45509767532348633
3767,0,LOW,0.5617092847824097,0.6518275737762451
3768,0,LOW,0.5840848684310913,0.5935115814208984
3769,0,LOW,0.6463800072669983,0.6423462629318237
3770,0,LOW,0.5068328380584717,0.5193142890930176
3771,0,LOW,0.6110326051712036,0.7215351462364197
3772,1,MODERATE,0.363618940114975,0.6455625295639038
3773,0,LOW,0.48826003074645996,0.5562766194343567
3774,0,LOW,0.5766566395759583,0.763195276260376
3775,0,LOW,0.6453863382339478,0.8511812686920166
3776,0,LOW,0.5220687389373779,0.7353487610816956
3777,0,LOW,0.5927184820175171,0.8205932378768921
3778,2,SEVERE,0.6887281537055969,1.8513340950012207
3779,0,LOW,0.5934686660766602,0.7585217952728271
3780,0,LOW,0.683405876159668,1.0786327123641968
3781,0,LOW,0.5202980041503906,0.7893227934837341
3782,1,MODERATE,0.6858699917793274,1.0875980854034424
3783,0,LOW,0.6101778745651245,0.887169599533081
3784,0,LOW,0.5324963927268982,0.7036164999008179
3785,0,LOW,0.5910794734954834,0.7041959762573242
3786,0,LOW,0.5649452209472656,0.7451477646827698
3787,0,LOW,0.7450915575027466,1.2447750568389893
3788,0,LOW,0.46602901816368103,0.6506907343864441
3789,0,LOW,0.584642231464386,0.7727906703948975
3790,0,LOW,0.5257158875465393,0.39532560110092163
3791,0,LOW,0.46772846579551697,0.47731930017471313
3792,2,SEVERE,0.40756848454475403,1.3196029663085938
3793,0,LOW,0.424204558134079,0.7537384629249573
3794,0,LOW,0.6040043234825134,0.7368283271789551
3795,0,LOW,0.4986817538738251,0.9016153216362
3796,0,LOW,0.7517751455307007,1.204529881477356
3797,0,LOW,0.6486527919769287,0.7660757899284363
3798,0,LOW,0.6107116937637329,0.8474261164665222
3799,0,LOW,0.5627790093421936,0.7746520638465881
3800,0,LOW,0.5570852160453796,0.6533411741256714
3801,2,SEVERE,0.5458666086196899,1.9545931816101074
3802,0,LOW,0.7191389799118042,1.2455534934997559
3803,0,LOW,0.42854204773902893,0.517133891582489
3804,1,MODERATE,0.44131094217300415,0.6258891820907593
3805,0,LOW,0.5454844832420349,0.6767941117286682
3806,0,LOW,0.5412951707839966,0.7730081081390381
3807,0,LOW,0.5338826775550842,0.7904933094978333
3808,0,LOW,0.48914265632629395,1.686285138130188
3809,0,LOW,0.46969300508499146,1.7488731145858765
3810,0,LOW,0.435966432094574,1.6066027879714966
3811,2,SEVERE,0.4773394465446472,3.6317946910858154
3812,2,SEVERE,0.509261429309845,3.3403429985046387
3813,2,SEVERE,0.5517545938491821,3.337425947189331
3814,2,SEVERE,0.522045373916626,3.2629783153533936
3815,2,SEVERE,0.5236675143241882,3.554276466369629
3816,0,LOW,0.4909366965293884,2.3211662769317627
3817,2,SEVERE,0.4729996919631958,3.3228936195373535
3818,0,LOW,0.49400651454925537,3.142072916030884
3819,2,SEVERE,0.5349728465080261,3.374812126159668
3820,0,LOW,0.640558123588562,3.1480393409729004
3821,2,SEVERE,0.5468085408210754,3.518636703491211
3822,2,SEVERE,0.6371093392372131,3.8857767581939697
3823,2,SEVERE,0.47075894474983215,3.48343563079834
3824,2,SEVERE,0.5050774216651917,3.73820424079895
3825,2,SEVERE,0.9844332933425903,3.4128801822662354
3826,2,SEVERE,0.9858630299568176,3.4983062744140625
3827,2,SEVERE,0.9857233166694641,3.6028363704681396
3828,2,SEVERE,0.9841713309288025,3.6456334590911865
3829,2,SEVERE,0.9833138585090637,3.4746501445770264
3830,2,SEVERE,0.9872057437896729,3.4345247745513916
3831,2,SEVERE,0.9873225092887878,3.368908405303955
3832,2,SEVERE,0.9813261032104492,3.8663110733032227
3833,2,SEVERE,0.9875475168228149,3.3540854454040527
3834,2,SEVERE,0.9890788197517395,3.350813388824463
3835,2,SEVERE,0.9872322082519531,3.6145386695861816
3836,2,SEVERE,0.9837718605995178,3.671461820602417
3837,2,SEVERE,0.9884076714515686,3.387089729309082
3838,2,SEVERE,0.9873824715614319,3.4242196083068848
3839,2,SEVERE,0.9870433211326599,3.38234806060791
3840,2,SEVERE,0.9853774905204773,3.6146233081817627
3841,2,SEVERE,0.9846870303153992,3.9238476753234863
3842,2,SEVERE,0.9876109957695007,3.518955707550049
3843,2,SEVERE,0.9877620935440063,3.6841468811035156
3844,2,SEVERE,0.9894070029258728,3.569972276687622
3845,2,SEVERE,0.9798517823219299,3.863814353942871
3846,2,SEVERE,0.9896060228347778,3.4370734691619873
3847,2,SEVERE,0.9889710545539856,3.4470059871673584
3848,2,SEVERE,0.9893032312393188,3.4453983306884766
3849,2,SEVERE,0.9874470829963684,3.506558656692505
3850,2,SEVERE,0.9887118339538574,3.674785614013672
3851,2,SEVERE,0.9925233721733093,3.578803300857544
3852,2,SEVERE,0.9871138334274292,3.494640827178955
3853,2,SEVERE,0.990179181098938,3.2382071018218994
3854,2,SEVERE,0.9927223324775696,3.5213890075683594
3855,2,SEVERE,0.988311231136322,3.1733577251434326
3856,2,SEVERE,0.9898577332496643,3.28749418258667
3857,2,SEVERE,0.9889206886291504,3.597914695739746
3858,2,SEVERE,0.9869482517242432,3.2773067951202393
3859,2,SEVERE,0.9873939752578735,3.487567901611328
3860,2,SEVERE,0.9758279919624329,3.6936535835266113
3861,2,SEVERE,0.9831902980804443,3.6212244033813477
3862,2,SEVERE,0.9853225946426392,3.276233673095703
3863,2,SEVERE,0.9854816198348999,3.3286404609680176
3864,2,SEVERE,0.9849280118942261,3.6229188442230225
3865,2,SEVERE,0.9852043390274048,3.3540332317352295
3866,2,SEVERE,0.988400936126709,3.342392921447754
3867,2,SEVERE,0.9894363880157471,3.221790075302124
3868,2,SEVERE,0.9885488152503967,3.228271007537842
3869,2,SEVERE,0.9863944053649902,3.7479796409606934
3870,2,SEVERE,0.9887710213661194,3.1832942962646484
3871,2,SEVERE,0.9874283671379089,3.1658077239990234
3872,2,SEVERE,0.9860163331031799,3.156226634979248
3873,2,SEVERE,0.9878969192504883,3.1369051933288574
3874,2,SEVERE,0.9893621802330017,3.3063225746154785
3875,2,SEVERE,0.9853713512420654,3.2342514991760254
3876,2,SEVERE,0.9755943417549133,3.4519219398498535
3877,2,SEVERE,0.9847114086151123,3.222055435180664
3878,2,SEVERE,0.9789252281188965,3.290569543838501
3879,2,SEVERE,0.9806251525878906,3.1611669063568115
3880,2,SEVERE,0.9796046018600464,3.3364827632904053
3881,2,SEVERE,0.9831031560897827,3.511692523956299
3882,2,SEVERE,0.9820610284805298,3.29647159576416
3883,2,SEVERE,0.9842113852500916,3.2330894470214844
3884,2,SEVERE,0.9848634600639343,3.1908302307128906
3885,2,SEVERE,0.9850542545318604,3.2348830699920654
3886,2,SEVERE,0.9883852005004883,3.284348487854004
3887,2,SEVERE,0.986940324306488,3.4100284576416016
3888,2,SEVERE,0.9843845367431641,3.3283486366271973
3889,2,SEVERE,0.9817533493041992,3.3163015842437744
3890,2,SEVERE,0.9880915880203247,3.123401641845703
3891,2,SEVERE,0.9875966906547546,3.3191652297973633
3892,2,SEVERE,0.9875009059906006,3.232466220855713
3893,2,SEVERE,0.9878437519073486,3.401796817779541
3894,2,SEVERE,0.9882737398147583,3.130377769470215
3895,2,SEVERE,0.9874022603034973,3.525667190551758
3896,2,SEVERE,0.9882889986038208,3.1240837574005127
3897,2,SEVERE,0.9894355535507202,3.590052843093872
3898,2,SEVERE,0.9878904819488525,3.1311278343200684
3899,2,SEVERE,0.9890413880348206,3.164703845977783
3900,2,SEVERE,0.987633466720581,3.218925952911377
3901,2,SEVERE,0.9894518256187439,3.172027587890625
3902,2,SEVERE,0.9827272295951843,3.379826068878174
3903,2,SEVERE,0.9833709001541138,3.136704683303833
3904,2,SEVERE,0.989541232585907,3.2919981479644775
3905,2,SEVERE,0.987969160079956,3.1233694553375244
3906,2,SEVERE,0.9863342642784119,3.200695753097534
3907,2,SEVERE,0.9827046990394592,3.516112804412842
3908,2,SEVERE,0.9860302805900574,3.2290549278259277
3909,2,SEVERE,0.9882888793945312,3.044088363647461
3910,2,SEVERE,0.9852485060691833,3.5196568965911865
3911,2,SEVERE,0.9883145093917847,3.152409553527832
3912,2,SEVERE,0.9893566966056824,3.5904805660247803
3913,2,SEVERE,0.9871582388877869,3.1302850246429443
3914,2,SEVERE,0.9851440787315369,3.073349952697754
3915,2,SEVERE,0.9847977757453918,3.349588394165039
3916,2,SEVERE,0.9840980172157288,3.3810033798217773
3917,2,SEVERE,0.9849061369895935,3.1442878246307373
3918,2,SEVERE,0.9862798452377319,3.127546787261963
3919,2,SEVERE,0.9910893440246582,3.367319107055664
3920,2,SEVERE,0.9852075576782227,3.1792032718658447
3921,2,SEVERE,0.9867209196090698,3.514469861984253
3922,2,SEVERE,0.9909573793411255,3.4232916831970215
3923,2,SEVERE,0.9871757626533508,3.1262147426605225
3924,2,SEVERE,0.9868757724761963,3.1473357677459717
3925,2,SEVERE,0.9806808829307556,3.512146472930908
3926,2,SEVERE,0.9854899644851685,3.1969709396362305
3927,2,SEVERE,0.9882749319076538,3.256732940673828
3928,2,SEVERE,0.9888063669204712,3.2106761932373047
3929,2,SEVERE,0.9876325130462646,3.03920316696167
3930,2,SEVERE,0.9852514266967773,3.2670514583587646
3931,2,SEVERE,0.9819958209991455,3.313206911087036
3932,2,SEVERE,0.9872303605079651,3.189786434173584
3933,2,SEVERE,0.9876760244369507,3.1608097553253174
3934,2,SEVERE,0.9879960417747498,3.1532204151153564
3935,2,SEVERE,0.9918221831321716,3.4204659461975098
3936,2,SEVERE,0.6977532505989075,3.452688217163086
3937,2,SEVERE,0.6768147349357605,3.330366611480713
3938,2,SEVERE,0.7312122583389282,3.4240400791168213
3939,2,SEVERE,0.7062248587608337,3.524277925491333
3940,2,SEVERE,0.5415360331535339,3.577232837677002
3941,2,SEVERE,0.7181405425071716,3.4863827228546143
3942,2,SEVERE,0.741489052772522,3.552093744277954
3943,2,SEVERE,0.7040305137634277,3.4211368560791016
3944,2,SEVERE,0.6598020792007446,3.3810198307037354
3945,2,SEVERE,0.8932880163192749,3.192049741744995
3946,2,SEVERE,0.9740758538246155,3.3065123558044434
3947,2,SEVERE,0.9726543426513672,3.2110061645507812
3948,2,SEVERE,0.9561847448348999,3.2541213035583496
3949,2,SEVERE,0.9522333145141602,3.1645708084106445
3950,2,SEVERE,0.9615092873573303,3.1866469383239746
3951,2,SEVERE,0.9543576240539551,3.401866912841797
3952,2,SEVERE,0.9793907403945923,3.3130576610565186
3953,2,SEVERE,0.9783415794372559,3.158435344696045
3954,2,SEVERE,0.9909667372703552,4.078286170959473
3955,2,SEVERE,0.9887359738349915,3.7239692211151123
3956,2,SEVERE,0.9928930401802063,3.548980951309204
3957,2,SEVERE,0.9926230907440186,3.541774034500122
3958,2,SEVERE,0.9936096668243408,3.586211681365967
3959,2,SEVERE,0.9918042421340942,3.485711097717285
3960,2,SEVERE,0.9931312203407288,3.486769914627075
3961,2,SEVERE,0.9925718903541565,3.4962806701660156
3962,2,SEVERE,0.993510901927948,3.4781670570373535
3963,2,SEVERE,0.9936205744743347,3.611987352371216
3964,2,SEVERE,0.9911260008811951,3.772636890411377
3965,2,SEVERE,0.9952096343040466,3.775529623031616
3966,2,SEVERE,0.9924284815788269,3.536984443664551
3967,2,SEVERE,0.9924699664115906,3.6467881202697754
3968,2,SEVERE,0.9914134740829468,3.722208023071289
3969,2,SEVERE,0.9931210875511169,3.46589732170105
3970,2,SEVERE,0.9924788475036621,3.509855031967163
3971,2,SEVERE,0.9959059953689575,3.8547964096069336
3972,2,SEVERE,0.9930860996246338,3.456305980682373
3973,2,SEVERE,0.9926264882087708,4.10958194732666
3974,2,SEVERE,0.9933328032493591,3.5746116638183594
3975,2,SEVERE,0.9944071769714355,3.5982518196105957
3976,2,SEVERE,0.993107259273529,3.4391515254974365
3977,2,SEVERE,0.9941885471343994,3.8208043575286865
3978,2,SEVERE,0.9935625791549683,3.4983766078948975
3979,2,SEVERE,0.995305597782135,3.9115233421325684
3980,2,SEVERE,0.9970718622207642,4.083408355712891
3981,2,SEVERE,0.9931894540786743,3.4358327388763428
3982,2,SEVERE,0.9927062392234802,3.4272122383117676
3983,2,SEVERE,0.994438648223877,3.588493824005127
3984,2,SEVERE,0.9929959177970886,3.4437408447265625
3985,2,SEVERE,0.9935518503189087,3.4954488277435303
3986,2,SEVERE,0.9947996139526367,3.5583138465881348
3987,2,SEVERE,0.9954178333282471,3.615389347076416
3988,2,SEVERE,0.9924765229225159,3.5424559116363525
3989,2,SEVERE,0.9931894540786743,3.4443113803863525
3990,2,SEVERE,0.9936813116073608,3.5110878944396973
3991,2,SEVERE,0.9941661357879639,3.4754133224487305
3992,2,SEVERE,0.9921011328697205,3.731135845184326
3993,2,SEVERE,0.9941397905349731,3.5775020122528076
3994,2,SEVERE,0.9919576644897461,3.5002076625823975
3995,2,SEVERE,0.9929475784301758,3.7050912380218506
3996,2,SEVERE,0.9932061433792114,3.4997129440307617
3997,2,SEVERE,0.9931091070175171,3.4968628883361816
3998,2,SEVERE,0.9931157231330872,3.4078054428100586
3999,2,SEVERE,0.9917016625404358,3.4918715953826904
4000,2,SEVERE,0.9933333992958069,3.5239107608795166
4001,2,SEVERE,0.9959812164306641,3.779644727706909
4002,2,SEVERE,0.993380069732666,3.453277349472046
4003,2,SEVERE,0.9937878251075745,3.430236577987671
4004,2,SEVERE,0.9959812164306641,3.7796459197998047
4005,2,SEVERE,0.9927600622177124,3.3840019702911377
4006,2,SEVERE,0.9940808415412903,3.4913289546966553
4007,2,SEVERE,0.9929718375205994,3.462139129638672
4008,2,SEVERE,0.9934868812561035,3.4866714477539062
4009,2,SEVERE,0.9929718375205994,3.4618732929229736
4010,2,SEVERE,0.9938356280326843,3.4969944953918457
4011,2,SEVERE,0.9933820962905884,3.470529317855835
4012,2,SEVERE,0.9937991499900818,3.4808526039123535
4013,2,SEVERE,0.9877937436103821,3.20731782913208
4014,2,SEVERE,0.9830062985420227,3.145899534225464
4015,2,SEVERE,0.9831328988075256,3.124631643295288
4016,2,SEVERE,0.9905479550361633,3.4929070472717285
4017,2,SEVERE,0.9805229306221008,3.4025115966796875
4018,2,SEVERE,0.9861220717430115,3.156827211380005
4019,2,SEVERE,0.9862222075462341,3.161386728286743
4020,2,SEVERE,0.9843682646751404,3.332791328430176
4021,2,SEVERE,0.9841602444648743,3.332791328430176
4022,2,SEVERE,0.9859636425971985,3.12672758102417
4023,2,SEVERE,0.9865109920501709,3.1721584796905518
4024,2,SEVERE,0.9945238828659058,4.05332612991333
4025,2,SEVERE,0.9840532541275024,3.393573760986328
4026,2,SEVERE,0.9877572059631348,3.417208194732666
4027,2,SEVERE,0.981928825378418,3.1352896690368652
4028,2,SEVERE,0.9796937108039856,3.121018886566162
4029,2,SEVERE,0.9772824048995972,3.196704864501953
4030,2,SEVERE,0.9864286780357361,3.317535877227783
4031,2,SEVERE,0.9910107851028442,3.202834129333496
4032,2,SEVERE,0.9881608486175537,3.165060043334961
4033,2,SEVERE,0.9905828237533569,3.1764585971832275
4034,2,SEVERE,0.9890382289886475,3.9763588905334473
4035,2,SEVERE,0.9945679903030396,3.6062843799591064
4036,2,SEVERE,0.9893529415130615,3.1506106853485107
4037,2,SEVERE,0.9934971332550049,3.495965003967285
4038,2,SEVERE,0.9902166128158569,3.1194283962249756
4039,2,SEVERE,0.9830229878425598,3.424107313156128
4040,2,SEVERE,0.9866393208503723,3.1132943630218506
4041,2,SEVERE,0.9858337044715881,3.11645770072937
4042,2,SEVERE,0.987678587436676,3.11645770072937
4043,2,SEVERE,0.988781750202179,3.122788190841675
4044,2,SEVERE,0.9819018244743347,3.098309278488159
4045,2,SEVERE,0.9863945245742798,3.168745994567871
4046,2,SEVERE,0.9892005920410156,3.164942741394043
4047,2,SEVERE,0.987450361251831,3.1884233951568604
4048,2,SEVERE,0.9927599430084229,3.5024173259735107
4049,2,SEVERE,0.9864795804023743,3.333266019821167
4050,2,SEVERE,0.990447998046875,3.101269006729126
4051,2,SEVERE,0.9910649061203003,3.1256468296051025
4052,2,SEVERE,0.9896798133850098,3.1186575889587402
4053,2,SEVERE,0.9885233044624329,3.1530797481536865
4054,2,SEVERE,0.9879204034805298,3.121607542037964
4055,2,SEVERE,0.9908251166343689,3.2429733276367188
4056,2,SEVERE,0.984774112701416,3.2257020473480225
4057,2,SEVERE,0.9884824156761169,3.2539849281311035
4058,2,SEVERE,0.9928441643714905,3.7118163108825684
4059,2,SEVERE,0.9858095049858093,3.727146625518799
4060,2,SEVERE,0.9894208908081055,3.1081814765930176
4061,2,SEVERE,0.9890607595443726,3.1081814765930176
4062,2,SEVERE,0.9883279204368591,3.1582674980163574
4063,2,SEVERE,0.9803844690322876,3.612346649169922
4064,2,SEVERE,0.9896363615989685,3.0833232402801514
4065,2,SEVERE,0.9895347952842712,3.102404832839966
4066,2,SEVERE,0.986499547958374,3.2259154319763184
4067,2,SEVERE,0.984563410282135,3.7491586208343506
4068,2,SEVERE,0.9906439781188965,3.104510545730591
4069,2,SEVERE,0.9827471971511841,3.1609880924224854
4070,2,SEVERE,0.9860748648643494,3.7448883056640625
4071,2,SEVERE,0.9889939427375793,3.114183187484741
4072,2,SEVERE,0.9890724420547485,3.507633924484253
4073,2,SEVERE,0.984898030757904,4.0616631507873535
4074,2,SEVERE,0.9894367456436157,3.079129934310913
4075,2,SEVERE,0.9880598187446594,3.204969644546509
4076,2,SEVERE,0.993091344833374,3.509506940841675
4077,2,SEVERE,0.9895249605178833,3.055255174636841
4078,2,SEVERE,0.9872704744338989,3.196964979171753
4079,2,SEVERE,0.9857845902442932,3.382333278656006
4080,2,SEVERE,0.985767126083374,3.1584489345550537
4081,2,SEVERE,0.9800472855567932,3.221121072769165
4082,2,SEVERE,0.9946913123130798,3.8800911903381348
4083,2,SEVERE,0.9863123297691345,3.231921434402466
4084,2,SEVERE,0.9849228858947754,3.2002968788146973
4085,2,SEVERE,0.9880885481834412,3.3916096687316895
4086,2,SEVERE,0.9837133884429932,3.2535881996154785
4087,2,SEVERE,0.9851453304290771,3.170914888381958
4088,2,SEVERE,0.98542320728302,3.2337162494659424
4089,2,SEVERE,0.9809244871139526,3.1214566230773926
4090,2,SEVERE,0.9819169640541077,3.2430012226104736
4091,2,SEVERE,0.9826274514198303,3.5361649990081787
4092,2,SEVERE,0.9894716143608093,3.459449529647827
4093,2,SEVERE,0.9891996383666992,3.370997667312622
4094,2,SEVERE,0.9905447959899902,3.266955614089966
4095,2,SEVERE,0.9852705001831055,3.615615129470825
4096,2,SEVERE,0.9908085465431213,3.305363655090332
4097,2,SEVERE,0.9881696701049805,3.3734538555145264
4098,2,SEVERE,0.9906371235847473,3.234326124191284
4099,2,SEVERE,0.9783380627632141,3.7769014835357666
4100,2,SEVERE,0.9882015585899353,3.3819961547851562
4101,2,SEVERE,0.9914141297340393,3.353271245956421
4102,2,SEVERE,0.9900437593460083,3.2788946628570557
4103,2,SEVERE,0.9896872639656067,3.2788970470428467
4104,2,SEVERE,0.9892205595970154,3.361645460128784
4105,2,SEVERE,0.9921478629112244,3.461498260498047
4106,2,SEVERE,0.9883130192756653,3.390390396118164
4107,2,SEVERE,0.9892902970314026,3.2907586097717285
4108,0,LOW,0.3544434607028961,0.5967660546302795
4109,0,LOW,0.46474477648735046,1.103264331817627
4110,0,LOW,0.5053209066390991,0.6977493762969971
4111,0,LOW,0.5946065187454224,0.8093791604042053
4112,0,LOW,0.5770389437675476,0.8004920482635498
4113,0,LOW,0.6600856781005859,1.1189968585968018
4114,0,LOW,0.4979090392589569,0.8558793067932129
4115,2,SEVERE,0.6333711743354797,1.6679465770721436
4116,0,LOW,0.5539073944091797,1.2508172988891602
4117,0,LOW,0.5361149311065674,0.9951775074005127
4118,2,SEVERE,0.3736454248428345,0.9118311405181885
4119,0,LOW,0.5694265961647034,1.111854910850525
4120,2,SEVERE,0.3828411400318146,1.632055640220642
4121,0,LOW,0.49141043424606323,1.4845097064971924
4122,0,LOW,0.4044765830039978,1.0438807010650635
4123,2,SEVERE,0.398025244474411,1.1403359174728394
4124,0,LOW,0.46162453293800354,1.0505080223083496
4125,0,LOW,0.351256400346756,1.0377273559570312
4126,0,LOW,0.5858166217803955,1.1468892097473145
4127,0,LOW,0.3706880509853363,0.39066019654273987
4128,2,SEVERE,0.3868768513202667,0.835807740688324
4129,0,LOW,0.4359642565250397,0.33273550868034363
4130,0,LOW,0.8464969396591187,1.610819935798645
4131,0,LOW,0.4731171727180481,0.5420725345611572
4132,0,LOW,0.36943987011909485,0.3772954046726227
4133,0,LOW,0.4157480299472809,0.38751527667045593
4134,2,SEVERE,0.7738108038902283,1.7041864395141602
4135,2,SEVERE,0.44329261779785156,0.898016631603241
4136,0,LOW,0.4227023720741272,0.6998715996742249
4137,2,SEVERE,0.452825665473938,0.836315393447876
4138,0,LOW,0.40182939171791077,0.45983922481536865
4139,0,LOW,0.3987095355987549,0.35907790064811707
4140,2,SEVERE,0.4695110321044922,1.0088555812835693
4141,2,SEVERE,0.40443018078804016,0.945010781288147
4142,2,SEVERE,0.43846395611763,0.8855617642402649
4143,0,LOW,0.48859649896621704,0.8118668794631958
4144,2,SEVERE,0.865942656993866,2.0835154056549072
4145,1,MODERATE,0.4163324236869812,1.1298023462295532
4146,2,SEVERE,0.38314881920814514,0.8515457510948181
4147,1,MODERATE,0.4297221601009369,1.2017573118209839
4148,2,SEVERE,0.4425904452800751,0.9730402827262878
4149,2,SEVERE,0.4354083240032196,0.9018629789352417
4150,2,SEVERE,0.5079879760742188,1.0572856664657593
4151,2,SEVERE,0.43265461921691895,1.0583428144454956
4152,0,LOW,0.7599948644638062,1.4463975429534912
4153,0,LOW,0.5376526117324829,0.9568705558776855
4154,2,SEVERE,0.44870272278785706,0.9548460245132446
4155,2,SEVERE,0.851361870765686,1.817908525466919
4156,2,SEVERE,0.5921322107315063,1.1305397748947144
4157,0,LOW,0.4777350425720215,0.7271605730056763
4158,2,SEVERE,0.4025249481201172,0.9412733316421509
4159,2,SEVERE,0.5604932904243469,1.0057828426361084
4160,2,SEVERE,0.5320830345153809,1.165964961051941
4161,2,SEVERE,0.7693389654159546,2.121694564819336
4162,2,SEVERE,0.36188822984695435,1.1836413145065308
4163,2,SEVERE,0.49542778730392456,1.0598866939544678
4164,0,LOW,0.40989789366722107,0.42460960149765015
4165,0,LOW,0.6245731115341187,1.2777029275894165
4166,2,SEVERE,0.4599526822566986,0.9126657843589783
4167,0,LOW,0.4036695957183838,0.40795111656188965
4168,2,SEVERE,0.46225011348724365,0.9648486375808716
4169,2,SEVERE,0.44413232803344727,0.9490577578544617
4170,0,LOW,0.40950682759284973,0.4744134545326233
4171,2,SEVERE,0.44810399413108826,1.099772334098816
4172,2,SEVERE,0.43285930156707764,1.02378249168396
4173,0,LOW,0.4511246085166931,0.839868426322937
4174,2,SEVERE,0.40865832567214966,1.2115830183029175
4175,2,SEVERE,0.8089739084243774,1.9263341426849365
4176,2,SEVERE,0.4504626989364624,0.9555099606513977
4177,2,SEVERE,0.4847733974456787,0.9360442161560059
4178,2,SEVERE,0.4836195409297943,0.9299549460411072
4179,2,SEVERE,0.5071711540222168,0.9833608865737915
4180,0,LOW,0.528765082359314,0.7479325532913208
4181,2,SEVERE,0.5292288661003113,1.0127699375152588
4182,2,SEVERE,0.46538811922073364,0.9434218406677246
4183,2,SEVERE,0.4646250903606415,0.9745224118232727
4184,2,SEVERE,0.459234356880188,0.8895041346549988
4185,0,LOW,0.41767820715904236,0.40490466356277466
4186,2,SEVERE,0.4222513437271118,1.2341091632843018
4187,2,SEVERE,0.47360464930534363,0.9992789030075073
4188,2,SEVERE,0.42153647541999817,0.8885722756385803
4189,0,LOW,0.4901382327079773,0.5081873536109924
4190,2,SEVERE,0.5265373587608337,0.9199815392494202
4191,0,LOW,0.4001925587654114,0.2285064160823822
4192,2,SEVERE,0.4409649074077606,0.8826420903205872
4193,2,SEVERE,0.4032617509365082,0.846366286277771
4194,2,SEVERE,0.39123356342315674,0.8985781669616699
4195,2,SEVERE,0.3830111026763916,0.997748076915741
4196,2,SEVERE,0.40145042538642883,0.9894345998764038
4197,2,SEVERE,0.4886217415332794,0.8737712502479553
4198,2,SEVERE,0.5091759562492371,0.9664642810821533
4199,2,SEVERE,0.4390754699707031,0.8738399744033813
4200,2,SEVERE,0.5221889019012451,0.9699695110321045
4201,2,SEVERE,0.44493991136550903,0.9330058693885803
4202,2,SEVERE,0.5047433972358704,0.9321997165679932
4203,0,LOW,0.5815435647964478,1.295608401298523
4204,2,SEVERE,0.5446169376373291,0.9530906677246094
4205,0,LOW,0.5315328240394592,0.8337236642837524
4206,2,SEVERE,0.3624372184276581,1.2106926441192627
4207,2,SEVERE,0.4880852997303009,0.9670087695121765
4208,2,SEVERE,0.8101596236228943,1.8694770336151123
4209,2,SEVERE,0.5430919528007507,0.9660598039627075
4210,2,SEVERE,0.6023833751678467,1.0250277519226074
4211,2,SEVERE,0.4015403985977173,1.2933650016784668
4212,2,SEVERE,0.5636433959007263,1.030758023262024
4213,2,SEVERE,0.4895578920841217,1.005826473236084
4214,2,SEVERE,0.5612844824790955,1.044621467590332
4215,2,SEVERE,0.42415329813957214,1.1902586221694946
4216,2,SEVERE,0.5326517820358276,1.0709325075149536
4217,2,SEVERE,0.5887380242347717,1.0875216722488403
4218,2,SEVERE,0.5585476160049438,1.0465737581253052
4219,2,SEVERE,0.58182692527771,1.030219554901123
4220,0,LOW,0.5095211863517761,2.555792808532715
4221,2,SEVERE,0.6174716353416443,1.533312201499939
4222,2,SEVERE,0.7300063967704773,1.6404426097869873
4223,2,SEVERE,0.8052617311477661,1.9554983377456665
4224,2,SEVERE,0.7781121134757996,2.080766439437866
4225,2,SEVERE,0.7019262909889221,2.3370683193206787
4226,2,SEVERE,0.8795233368873596,2.9497551918029785
4227,2,SEVERE,0.8440937399864197,3.4620299339294434
4228,2,SEVERE,0.8700107336044312,3.4294793605804443
4229,2,SEVERE,0.8673925399780273,3.2013351917266846
4230,2,SEVERE,0.886473536491394,2.886141777038574
4231,2,SEVERE,0.8926503658294678,2.857261896133423
4232,2,SEVERE,0.8818203806877136,2.902247667312622
4233,2,SEVERE,0.8976011872291565,2.9015274047851562
4234,2,SEVERE,0.8782694339752197,2.9121081829071045
4235,2,SEVERE,0.9527475833892822,3.2920947074890137
4236,2,SEVERE,0.8886974453926086,2.8284449577331543
4237,2,SEVERE,0.8909451961517334,2.824760675430298
4238,2,SEVERE,0.862085223197937,3.081221580505371
4239,2,SEVERE,0.8816883563995361,3.0756466388702393
4240,2,SEVERE,0.9680877327919006,2.8133511543273926
4241,2,SEVERE,0.9608631134033203,2.832371711730957
4242,2,SEVERE,0.9636437892913818,2.745004177093506
4243,2,SEVERE,0.9162135124206543,2.7543413639068604
4244,2,SEVERE,0.8850022554397583,2.7516748905181885
4245,2,SEVERE,0.9125596880912781,2.728261947631836
4246,2,SEVERE,0.9723606705665588,3.0195090770721436
4247,2,SEVERE,0.9719440340995789,3.0195090770721436
4248,2,SEVERE,0.9803666472434998,3.153035879135132
4249,2,SEVERE,0.9598087072372437,3.0484461784362793
4250,2,SEVERE,0.9634334444999695,3.1970162391662598
4251,2,SEVERE,0.9805153608322144,3.028634548187256
4252,2,SEVERE,0.980324923992157,3.0315663814544678
4253,2,SEVERE,0.9842607378959656,3.0005433559417725
4254,2,SEVERE,0.9872153997421265,3.275360584259033
4255,2,SEVERE,0.9759562015533447,3.842444658279419
4256,2,SEVERE,0.9820469617843628,2.959580421447754
4257,2,SEVERE,0.9787304997444153,3.1411943435668945
4258,2,SEVERE,0.9800592064857483,3.023409128189087
4259,2,SEVERE,0.9870198965072632,3.067042589187622
4260,2,SEVERE,0.9748589992523193,3.0354671478271484
4261,2,SEVERE,0.9634273052215576,3.3907134532928467
4262,2,SEVERE,0.9739968180656433,3.2948338985443115
4263,2,SEVERE,0.976536750793457,2.962169647216797
4264,2,SEVERE,0.9838427305221558,2.9270453453063965
4265,2,SEVERE,0.9831774830818176,2.936800003051758
4266,2,SEVERE,0.9809642434120178,2.9796175956726074
4267,2,SEVERE,0.9838305711746216,2.9334094524383545
4268,2,SEVERE,0.9850308895111084,2.9334094524383545
4269,2,SEVERE,0.9813153147697449,3.036564826965332
4270,2,SEVERE,0.9802342057228088,2.995276927947998
4271,2,SEVERE,0.9853050112724304,2.9675724506378174
4272,2,SEVERE,0.9778420925140381,3.1869759559631348
4273,2,SEVERE,0.9752150774002075,3.280406951904297
4274,2,SEVERE,0.9740681648254395,2.9418537616729736
4275,2,SEVERE,0.9682198166847229,3.214693546295166
4276,2,SEVERE,0.986081600189209,3.0769195556640625
4277,2,SEVERE,0.9834785461425781,2.9854869842529297
4278,2,SEVERE,0.9710478782653809,3.3446123600006104
4279,2,SEVERE,0.9831673502922058,3.013395071029663
4280,2,SEVERE,0.9657477736473083,3.1240272521972656
4281,2,SEVERE,0.9582110643386841,3.5769104957580566
4282,2,SEVERE,0.9730355143547058,3.252424716949463
4283,2,SEVERE,0.9712784886360168,3.1645822525024414
4284,2,SEVERE,0.9608021378517151,3.378728151321411
4285,2,SEVERE,0.9733586311340332,3.139984130859375
4286,2,SEVERE,0.9589367508888245,3.216360092163086
4287,2,SEVERE,0.9504526853561401,3.3272664546966553
4288,2,SEVERE,0.9582799077033997,3.161289691925049
4289,2,SEVERE,0.9868739247322083,4.001891136169434
4290,2,SEVERE,0.9513705372810364,3.173736333847046
4291,2,SEVERE,0.9613847732543945,3.1189701557159424
4292,2,SEVERE,0.9328188896179199,3.285848617553711
4293,2,SEVERE,0.9092909097671509,3.307004928588867
4294,2,SEVERE,0.9295247793197632,3.0987942218780518
4295,2,SEVERE,0.8241534233093262,3.431187629699707
4296,2,SEVERE,0.7895620465278625,3.2771081924438477
4297,2,SEVERE,0.7480502724647522,3.472080707550049
4298,2,SEVERE,0.7801917195320129,3.3218865394592285
4299,2,SEVERE,0.7911322712898254,3.2751760482788086
4300,2,SEVERE,0.7742867469787598,3.2295455932617188
4301,2,SEVERE,0.746337354183197,3.287309169769287
4302,2,SEVERE,0.7838165163993835,3.351547956466675
4303,2,SEVERE,0.6511123180389404,3.280194044113159
4304,2,SEVERE,0.6725714206695557,3.3255577087402344
4305,0,LOW,0.7217108607292175,1.5266871452331543
4306,0,LOW,0.6560035943984985,1.1536492109298706
4307,0,LOW,0.5986639261245728,1.1139063835144043
4308,0,LOW,0.6056255102157593,1.1388391256332397
4309,0,LOW,0.5452027916908264,1.0104230642318726
4310,0,LOW,0.7707289457321167,1.2111480236053467
4311,0,LOW,0.48750925064086914,0.8739525675773621
4312,0,LOW,0.6432353258132935,1.0087063312530518
4313,0,LOW,0.6543315052986145,1.262178897857666
4314,0,LOW,0.6037694811820984,0.9431869387626648
4315,0,LOW,0.4902724027633667,1.1756280660629272
4316,0,LOW,0.6169375777244568,1.2689995765686035
4317,0,LOW,0.6343416571617126,1.2136937379837036
4318,1,MODERATE,0.6462567448616028,1.4100112915039062
4319,0,LOW,0.720328152179718,1.6065800189971924
4320,0,LOW,0.581497848033905,1.3346147537231445
4321,0,LOW,0.6019278168678284,1.2438687086105347
4322,0,LOW,0.6741077899932861,1.1874632835388184
4323,0,LOW,0.6042599081993103,1.228322982788086
4324,0,LOW,0.7997595071792603,1.3843727111816406
4325,0,LOW,0.6554217338562012,1.14601469039917
4326,0,LOW,0.5701577067375183,0.6801945567131042
4327,0,LOW,0.6988722681999207,0.9243139028549194
4328,0,LOW,0.6154014468193054,0.7768919467926025
4329,0,LOW,0.599050760269165,0.7056934833526611
4330,1,MODERATE,0.5180919170379639,1.025752305984497
4331,0,LOW,0.6247626543045044,0.8251202702522278
4332,0,LOW,0.6752316951751709,0.7942428588867188
4333,0,LOW,0.5383543372154236,0.7337309718132019
4334,0,LOW,0.6846255660057068,0.7366971373558044
4335,0,LOW,0.7753614783287048,1.2344300746917725
4336,0,LOW,0.7783575057983398,1.2820007801055908
4337,0,LOW,0.715156614780426,0.9596680402755737
4338,0,LOW,0.7093029618263245,0.9835567474365234
4339,0,LOW,0.6470947265625,0.7714416980743408
4340,0,LOW,0.5701321363449097,0.553500771522522
4341,0,LOW,0.7755022644996643,1.406313419342041
4342,0,LOW,0.4078476130962372,0.646194338798523
4343,0,LOW,0.5180497765541077,0.4220709800720215
4344,0,LOW,0.4944705069065094,0.4269768297672272
4345,0,LOW,0.5324110388755798,0.504127562046051
4346,0,LOW,0.6028602123260498,0.7298334836959839
4347,1,MODERATE,0.4158921539783478,0.7992153167724609
4348,0,LOW,0.5711411833763123,0.6878535747528076
4349,0,LOW,0.73653244972229,1.3164058923721313
4350,2,SEVERE,0.72605961561203,2.0803284645080566
4351,2,SEVERE,0.8077800273895264,2.032052993774414
4352,2,SEVERE,0.8855599164962769,2.388472080230713
4353,2,SEVERE,0.7085208892822266,2.36081600189209
4354,2,SEVERE,0.6737940311431885,3.6131880283355713
4355,2,SEVERE,0.7798024415969849,3.974882125854492
4356,2,SEVERE,0.6475910544395447,3.450361490249634
4357,2,SEVERE,0.5339300632476807,3.6815528869628906
4358,2,SEVERE,0.6283556222915649,3.5862841606140137
4359,2,SEVERE,0.6506222486495972,3.3303215503692627
4360,2,SEVERE,0.5807413458824158,3.8729677200317383
4361,2,SEVERE,0.5743483304977417,3.4915196895599365
4362,2,SEVERE,0.5608197450637817,3.5386219024658203
4363,2,SEVERE,0.6469175815582275,3.4589614868164062
4364,2,SEVERE,0.6118795275688171,3.6958730220794678
4365,2,SEVERE,0.5755212306976318,4.010636806488037
4366,2,SEVERE,0.6018767356872559,3.637483596801758
4367,2,SEVERE,0.6635342240333557,3.4055063724517822
4368,2,SEVERE,0.6468591094017029,3.821897029876709
4369,2,SEVERE,0.6845971941947937,3.5446479320526123
4370,2,SEVERE,0.714587390422821,3.422463893890381
4371,2,SEVERE,0.6395236849784851,3.524275541305542
4372,2,SEVERE,0.6395995616912842,3.6830406188964844
4373,2,SEVERE,0.9878011345863342,3.6233232021331787
4374,2,SEVERE,0.9895514845848083,3.456108808517456
4375,2,SEVERE,0.9887976050376892,3.3955190181732178
4376,2,SEVERE,0.9890017509460449,3.7233901023864746
4377,2,SEVERE,0.9864712357521057,3.611935615539551
4378,2,SEVERE,0.9886345863342285,3.380234956741333
4379,2,SEVERE,0.9893060326576233,3.3389244079589844
4380,2,SEVERE,0.9891613125801086,3.323056221008301
4381,2,SEVERE,0.9933938384056091,3.722388744354248
4382,2,SEVERE,0.9885061979293823,3.320875883102417
4383,2,SEVERE,0.9929816722869873,3.694291591644287
4384,2,SEVERE,0.9872565269470215,3.6529488563537598
4385,2,SEVERE,0.9912870526313782,3.37827205657959
4386,2,SEVERE,0.9937508702278137,3.7183635234832764
4387,2,SEVERE,0.9884585738182068,3.438608169555664
4388,2,SEVERE,0.9889680743217468,3.6054747104644775
4389,2,SEVERE,0.9894728064537048,3.3923659324645996
4390,2,SEVERE,0.9924359917640686,3.5084316730499268
4391,2,SEVERE,0.9881800413131714,3.6999998092651367
4392,2,SEVERE,0.9914742708206177,3.3958075046539307
4393,2,SEVERE,0.993910551071167,3.5642290115356445
4394,2,SEVERE,0.9888872504234314,3.9513440132141113
4395,2,SEVERE,0.9924431443214417,3.5322623252868652
4396,2,SEVERE,0.990142285823822,3.5353076457977295
4397,2,SEVERE,0.9871194362640381,3.5769684314727783
4398,2,SEVERE,0.9914485812187195,3.4883499145507812
4399,2,SEVERE,0.9905034303665161,3.4516093730926514
4400,2,SEVERE,0.9925028085708618,3.54803204536438
4401,2,SEVERE,0.9911038875579834,3.3811802864074707
4402,2,SEVERE,0.9916717410087585,3.361337423324585
4403,2,SEVERE,0.9910838603973389,3.5203630924224854
4404,2,SEVERE,0.9920603036880493,3.3824241161346436
4405,2,SEVERE,0.9913145899772644,3.3235881328582764
4406,2,SEVERE,0.9903817772865295,3.779388427734375
4407,2,SEVERE,0.9905419945716858,3.841005563735962
4408,2,SEVERE,0.993952214717865,3.6015748977661133
4409,2,SEVERE,0.9926456212997437,3.432183265686035
4410,2,SEVERE,0.9919459223747253,3.472431182861328
4411,2,SEVERE,0.9946208000183105,3.5899856090545654
4412,2,SEVERE,0.9853120446205139,3.8493309020996094
4413,2,SEVERE,0.9906170964241028,3.7039201259613037
4414,2,SEVERE,0.9895899891853333,3.761476993560791
4415,2,SEVERE,0.9938952326774597,3.419247627258301
4416,2,SEVERE,0.9925670623779297,3.3765554428100586
4417,2,SEVERE,0.9917935729026794,3.436485767364502
4418,2,SEVERE,0.9937161803245544,3.44565749168396
4419,2,SEVERE,0.9941666126251221,3.6412439346313477
4420,2,SEVERE,0.9909769296646118,3.6391794681549072
4421,2,SEVERE,0.9933710098266602,3.3889129161834717
4422,2,SEVERE,0.9935449361801147,3.4361953735351562
4423,2,SEVERE,0.9932441115379333,3.408437967300415
4424,2,SEVERE,0.9921472668647766,3.3825106620788574
4425,2,SEVERE,0.9922969937324524,3.337815523147583
4426,2,SEVERE,0.9938282370567322,3.643972396850586
4427,2,SEVERE,0.9932049512863159,3.386173725128174
4428,2,SEVERE,0.9919992089271545,3.9871044158935547
4429,2,SEVERE,0.9922575950622559,3.3775627613067627
4430,2,SEVERE,0.993085503578186,3.3619260787963867
4431,2,SEVERE,0.9928764700889587,3.3520987033843994
4432,2,SEVERE,0.9922549724578857,3.425408363342285
4433,2,SEVERE,0.9921544194221497,3.5120351314544678
4434,2,SEVERE,0.992787778377533,3.44453763961792
4435,2,SEVERE,0.9904506802558899,3.948786497116089
4436,2,SEVERE,0.9914560914039612,3.396743059158325
4437,2,SEVERE,0.9867746829986572,3.7369205951690674
4438,2,SEVERE,0.9928902387619019,3.4443137645721436
4439,2,SEVERE,0.992504358291626,3.3879342079162598
4440,2,SEVERE,0.9904145002365112,3.390598773956299
4441,2,SEVERE,0.9930954575538635,3.444537401199341
4442,2,SEVERE,0.995130181312561,3.5535335540771484
4443,2,SEVERE,0.9925393462181091,3.4946954250335693
4444,2,SEVERE,0.991324782371521,3.3049862384796143
4445,2,SEVERE,0.9887292981147766,3.2709174156188965
4446,2,SEVERE,0.9905226826667786,3.414839744567871
4447,2,SEVERE,0.9893931150436401,3.37265944480896
4448,2,SEVERE,0.980249285697937,3.5746681690216064
4449,2,SEVERE,0.988923192024231,3.3529088497161865
4450,2,SEVERE,0.9855914115905762,3.2585299015045166
4451,2,SEVERE,0.9909324645996094,3.1890296936035156
4452,2,SEVERE,0.988617479801178,3.14756441116333
4453,2,SEVERE,0.9855237603187561,3.3016412258148193
4454,2,SEVERE,0.9859629273414612,3.1816749572753906
4455,2,SEVERE,0.98512864112854,3.1764907836914062
4456,2,SEVERE,0.9851952195167542,3.2806506156921387
4457,2,SEVERE,0.9777384996414185,3.4961965084075928
4458,2,SEVERE,0.985425591468811,3.520916700363159
4459,2,SEVERE,0.9747846722602844,3.4367594718933105
4460,2,SEVERE,0.9861623048782349,3.343369960784912
4461,2,SEVERE,0.9776262640953064,3.443493127822876
4462,2,SEVERE,0.9820089340209961,3.2436115741729736
4463,2,SEVERE,0.9739516973495483,3.1959400177001953
4464,2,SEVERE,0.9843184351921082,3.228309154510498
4465,2,SEVERE,0.9820092916488647,3.2051007747650146
4466,2,SEVERE,0.9866596460342407,3.4029088020324707
4467,2,SEVERE,0.9876490235328674,3.236180543899536
4468,2,SEVERE,0.9852897524833679,3.262892484664917
4469,2,SEVERE,0.9914142489433289,3.7545254230499268
4470,2,SEVERE,0.9882090091705322,3.215338706970215
4471,2,SEVERE,0.9860339760780334,3.2275583744049072
4472,2,SEVERE,0.9782489538192749,3.5819694995880127
4473,2,SEVERE,0.9804280400276184,3.6180994510650635
4474,2,SEVERE,0.986428439617157,3.2286524772644043
4475,2,SEVERE,0.9885073900222778,3.3166251182556152
4476,2,SEVERE,0.9879999756813049,3.147341728210449
4477,2,SEVERE,0.9878959655761719,3.428758382797241
4478,2,SEVERE,0.9889318943023682,3.265127182006836
4479,2,SEVERE,0.9858485460281372,3.4685709476470947
4480,2,SEVERE,0.9896630644798279,3.2130353450775146
4481,2,SEVERE,0.9869810938835144,3.2558975219726562
4482,2,SEVERE,0.9877257943153381,3.2188637256622314
4483,2,SEVERE,0.9884607791900635,3.212569236755371
4484,2,SEVERE,0.9896732568740845,3.2638189792633057
4485,2,SEVERE,0.9878959655761719,3.427879571914673
4486,2,SEVERE,0.9871238470077515,3.2177231311798096
4487,2,SEVERE,0.9833515286445618,3.4040467739105225
4488,2,SEVERE,0.9826812148094177,3.6109137535095215
4489,2,SEVERE,0.9837035536766052,3.404796838760376
4490,2,SEVERE,0.9833515286445618,3.404796838760376
4491,2,SEVERE,0.9884607791900635,3.2133193016052246
4492,2,SEVERE,0.9865216016769409,3.2836992740631104
4493,2,SEVERE,0.9882716536521912,3.4188342094421387
4494,2,SEVERE,0.9898123145103455,3.32820463180542
4495,2,SEVERE,0.9900846481323242,3.265913724899292
4496,2,SEVERE,0.9858381152153015,3.4228851795196533
4497,2,SEVERE,0.9884286522865295,3.2134203910827637
4498,2,SEVERE,0.9870237112045288,3.2838003635406494
4499,2,SEVERE,0.9869300127029419,3.265913724899292
4500,2,SEVERE,0.9870237112045288,3.2850780487060547
4501,2,SEVERE,0.9924706220626831,3.5941061973571777
4502,2,SEVERE,0.9881800413131714,3.5559420585632324
4503,2,SEVERE,0.9873492121696472,3.25538969039917
4504,2,SEVERE,0.9903889298439026,3.3782799243927
4505,2,SEVERE,0.9879569411277771,3.228947162628174
4506,2,SEVERE,0.9823887944221497,3.7499473094940186
4507,2,SEVERE,0.9866978526115417,3.4662396907806396
4508,2,SEVERE,0.9881134629249573,3.2309365272521973
4509,2,SEVERE,0.986616849899292,3.2641308307647705
4510,2,SEVERE,0.987116277217865,3.780428647994995
4511,2,SEVERE,0.9878422021865845,3.5685088634490967
4512,2,SEVERE,0.9873583316802979,3.2391951084136963
4513,2,SEVERE,0.9882678389549255,3.2159290313720703
4514,2,SEVERE,0.9884286522865295,3.20963454246521
4515,2,SEVERE,0.9888351559638977,3.211195468902588
4516,2,SEVERE,0.9858243465423584,3.4244351387023926
4517,2,SEVERE,0.9860453009605408,3.4430253505706787
4518,2,SEVERE,0.9893491268157959,3.2003161907196045
4519,2,SEVERE,0.9908938407897949,3.368119955062866
4520,2,SEVERE,0.986086368560791,3.385810136795044
4521,2,SEVERE,0.9880096316337585,3.4148905277252197
4522,2,SEVERE,0.9876564741134644,3.329298973083496
4523,2,SEVERE,0.9883816838264465,3.2342278957366943
4524,2,SEVERE,0.9861735105514526,3.55088210105896
4525,2,SEVERE,0.9914167523384094,3.5139000415802
4526,2,SEVERE,0.9871178865432739,3.250438928604126
4527,2,SEVERE,0.989384114742279,3.640148162841797
4528,2,SEVERE,0.9881856441497803,3.210111141204834
4529,2,SEVERE,0.9867503046989441,3.252528667449951
4530,2,SEVERE,0.9884538054466248,3.210111141204834
4531,2,SEVERE,0.5293559432029724,3.359046459197998
4532,2,SEVERE,0.4917350709438324,3.3861520290374756
4533,1,MODERATE,0.4913181662559509,3.603757381439209
4534,2,SEVERE,0.6990820169448853,3.6183810234069824
4535,2,SEVERE,0.5719203352928162,3.636094570159912
4536,2,SEVERE,0.739966094493866,3.6166868209838867
4537,2,SEVERE,0.6080474853515625,3.4175024032592773
4538,2,SEVERE,0.8289967179298401,4.1662516593933105
4539,2,SEVERE,0.8479307889938354,3.388723611831665
4540,2,SEVERE,0.8523507714271545,3.9170844554901123
4541,2,SEVERE,0.8811495304107666,3.3370022773742676
4542,2,SEVERE,0.9251627326011658,3.392991781234741
4543,2,SEVERE,0.9383540153503418,3.39266037940979
4544,2,SEVERE,0.9467261433601379,3.5489323139190674
4545,2,SEVERE,0.9144414067268372,3.6548056602478027
4546,2,SEVERE,0.9490240812301636,4.128550052642822
4547,2,SEVERE,0.9449280500411987,3.6882474422454834
4548,2,SEVERE,0.9874067902565002,3.546992778778076
4549,2,SEVERE,0.9863455891609192,3.512720823287964
4550,2,SEVERE,0.9900552034378052,4.35524320602417
4551,2,SEVERE,0.9870826005935669,3.51596736907959
4552,2,SEVERE,0.9780439734458923,3.8408708572387695
4553,2,SEVERE,0.9833784699440002,3.7492690086364746
4554,2,SEVERE,0.9891575574874878,3.5794742107391357
4555,2,SEVERE,0.9850135445594788,3.7809529304504395
4556,2,SEVERE,0.9879044890403748,3.485522985458374
4557,2,SEVERE,0.9859785437583923,3.568495512008667
4558,2,SEVERE,0.9876844882965088,3.5648717880249023
4559,2,SEVERE,0.9842770099639893,3.5253753662109375
4560,2,SEVERE,0.9832505583763123,3.4937596321105957
4561,2,SEVERE,0.9871963262557983,3.659179449081421
4562,2,SEVERE,0.985889196395874,3.5061252117156982
4563,2,SEVERE,0.9827255010604858,4.016519546508789
4564,2,SEVERE,0.988910436630249,3.4735541343688965
4565,2,SEVERE,0.9862812161445618,3.516237497329712
4566,2,SEVERE,0.9921486377716064,3.8696699142456055
4567,2,SEVERE,0.988037109375,3.522956371307373
4568,2,SEVERE,0.991176962852478,3.5090394020080566
4569,2,SEVERE,0.9866244792938232,3.439425230026245
4570,2,SEVERE,0.9882375597953796,3.493165969848633
4571,2,SEVERE,0.9904299378395081,3.490846633911133
4572,2,SEVERE,0.982846200466156,3.7668843269348145
4573,2,SEVERE,0.9855431318283081,3.6008286476135254
4574,2,SEVERE,0.9883710145950317,3.5133771896362305
4575,2,SEVERE,0.9883027672767639,3.379945993423462
4576,2,SEVERE,0.9898641705513,3.3258790969848633
4577,2,SEVERE,0.9889316558837891,3.491133213043213
4578,2,SEVERE,0.9910962581634521,3.473668098449707
4579,2,SEVERE,0.9873026609420776,3.440525531768799
4580,2,SEVERE,0.9898017048835754,3.3837645053863525
4581,2,SEVERE,0.9849557280540466,3.412896156311035
4582,2,SEVERE,0.9903292655944824,3.483238458633423
4583,2,SEVERE,0.9915721416473389,3.5565240383148193
4584,2,SEVERE,0.9881239533424377,3.420841693878174
4585,2,SEVERE,0.9912774562835693,3.436854839324951
4586,2,SEVERE,0.9874067902565002,3.429044723510742
4587,2,SEVERE,0.9907727241516113,3.5463035106658936
4588,2,SEVERE,0.9896243214607239,3.671888828277588
4589,2,SEVERE,0.9896377325057983,3.7220304012298584
4590,2,SEVERE,0.994631290435791,3.817614793777466
4591,2,SEVERE,0.9940527081489563,3.6369950771331787
4592,2,SEVERE,0.995276689529419,3.672529935836792
4593,2,SEVERE,0.989087700843811,3.749272346496582
4594,2,SEVERE,0.9910426139831543,3.3943076133728027
4595,2,SEVERE,0.9930976033210754,3.566742181777954
4596,2,SEVERE,0.9890182018280029,3.7581210136413574
4597,2,SEVERE,0.9919597506523132,3.509155511856079
4598,2,SEVERE,0.9899711608886719,4.273670196533203
4599,2,SEVERE,0.9886929392814636,3.6707255840301514
4600,2,SEVERE,0.9975812435150146,4.316989898681641
4601,2,SEVERE,0.9894702434539795,3.741144895553589
4602,2,SEVERE,0.9906472563743591,3.730844020843506
4603,2,SEVERE,0.9946556091308594,3.5395278930664062
4604,2,SEVERE,0.9883019328117371,3.5338542461395264
4605,2,SEVERE,0.9886929392814636,3.666186809539795
4606,2,SEVERE,0.989193856716156,3.704939126968384
4607,2,SEVERE,0.9866065979003906,3.8122217655181885
4608,2,SEVERE,0.9917469024658203,3.478313446044922
4609,2,SEVERE,0.9921327233314514,3.478313446044922
4610,2,SEVERE,0.9911454319953918,3.5393800735473633
4611,2,SEVERE,0.9907140731811523,3.480684280395508
4612,2,SEVERE,0.9923607707023621,3.4716124534606934
4613,2,SEVERE,0.9923174381256104,3.546762704849243
4614,2,SEVERE,0.9462653398513794,3.4027299880981445
4615,2,SEVERE,0.9642142653465271,3.385223388671875
4616,2,SEVERE,0.9651257991790771,3.3396942615509033
4617,2,SEVERE,0.9568597674369812,3.3621010780334473
4618,2,SEVERE,0.9544590711593628,3.338641405105591
4619,2,SEVERE,0.9751600027084351,3.6245577335357666
4620,2,SEVERE,0.9625940918922424,3.2943646907806396
4621,2,SEVERE,0.9544067978858948,3.5790064334869385
4622,2,SEVERE,0.9480220079421997,3.573164224624634
4623,2,SEVERE,0.924716055393219,3.560446262359619
4624,2,SEVERE,0.9711631536483765,3.6810412406921387
4625,2,SEVERE,0.9102140069007874,3.58024263381958
4626,2,SEVERE,0.9891063570976257,3.1924655437469482
4627,2,SEVERE,0.9821574687957764,3.235105276107788
4628,2,SEVERE,0.9890888333320618,3.198362350463867
4629,2,SEVERE,0.9846599102020264,3.2174084186553955
4630,2,SEVERE,0.985877513885498,3.1256349086761475
4631,2,SEVERE,0.9854814410209656,3.2273359298706055
4632,2,SEVERE,0.9894219040870667,3.2362020015716553
4633,2,SEVERE,0.9860687255859375,3.746520519256592
4634,2,SEVERE,0.990339457988739,3.177582025527954
4635,2,SEVERE,0.9889578819274902,3.198005199432373
4636,2,SEVERE,0.98607337474823,3.9852652549743652
4637,2,SEVERE,0.9859344363212585,3.1832351684570312
4638,2,SEVERE,0.9823087453842163,3.234668254852295
4639,2,SEVERE,0.9823625683784485,3.3112592697143555
4640,2,SEVERE,0.9867076873779297,3.158196210861206
4641,2,SEVERE,0.987220823764801,3.1642706394195557
4642,2,SEVERE,0.9848565459251404,3.0545153617858887
4643,2,SEVERE,0.9844713807106018,3.0763511657714844
4644,2,SEVERE,0.987647294998169,3.110175848007202
4645,2,SEVERE,0.985366702079773,3.4127402305603027
4646,2,SEVERE,0.9916868805885315,3.7141900062561035
4647,2,SEVERE,0.9880992770195007,3.1099495887756348
4648,2,SEVERE,0.988719642162323,3.1616930961608887
4649,2,SEVERE,0.9876842498779297,3.1819348335266113
4650,2,SEVERE,0.9822591543197632,3.471611261367798
4651,2,SEVERE,0.9810646772384644,3.205963373184204
4652,2,SEVERE,0.9916083216667175,3.5353899002075195
4653,2,SEVERE,0.9820894002914429,3.315112590789795
4654,2,SEVERE,0.9839586019515991,3.176551103591919
4655,2,SEVERE,0.9761661887168884,3.4004874229431152
4656,2,SEVERE,0.988373875617981,3.12247896194458
4657,2,SEVERE,0.9840146899223328,3.5662314891815186
4658,2,SEVERE,0.9815208315849304,3.4541678428649902
4659,2,SEVERE,0.9806929230690002,3.696268320083618
4660,2,SEVERE,0.9808254837989807,3.414418935775757
4661,2,SEVERE,0.9881269335746765,3.1078381538391113
4662,2,SEVERE,0.9870842099189758,3.0954251289367676
4663,2,SEVERE,0.9844170808792114,3.1671719551086426
4664,2,SEVERE,0.9889761209487915,3.1020984649658203
4665,2,SEVERE,0.9888218641281128,3.2375850677490234
4666,2,SEVERE,0.9914504885673523,3.1768486499786377
4667,2,SEVERE,0.9847499132156372,3.0950920581817627
4668,2,SEVERE,0.9879053831100464,3.170691967010498
4669,2,SEVERE,0.9854890704154968,3.217738389968872
4670,2,SEVERE,0.9818180203437805,3.729907989501953
4671,2,SEVERE,0.9853647351264954,3.4039058685302734
4672,2,SEVERE,0.9882056713104248,3.1195671558380127
4673,2,SEVERE,0.9836650490760803,3.2200260162353516
4674,2,SEVERE,0.9881568551063538,3.06553316116333
4675,2,SEVERE,0.9887175559997559,3.203054189682007
4676,2,SEVERE,0.9891418218612671,3.2268495559692383
4677,2,SEVERE,0.9823269844055176,3.371152400970459
4678,2,SEVERE,0.9872390627861023,3.0949366092681885
4679,2,SEVERE,0.9858881831169128,3.2267417907714844
4680,2,SEVERE,0.9882661700248718,3.0949366092681885
4681,2,SEVERE,0.9849271774291992,3.1221587657928467
4682,2,SEVERE,0.9846618175506592,3.090425968170166
4683,2,SEVERE,0.985831081867218,3.073814868927002
4684,2,SEVERE,0.9875290393829346,3.083599090576172
4685,2,SEVERE,0.982989490032196,3.7569775581359863
4686,2,SEVERE,0.9782951474189758,3.2619152069091797
4687,2,SEVERE,0.9799084067344666,3.3691961765289307
4688,2,SEVERE,0.9812989830970764,3.2279231548309326
4689,2,SEVERE,0.9790522456169128,3.179165840148926
4690,2,SEVERE,0.9657505750656128,3.5926194190979004
4691,2,SEVERE,0.9851152300834656,3.269608497619629
4692,2,SEVERE,0.9850561618804932,3.57671856880188
4693,2,SEVERE,0.9895529747009277,3.246676445007324
4694,2,SEVERE,0.9870207905769348,3.257181406021118
4695,2,SEVERE,0.9848350286483765,3.4854307174682617
4696,2,SEVERE,0.9866162538528442,3.392040967941284
4697,2,SEVERE,0.9924856424331665,3.4908361434936523
4698,2,SEVERE,0.9934796094894409,3.4653491973876953
4699,2,SEVERE,0.9881468415260315,3.2655341625213623
4700,2,SEVERE,0.9838790893554688,3.3741493225097656
4701,0,LOW,0.40271660685539246,0.5050973296165466
4702,2,SEVERE,0.8389505743980408,2.187228202819824
4703,2,SEVERE,0.7408887147903442,1.883095145225525
4704,2,SEVERE,0.4045732319355011,1.098649024963379
4705,2,SEVERE,0.4165419638156891,1.1220169067382812
4706,1,MODERATE,0.5045565366744995,0.7088360786437988
4707,0,LOW,0.4019050598144531,0.5266833901405334
4708,2,SEVERE,0.39678841829299927,1.2103937864303589
4709,0,LOW,0.3966938555240631,0.416927695274353
4710,0,LOW,0.6141319870948792,1.2579686641693115
4711,0,LOW,0.401683509349823,0.4744666814804077
4712,2,SEVERE,0.3411940634250641,0.9493168592453003
4713,1,MODERATE,0.5497227311134338,1.042256474494934
4714,0,LOW,0.37071293592453003,0.3798297643661499
4715,0,LOW,0.5347789525985718,1.2663750648498535
4716,2,SEVERE,0.33672285079956055,1.002245306968689
4717,1,MODERATE,0.4269031584262848,0.699614405632019
4718,1,MODERATE,0.4709128439426422,0.6352471113204956
4719,0,LOW,0.6094803810119629,1.2097975015640259
4720,1,MODERATE,0.44298380613327026,0.5772026777267456
4721,0,LOW,0.4897359609603882,0.7853783965110779
4722,0,LOW,0.6570674777030945,1.7424954175949097
4723,0,LOW,0.6342620849609375,1.2445855140686035
4724,1,MODERATE,0.4393818974494934,0.6902620792388916
4725,2,SEVERE,0.40843555331230164,1.1636958122253418
4726,1,MODERATE,0.5243455171585083,1.1935925483703613
4727,1,MODERATE,0.48900529742240906,0.6146602630615234
4728,1,MODERATE,0.38580766320228577,0.5685297846794128
4729,1,MODERATE,0.39734774827957153,0.5678648352622986
4730,0,LOW,0.4946606755256653,0.8726451396942139
4731,1,MODERATE,0.5174561738967896,0.7395095825195312
4732,0,LOW,0.451581746339798,0.5469786524772644
4733,2,SEVERE,0.3658653795719147,0.8500118851661682
4734,0,LOW,0.47232696413993835,0.46531131863594055
4735,2,SEVERE,0.37525618076324463,1.1195321083068848
4736,1,MODERATE,0.42241907119750977,0.6533733010292053
4737,0,LOW,0.353300541639328,0.30471551418304443
4738,1,MODERATE,0.5464690327644348,0.9408469796180725
4739,2,SEVERE,0.3861425817012787,0.8377184271812439
4740,2,SEVERE,0.4359953999519348,1.123815894126892
4741,2,SEVERE,0.4638037085533142,0.89959716796875
4742,0,LOW,0.38771772384643555,0.41108953952789307
4743,2,SEVERE,0.8260233998298645,2.2208521366119385
4744,1,MODERATE,0.5526731014251709,1.0875880718231201
4745,0,LOW,0.3934534192085266,0.43571555614471436
4746,1,MODERATE,0.49592000246047974,0.6675313115119934
4747,0,LOW,0.3584846556186676,0.34077638387680054
4748,2,SEVERE,0.44453760981559753,1.13551926612854
4749,2,SEVERE,0.440883606672287,1.060270071029663
4750,0,LOW,0.3996029496192932,0.2916772961616516
4751,0,LOW,0.47527918219566345,0.5933433771133423
4752,1,MODERATE,0.40829965472221375,0.6195014715194702
4753,2,SEVERE,0.36754515767097473,0.5113033652305603
4754,1,MODERATE,0.37415775656700134,0.7061944603919983
4755,1,MODERATE,0.47100168466567993,0.7037734985351562
4756,0,LOW,0.5717304944992065,1.3667078018188477
4757,0,LOW,0.44355615973472595,0.5037054419517517
4758,1,MODERATE,0.3478168547153473,0.6232031583786011
4759,0,LOW,0.6197175979614258,1.0379825830459595
4760,2,SEVERE,0.7659385204315186,1.8726831674575806
4761,0,LOW,0.4432140290737152,0.46633026003837585
4762,0,LOW,0.44194161891937256,0.36980947852134705
4763,0,LOW,0.5093965530395508,0.3941269516944885
4764,0,LOW,0.517960786819458,0.6737384796142578
4765,1,MODERATE,0.44533073902130127,0.7105952501296997
4766,2,SEVERE,0.3650445342063904,0.904473066329956
4767,0,LOW,0.3897153437137604,0.4069231152534485
4768,0,LOW,0.47933411598205566,0.677743673324585
4769,1,MODERATE,0.5173113346099854,0.845174252986908
4770,1,MODERATE,0.41351962089538574,0.5001958012580872
4771,0,LOW,0.5373081564903259,0.9320811629295349
4772,1,MODERATE,0.40542104840278625,0.5008354187011719
4773,0,LOW,0.38885724544525146,0.3552762269973755
4774,1,MODERATE,0.4551164507865906,0.5076441764831543
4775,1,MODERATE,0.5328533053398132,0.6123621463775635
4776,2,SEVERE,0.35218945145606995,0.8134953379631042
4777,0,LOW,0.39149510860443115,0.3955361247062683
4778,1,MODERATE,0.5330442190170288,0.6673796772956848
4779,0,LOW,0.39116257429122925,0.2204430252313614
4780,2,SEVERE,0.6148039698600769,1.3909759521484375
4781,0,LOW,0.4004092812538147,0.46774065494537354
4782,0,LOW,0.41125303506851196,0.3681677579879761
4783,1,MODERATE,0.3989912271499634,0.5301982164382935
4784,1,MODERATE,0.34190598130226135,0.5571262836456299
4785,0,LOW,0.390188068151474,0.41014862060546875
4786,0,LOW,0.3925992548465729,0.5216925144195557
4787,1,MODERATE,0.3938235938549042,0.4736151695251465
4788,0,LOW,0.47623008489608765,0.7777341604232788
4789,2,SEVERE,0.40206846594810486,0.8442270755767822
4790,2,SEVERE,0.3876425623893738,0.8398592472076416
4791,2,SEVERE,0.4704064130783081,0.9259219765663147
4792,0,LOW,0.4454987645149231,0.9231075644493103
4793,0,LOW,0.4765443205833435,0.9358791708946228
4794,0,LOW,0.4588891863822937,0.7472676038742065
4795,0,LOW,0.627976655960083,1.2495026588439941
4796,2,SEVERE,0.4432518184185028,1.0123909711837769
4797,1,MODERATE,0.7368756532669067,1.592616319656372
4798,2,SEVERE,0.4366433620452881,0.8627421259880066
4799,0,LOW,0.5156905651092529,1.2324471473693848
4800,2,SEVERE,0.3908669352531433,0.8920872211456299
4801,2,SEVERE,0.38903409242630005,0.9363334774971008
4802,2,SEVERE,0.5427795052528381,0.9928488731384277
4803,2,SEVERE,0.5426912903785706,1.1814277172088623
4804,0,LOW,0.37319183349609375,0.7079340815544128
4805,2,SEVERE,0.706233561038971,2.0517020225524902
4806,2,SEVERE,0.608225405216217,1.0777404308319092
4807,2,SEVERE,0.5414965152740479,0.9041219353675842
4808,2,SEVERE,0.533011257648468,0.9512647390365601
4809,2,SEVERE,0.4619046449661255,0.9042869210243225
4810,0,LOW,0.4861980974674225,1.3726154565811157
4811,2,SEVERE,0.7324311137199402,1.985477089881897
4812,2,SEVERE,0.3770628273487091,1.2248034477233887
4813,2,SEVERE,0.8038941621780396,1.8687160015106201
4814,2,SEVERE,0.522610604763031,0.9140953421592712
4815,2,SEVERE,0.6103672385215759,1.0000406503677368
4816,0,LOW,0.5543106198310852,1.402641773223877
4817,2,SEVERE,0.4479738473892212,0.9471405148506165
4818,2,SEVERE,0.5540838837623596,0.9243066310882568
4819,2,SEVERE,0.7519018054008484,1.5842511653900146
4820,2,SEVERE,0.5859429836273193,1.0711926221847534
4821,2,SEVERE,0.490145206451416,1.0536788702011108
4822,2,SEVERE,0.5032263994216919,1.0769387483596802
4823,2,SEVERE,0.5685219168663025,1.026102066040039
4824,2,SEVERE,0.8214651942253113,1.9695839881896973
4825,2,SEVERE,0.5413720011711121,1.0387341976165771
4826,2,SEVERE,0.5878711938858032,1.0890960693359375
4827,2,SEVERE,0.5591769218444824,1.0493539571762085
4828,2,SEVERE,0.502757728099823,1.1610828638076782
4829,1,MODERATE,0.4053175747394562,0.8711565136909485
4830,2,SEVERE,0.6080475449562073,1.0993136167526245
4831,2,SEVERE,0.5471744537353516,1.201300024986267
4832,2,SEVERE,0.5035384893417358,1.3113508224487305
4833,2,SEVERE,0.3672488331794739,1.6364161968231201
4834,2,SEVERE,0.6342735886573792,1.1550747156143188
4835,2,SEVERE,0.6254301071166992,1.1185195446014404
4836,2,SEVERE,0.5517435669898987,1.2753024101257324
4837,2,SEVERE,0.5461146235466003,1.3354356288909912
4838,2,SEVERE,0.6327164769172668,1.176026701927185
4839,2,SEVERE,0.687147855758667,1.2682898044586182
4840,2,SEVERE,0.727990448474884,1.3000425100326538
4841,2,SEVERE,0.8325467109680176,2.056697368621826
4842,2,SEVERE,0.5330663323402405,1.3191626071929932
4843,2,SEVERE,0.8062984347343445,1.640458106994629
4844,2,SEVERE,0.6066629886627197,1.253926396369934
4845,2,SEVERE,0.6935098767280579,1.3448801040649414
4846,2,SEVERE,0.701012372970581,1.249808430671692
4847,2,SEVERE,0.7704408168792725,1.381346583366394
4848,2,SEVERE,0.6510280966758728,1.2327649593353271
4849,2,SEVERE,0.6778023838996887,1.1891257762908936
4850,2,SEVERE,0.7046939730644226,1.2591440677642822
4851,2,SEVERE,0.7003657817840576,1.2702887058258057
4852,2,SEVERE,0.7122633457183838,1.3381872177124023
4853,2,SEVERE,0.6600328683853149,1.2613004446029663
4854,2,SEVERE,0.5576046109199524,1.3551862239837646
4855,2,SEVERE,0.749054491519928,1.615696668624878
4856,2,SEVERE,0.7246400117874146,1.2016083002090454
4857,0,LOW,0.5223309993743896,2.066221237182617
4858,2,SEVERE,0.5363686680793762,1.4816347360610962
4859,2,SEVERE,0.4336080849170685,1.3641852140426636
4860,2,SEVERE,0.7080954909324646,1.2890149354934692
4861,2,SEVERE,0.5917975902557373,1.5512181520462036
4862,2,SEVERE,0.7270702123641968,1.345805287361145
4863,2,SEVERE,0.7024632096290588,1.3539724349975586
4864,2,SEVERE,0.7819927334785461,1.4673172235488892
4865,2,SEVERE,0.5301962494850159,1.7002097368240356
4866,2,SEVERE,0.6148227453231812,1.437964677810669
4867,2,SEVERE,0.5624779462814331,1.269602656364441
4868,2,SEVERE,0.44497668743133545,1.656539797782898
4869,2,SEVERE,0.7235175967216492,1.3148722648620605
4870,2,SEVERE,0.6783624887466431,1.318014144897461
4871,2,SEVERE,0.9236552119255066,2.3919010162353516
4872,2,SEVERE,0.5895472168922424,1.5714190006256104
4873,2,SEVERE,0.7072458267211914,1.368886947631836
4874,2,SEVERE,0.5123967528343201,1.5998430252075195
4875,2,SEVERE,0.585479199886322,1.6988154649734497
4876,2,SEVERE,0.6219184994697571,1.604374647140503
4877,2,SEVERE,0.7605326175689697,1.366132140159607
4878,2,SEVERE,0.7357274293899536,1.359676480293274
4879,0,LOW,0.5077412724494934,1.9413821697235107
4880,2,SEVERE,0.5554593801498413,1.2499866485595703
4881,2,SEVERE,0.6193604469299316,1.3065861463546753
4882,2,SEVERE,0.6896655559539795,1.2766666412353516
4883,0,LOW,0.3458898663520813,1.5418238639831543
4884,2,SEVERE,0.6216914653778076,1.1985859870910645
4885,2,SEVERE,0.6679877042770386,1.263189435005188
4886,1,MODERATE,0.4251990020275116,0.7104296088218689
4887,2,SEVERE,0.6576977968215942,1.312243938446045
4888,2,SEVERE,0.6394898891448975,1.1696816682815552
4889,2,SEVERE,0.601144015789032,1.2017742395401
4890,2,SEVERE,0.5291016101837158,1.2458221912384033
4891,2,SEVERE,0.5505573153495789,1.346449375152588
4892,2,SEVERE,0.5428746938705444,1.2086271047592163
4893,2,SEVERE,0.4549091160297394,1.4263955354690552
4894,2,SEVERE,0.497372031211853,1.3467111587524414
4895,2,SEVERE,0.5107308626174927,1.3454561233520508
4896,2,SEVERE,0.4779776334762573,1.303942322731018
4897,0,LOW,0.45121482014656067,1.0197423696517944
4898,1,MODERATE,0.4135679006576538,0.8506695032119751
4899,2,SEVERE,0.557642936706543,1.3199822902679443
4900,1,MODERATE,0.47320035099983215,0.9779065251350403
4901,2,SEVERE,0.4908895194530487,1.188549280166626
4902,2,SEVERE,0.7122206687927246,1.8177571296691895
4903,2,SEVERE,0.43811047077178955,1.366909146308899
4904,0,LOW,0.41374924778938293,0.7849366664886475
4905,0,LOW,0.5530678033828735,1.357621669769287
4906,2,SEVERE,0.5058016180992126,1.167743444442749
4907,2,SEVERE,0.6204286813735962,2.1361641883850098
4908,0,LOW,0.504465639591217,0.47032681107521057
4909,0,LOW,0.5652439594268799,0.5998436212539673
4910,0,LOW,0.558469831943512,0.5985338687896729
4911,0,LOW,0.4261990487575531,0.537762463092804
4912,0,LOW,0.47180309891700745,0.6249012351036072
4913,0,LOW,0.6552435159683228,0.995985746383667
4914,0,LOW,0.8041239380836487,1.3901846408843994
4915,0,LOW,0.649990975856781,0.7515624761581421
4916,0,LOW,0.7351211905479431,0.9556477069854736
4917,0,LOW,0.7230779528617859,0.8922801613807678
4918,0,LOW,0.5118616819381714,0.5923382043838501
4919,0,LOW,0.5749973654747009,0.6234411001205444
4920,0,LOW,0.7330644130706787,0.8449645042419434
4921,0,LOW,0.5022703409194946,0.8500656485557556
4922,0,LOW,0.48939356207847595,1.2957795858383179
4923,0,LOW,0.6764649152755737,0.856837272644043
4924,0,LOW,0.6621147394180298,0.9898040294647217
4925,0,LOW,0.7498534917831421,1.176697850227356
4926,0,LOW,0.6090824604034424,1.1611409187316895
4927,0,LOW,0.6612508296966553,1.1106717586517334
4928,1,MODERATE,0.49448415637016296,1.204116702079773
4929,0,LOW,0.5985631346702576,0.8446829915046692
4930,0,LOW,0.8267027139663696,1.3389892578125
4931,0,LOW,0.7549973726272583,1.0741209983825684
4932,0,LOW,0.6084873676300049,1.137573003768921
4933,0,LOW,0.7168838977813721,1.0582245588302612
4934,0,LOW,0.8605300784111023,1.7619097232818604
4935,0,LOW,0.7078553438186646,0.9720231294631958
4936,0,LOW,0.765104353427887,1.3683350086212158
4937,0,LOW,0.6790639162063599,0.8992116451263428
4938,0,LOW,0.7194308638572693,1.0379269123077393
4939,0,LOW,0.6674266457557678,1.0462756156921387
4940,0,LOW,0.6535409688949585,1.0727211236953735
4941,0,LOW,0.5586016774177551,0.9697204828262329
4942,0,LOW,0.5931967496871948,0.9752247333526611
4943,0,LOW,0.8237507343292236,1.434406042098999
4944,0,LOW,0.7010067105293274,1.0268052816390991
4945,1,MODERATE,0.5061455965042114,1.2053492069244385
4946,0,LOW,0.6174549460411072,0.9783981442451477
4947,0,LOW,0.6740676164627075,1.0077377557754517
4948,0,LOW,0.7643017172813416,1.187635064125061
4949,0,LOW,0.7813824415206909,1.3097747564315796
4950,0,LOW,0.7474439740180969,1.2633410692214966
4951,0,LOW,0.8366994261741638,1.7256622314453125
4952,0,LOW,0.6842743754386902,0.9996758699417114
4953,0,LOW,0.6972649097442627,0.9941567182540894
4954,0,LOW,0.6988628506660461,0.9891695380210876
4955,0,LOW,0.8022853136062622,0.9728590846061707
4956,0,LOW,0.6332306265830994,0.877889096736908
4957,0,LOW,0.639210045337677,0.7815107107162476
4958,0,LOW,0.6908548474311829,1.1304751634597778
4959,0,LOW,0.6145860552787781,1.1691614389419556
4960,0,LOW,0.7287421226501465,1.35502290725708
4961,0,LOW,0.6550544500350952,0.9183419942855835
4962,1,MODERATE,0.5090354084968567,1.0085453987121582
4963,0,LOW,0.750801146030426,1.1620415449142456
4964,0,LOW,0.845425546169281,1.783435344696045
4965,0,LOW,0.6683079600334167,0.9944031238555908
4966,0,LOW,0.6489907503128052,1.0227982997894287
4967,0,LOW,0.6052748560905457,1.2153176069259644
4968,0,LOW,0.6858245134353638,0.9571115970611572
4969,0,LOW,0.6927743554115295,0.9480535387992859
4970,0,LOW,0.7305300831794739,1.1195236444473267
4971,1,MODERATE,0.5166905522346497,0.5909911394119263
4972,1,MODERATE,0.5033031105995178,0.5953891277313232
4973,0,LOW,0.6735000014305115,0.9696439504623413
4974,0,LOW,0.7214145064353943,1.0926663875579834
4975,0,LOW,0.7412377595901489,1.3565447330474854
4976,0,LOW,0.6788704991340637,0.6754960417747498
4977,0,LOW,0.5931414365768433,0.6312217116355896
4978,0,LOW,0.6467299461364746,0.9568918943405151
4979,0,LOW,0.4954710304737091,1.0151500701904297
4980,0,LOW,0.7442197203636169,1.3091769218444824
4981,0,LOW,0.5821018218994141,0.8035552501678467
4982,0,LOW,0.5830966234207153,0.825341522693634
4983,0,LOW,0.7493454813957214,1.0549229383468628
4984,0,LOW,0.7668449878692627,1.2071807384490967
4985,0,LOW,0.6615708470344543,0.9278919696807861
4986,0,LOW,0.6937282681465149,0.9006810784339905
4987,0,LOW,0.6557402014732361,0.9372242093086243
4988,0,LOW,0.7745898962020874,1.2636888027191162
4989,0,LOW,0.7443254590034485,1.2652020454406738
4990,0,LOW,0.5414304733276367,0.823839545249939
4991,0,LOW,0.6447547674179077,1.019791603088379
4992,0,LOW,0.6473022699356079,0.8543420433998108
4993,0,LOW,0.6540499925613403,0.9116462469100952
4994,0,LOW,0.6062661409378052,0.781685471534729
4995,0,LOW,0.5955386757850647,0.6119970679283142
4996,1,MODERATE,0.5007670521736145,0.8779016733169556
4997,0,LOW,0.49714529514312744,0.5373988747596741
4998,1,MODERATE,0.4800949692726135,0.6106243133544922
4999,0,LOW,0.7186754941940308,0.7808035016059875
5000,0,LOW,0.7748509645462036,1.4161641597747803
5001,0,LOW,0.5535052418708801,0.7204967737197876
5002,0,LOW,0.7460305094718933,1.2900798320770264
5003,1,MODERATE,0.5274096131324768,0.3842676877975464
5004,0,LOW,0.5313596725463867,0.6653869152069092
5005,0,LOW,0.6391477584838867,0.9694033265113831
5006,0,LOW,0.5789840817451477,0.9395074248313904
5007,0,LOW,0.6031988859176636,0.8168095946311951
5008,0,LOW,0.467647522687912,0.783532977104187
5009,0,LOW,0.4607553780078888,1.3099780082702637
5010,0,LOW,0.5785447955131531,0.7837866544723511
5011,0,LOW,0.42954471707344055,0.6972339749336243
5012,0,LOW,0.4451864957809448,0.6553964614868164
5013,0,LOW,0.5226941108703613,0.6320764422416687
5014,1,MODERATE,0.4542543590068817,0.8570027351379395
5015,0,LOW,0.6286577582359314,1.357473611831665
5016,0,LOW,0.4768615961074829,0.7935154438018799
5017,1,MODERATE,0.5168898105621338,0.7826021909713745
5018,1,MODERATE,0.49848100543022156,0.8101443648338318
5019,1,MODERATE,0.5188167691230774,0.8014902472496033
5020,1,MODERATE,0.641630232334137,0.9557203054428101
5021,0,LOW,0.5571518540382385,0.6925485730171204
5022,1,MODERATE,0.5264639854431152,0.9013102054595947
5023,0,LOW,0.5377833247184753,0.5483077764511108
5024,0,LOW,0.5681255459785461,0.9243038296699524
5025,1,MODERATE,0.6962472796440125,0.9281370639801025
5026,1,MODERATE,0.46643438935279846,0.42983147501945496
5027,0,LOW,0.48086100816726685,0.7306512594223022
5028,1,MODERATE,0.560647189617157,0.8062722682952881
5029,1,MODERATE,0.491994172334671,1.0516654253005981
5030,1,MODERATE,0.5381506681442261,0.9494383335113525
5031,1,MODERATE,0.7713451385498047,1.0177708864212036
5032,1,MODERATE,0.5704378485679626,0.828019380569458
5033,1,MODERATE,0.44013723731040955,0.8665845394134521
5034,1,MODERATE,0.5678103566169739,0.7684041261672974
5035,1,MODERATE,0.5592523813247681,0.7640469074249268
5036,1,MODERATE,0.6786187887191772,0.9538070559501648
5037,1,MODERATE,0.596871554851532,0.8412608504295349
5038,1,MODERATE,0.6618881225585938,0.9911270141601562
5039,1,MODERATE,0.7929102182388306,1.0987014770507812
5040,1,MODERATE,0.7114591002464294,1.0275814533233643
5041,1,MODERATE,0.6142967343330383,0.854119598865509
5042,1,MODERATE,0.762282133102417,1.2293436527252197
5043,0,LOW,0.4093283414840698,0.36816084384918213
5044,1,MODERATE,0.47807908058166504,1.4925240278244019
5045,1,MODERATE,0.6514424085617065,0.8112897276878357
5046,1,MODERATE,0.6448019742965698,0.8133862018585205
5047,1,MODERATE,0.624976634979248,0.9160640835762024
5048,1,MODERATE,0.5283430218696594,0.930341362953186
5049,1,MODERATE,0.5775835514068604,0.9578422904014587
5050,1,MODERATE,0.48630186915397644,0.5947324633598328
5051,1,MODERATE,0.6245734095573425,0.8794794678688049
5052,1,MODERATE,0.6970865726470947,1.198669672012329
5053,1,MODERATE,0.5565171837806702,0.7639554738998413
5054,1,MODERATE,0.71202152967453,0.9948345422744751
5055,1,MODERATE,0.5547194480895996,0.7639315724372864
5056,1,MODERATE,0.6019114255905151,1.2739242315292358
5057,1,MODERATE,0.5770024657249451,1.0921860933303833
5058,1,MODERATE,0.5153126120567322,1.061176061630249
5059,1,MODERATE,0.5607786178588867,1.0415242910385132
5060,1,MODERATE,0.7074698209762573,1.0783063173294067
5061,1,MODERATE,0.6666553020477295,1.084497332572937
5062,1,MODERATE,0.6924293041229248,1.0600758790969849
5063,1,MODERATE,0.5732887983322144,1.0734061002731323
5064,1,MODERATE,0.7279115319252014,1.1405982971191406
5065,1,MODERATE,0.6844685077667236,0.8147454857826233
5066,1,MODERATE,0.7364968657493591,1.0761252641677856
5067,1,MODERATE,0.7111326456069946,0.9727336168289185
5068,1,MODERATE,0.8424949645996094,1.2673710584640503
5069,1,MODERATE,0.5679254531860352,1.105908751487732
5070,1,MODERATE,0.6521400809288025,1.0885143280029297
5071,1,MODERATE,0.7647170424461365,1.2391960620880127
5072,1,MODERATE,0.8158282041549683,1.1851309537887573
5073,1,MODERATE,0.5736445784568787,0.6270430684089661
5074,1,MODERATE,0.7022294402122498,1.3202848434448242
5075,1,MODERATE,0.7892438173294067,1.2200065851211548
5076,1,MODERATE,0.8210277557373047,1.2011610269546509
5077,1,MODERATE,0.8060961365699768,1.366788625717163
5078,1,MODERATE,0.777472198009491,1.236558198928833
5079,1,MODERATE,0.48630407452583313,0.9895660877227783
5080,1,MODERATE,0.6748088598251343,0.7153609395027161
5081,1,MODERATE,0.6558673977851868,1.2114671468734741
5082,1,MODERATE,0.837012529373169,1.6383253335952759
5083,1,MODERATE,0.8435243964195251,1.3902283906936646
5084,1,MODERATE,0.5371570587158203,1.1027005910873413
5085,1,MODERATE,0.5029398202896118,1.1230285167694092
5086,1,MODERATE,0.7103938460350037,1.0545051097869873
5087,1,MODERATE,0.7050551772117615,1.330633521080017
5088,1,MODERATE,0.7341834306716919,1.023086667060852
5089,1,MODERATE,0.7101745009422302,1.116808295249939
5090,1,MODERATE,0.6902847290039062,0.8825083374977112
5091,1,MODERATE,0.6760862469673157,1.4840233325958252
5092,1,MODERATE,0.8536379337310791,1.4011133909225464
5093,1,MODERATE,0.6936846971511841,0.8159141540527344
5094,1,MODERATE,0.790589451789856,1.106458306312561
5095,1,MODERATE,0.7911121845245361,1.2171710729599
5096,1,MODERATE,0.7033721208572388,1.0010911226272583
5097,1,MODERATE,0.6087746620178223,0.7121036052703857
5098,1,MODERATE,0.7069694399833679,1.0709937810897827
5099,1,MODERATE,0.7152388095855713,0.8898767828941345
5100,1,MODERATE,0.7005142569541931,0.8858407735824585
5101,1,MODERATE,0.7376990914344788,1.2905374765396118
5102,1,MODERATE,0.7032711505889893,1.3433339595794678
5103,1,MODERATE,0.7034623026847839,1.3496310710906982
5104,1,MODERATE,0.8331761956214905,1.2236502170562744
5105,1,MODERATE,0.7102661728858948,1.0730009078979492
5106,1,MODERATE,0.7808184027671814,1.0402915477752686
5107,1,MODERATE,0.7120494246482849,1.1039955615997314
5108,1,MODERATE,0.7983742952346802,1.205467700958252
5109,1,MODERATE,0.8413187265396118,1.3745970726013184
5110,1,MODERATE,0.738702118396759,1.0529245138168335
5111,1,MODERATE,0.7936652302742004,1.1590107679367065
5112,1,MODERATE,0.6838675737380981,1.2556428909301758
5113,1,MODERATE,0.7484244108200073,1.0349634885787964
5114,1,MODERATE,0.7250431776046753,0.9747400879859924
5115,1,MODERATE,0.6446071267127991,0.8947822451591492
5116,1,MODERATE,0.7353098392486572,1.2679567337036133
5117,1,MODERATE,0.8180245757102966,1.1417733430862427
5118,1,MODERATE,0.723409116268158,0.894243597984314
5119,1,MODERATE,0.5778506398200989,0.9637258052825928
5120,1,MODERATE,0.654583215713501,0.611987829208374
5121,0,LOW,0.3956926465034485,0.44701722264289856
5122,1,MODERATE,0.6726199388504028,0.9522505402565002
5123,1,MODERATE,0.650989830493927,0.9764999747276306
5124,1,MODERATE,0.5337958931922913,1.1779592037200928
5125,1,MODERATE,0.6947993040084839,1.2244527339935303
5126,1,MODERATE,0.5941162109375,1.0163984298706055
5127,1,MODERATE,0.6381820440292358,1.0225526094436646
5128,1,MODERATE,0.6931601762771606,1.0959523916244507
5129,1,MODERATE,0.500286877155304,0.9727001190185547
5130,1,MODERATE,0.627778172492981,0.9703916907310486
5131,0,LOW,0.5742259621620178,0.3839915990829468
5132,1,MODERATE,0.681536078453064,1.0214745998382568
5133,1,MODERATE,0.6474984884262085,0.8915464878082275
5134,1,MODERATE,0.5664663910865784,1.2463467121124268
5135,0,LOW,0.5009235739707947,0.5446807742118835
5136,1,MODERATE,0.4871518611907959,0.7153748273849487
5137,1,MODERATE,0.526128351688385,0.601826012134552
5138,1,MODERATE,0.7053130269050598,1.3766944408416748
5139,0,LOW,0.7474085092544556,0.6935583353042603
5140,1,MODERATE,0.7404513955116272,0.7829254269599915
5141,0,LOW,0.573119580745697,0.7435041666030884
5142,0,LOW,0.5234401822090149,0.6975788474082947
5143,0,LOW,0.549203097820282,1.1381772756576538
5144,0,LOW,0.685723602771759,0.9226022362709045
5145,0,LOW,0.5600607395172119,0.6338199377059937
5146,0,LOW,0.7362284064292908,1.1411088705062866
5147,0,LOW,0.5931082963943481,0.7163280844688416
5148,0,LOW,0.6514869928359985,0.865922212600708
5149,0,LOW,0.5927335619926453,0.8145995140075684
5150,1,MODERATE,0.5096256732940674,0.6172389984130859
5151,1,MODERATE,0.6266112327575684,1.2247073650360107
5152,0,LOW,0.4963352084159851,1.008326768875122
5153,0,LOW,0.6485846042633057,0.9173732995986938
5154,0,LOW,0.7989130020141602,1.5282366275787354
5155,1,MODERATE,0.6037091612815857,1.105378270149231
5156,0,LOW,0.6015670895576477,0.6861845254898071
5157,1,MODERATE,0.5630530714988708,0.8573703765869141
5158,0,LOW,0.5436493158340454,0.8155319690704346
5159,0,LOW,0.6235976219177246,1.130850076675415
5160,0,LOW,0.5892636179924011,1.0115997791290283
5161,0,LOW,0.4244805872440338,0.4878324866294861
5162,0,LOW,0.4583827555179596,0.5141023397445679
5163,1,MODERATE,0.42565059661865234,0.7068458795547485
5164,0,LOW,0.5308399796485901,0.4582366347312927
5165,2,SEVERE,0.3779395818710327,1.6166285276412964
5166,0,LOW,0.3958630859851837,0.43947702646255493
5167,0,LOW,0.6886957287788391,1.5458563566207886
5168,0,LOW,0.7056133151054382,1.3635205030441284
5169,2,SEVERE,0.3918277323246002,1.5510236024856567
5170,0,LOW,0.46915674209594727,0.6189932823181152
5171,0,LOW,0.47397759556770325,0.5255440473556519
5172,0,LOW,0.5782618522644043,0.592333197593689
5173,0,LOW,0.47470366954803467,0.592333197593689
5174,1,MODERATE,0.4636497497558594,0.6066135168075562
5175,0,LOW,0.4883360266685486,0.5165877938270569
5176,0,LOW,0.3917787969112396,0.3463619351387024
5177,0,LOW,0.5309897661209106,0.6883288621902466
5178,0,LOW,0.42664965987205505,0.6926095485687256
5179,1,MODERATE,0.3848361074924469,0.7629951238632202
5180,1,MODERATE,0.40341344475746155,0.653078556060791
5181,0,LOW,0.3997453451156616,0.3480420708656311
5182,1,MODERATE,0.4164455235004425,0.5911918878555298
5183,1,MODERATE,0.4147702157497406,0.6120491027832031
5184,0,LOW,0.4154869616031647,0.38892507553100586
5185,1,MODERATE,0.5013180375099182,0.7934516668319702
5186,0,LOW,0.7036641836166382,1.1563090085983276
5187,2,SEVERE,0.43178626894950867,0.7510218620300293
5188,0,LOW,0.3987809717655182,0.3254390060901642
5189,2,SEVERE,0.3505997359752655,1.032779335975647
5190,1,MODERATE,0.38512444496154785,0.5236433744430542
5191,2,SEVERE,0.47295281291007996,0.859058141708374
5192,2,SEVERE,0.772986888885498,1.8025621175765991
5193,2,SEVERE,0.45283249020576477,0.9852155447006226
5194,2,SEVERE,0.43969354033470154,0.9577224850654602
5195,1,MODERATE,0.4690045118331909,0.8996585607528687
5196,1,MODERATE,0.43198955059051514,0.6470184326171875
5197,2,SEVERE,0.4268610179424286,0.9153704643249512
5198,2,SEVERE,0.4946746230125427,0.9747599959373474
5199,0,LOW,0.5957434773445129,1.7981982231140137
5200,0,LOW,0.594679057598114,1.4315327405929565
5201,2,SEVERE,0.49463972449302673,1.0559513568878174
5202,2,SEVERE,0.46724066138267517,1.086955189704895
5203,2,SEVERE,0.4866773188114166,1.1015782356262207
5204,2,SEVERE,0.5662338137626648,1.1130359172821045
5205,2,SEVERE,0.6282340884208679,1.2032115459442139
5206,2,SEVERE,0.46903273463249207,1.0829781293869019
5207,2,SEVERE,0.45587846636772156,1.2253541946411133
5208,2,SEVERE,0.5931838750839233,1.1517404317855835
5209,2,SEVERE,0.47104987502098083,1.100239872932434
5210,2,SEVERE,0.5330336093902588,1.0627470016479492
5211,2,SEVERE,0.3697216510772705,1.3995572328567505
5212,2,SEVERE,0.46052810549736023,1.150895595550537
5213,2,SEVERE,0.5823923945426941,1.1564701795578003
5214,2,SEVERE,0.4127853810787201,1.394561529159546
5215,2,SEVERE,0.5090230703353882,1.092809796333313
5216,2,SEVERE,0.6100552678108215,1.0616192817687988
5217,2,SEVERE,0.41537463665008545,1.2608648538589478
5218,2,SEVERE,0.5455156564712524,1.0159610509872437
5219,2,SEVERE,0.4138586223125458,0.9906551837921143
5220,2,SEVERE,0.48465973138809204,0.9513223767280579
5221,2,SEVERE,0.47351542115211487,0.937219500541687
5222,2,SEVERE,0.5481383800506592,1.1382849216461182
5223,2,SEVERE,0.41356056928634644,1.0979193449020386
5224,2,SEVERE,0.540910005569458,0.9876870512962341
5225,2,SEVERE,0.455522358417511,1.0235528945922852
5226,2,SEVERE,0.46834543347358704,1.0221068859100342
5227,2,SEVERE,0.4564298987388611,0.9685245156288147
5228,1,MODERATE,0.4570861756801605,0.8206301927566528
5229,2,SEVERE,0.40178224444389343,0.9421339631080627
5230,0,LOW,0.5895165205001831,1.3255940675735474
5231,2,SEVERE,0.4040409326553345,0.9468920826911926
5232,2,SEVERE,0.5161494016647339,1.1735780239105225
5233,2,SEVERE,0.41666844487190247,0.9639187455177307
5234,1,MODERATE,0.43337008357048035,0.9039213061332703
5235,2,SEVERE,0.5323638916015625,1.2970635890960693
5236,0,LOW,0.7135984897613525,1.4350591897964478
5237,1,MODERATE,0.4623998701572418,0.6841269731521606
5238,1,MODERATE,0.3959597945213318,0.6194903254508972
5239,1,MODERATE,0.40260612964630127,0.48661932349205017
5240,0,LOW,0.4030192792415619,0.7600218653678894
5241,2,SEVERE,0.3984650671482086,0.804879903793335
5242,2,SEVERE,0.38960501551628113,0.7283104658126831
5243,1,MODERATE,0.5167574286460876,0.7708607316017151
5244,0,LOW,0.38759392499923706,0.2697288990020752
5245,0,LOW,0.39281049370765686,0.5058376789093018
5246,0,LOW,0.37733545899391174,0.46063005924224854
5247,0,LOW,0.37805813550949097,0.27770593762397766
5248,0,LOW,0.7784392833709717,1.423634648323059
5249,2,SEVERE,0.4269351065158844,0.8456366062164307
5250,0,LOW,0.36758387088775635,0.3464840054512024
5251,1,MODERATE,0.39078909158706665,0.5058509111404419
5252,2,SEVERE,0.3675108253955841,0.7054783701896667
5253,1,MODERATE,0.5164437890052795,0.7397698760032654
5254,1,MODERATE,0.3603583574295044,0.5203138589859009
5255,0,LOW,0.3760662376880646,0.28040361404418945
5256,0,LOW,0.4542759954929352,0.6402924656867981
5257,1,MODERATE,0.4178580939769745,0.5175836086273193
5258,1,MODERATE,0.4934116005897522,0.6296136379241943
5259,1,MODERATE,0.4349307119846344,0.544150710105896
5260,1,MODERATE,0.4239124655723572,0.5720493197441101
5261,1,MODERATE,0.4103117287158966,0.5454416871070862
5262,1,MODERATE,0.36903131008148193,0.6651366949081421
5263,0,LOW,0.36304599046707153,0.2734188437461853
5264,0,LOW,0.5565895438194275,0.8918957710266113
5265,1,MODERATE,0.43042129278182983,0.4788254499435425
5266,0,LOW,0.3809730112552643,0.2700478136539459
5267,1,MODERATE,0.5722144842147827,0.713793158531189
5268,0,LOW,0.4024723172187805,0.24691499769687653
5269,0,LOW,0.6214288473129272,0.9786931276321411
5270,0,LOW,0.45181310176849365,0.38018327951431274
5271,0,LOW,0.45592257380485535,0.22153331339359283
5272,0,LOW,0.4848213493824005,0.3774005174636841
5273,1,MODERATE,0.522720992565155,0.5589154958724976
5274,0,LOW,0.5313746929168701,0.4121817946434021
5275,1,MODERATE,0.6187716722488403,0.7774723768234253
5276,2,SEVERE,0.40392735600471497,1.8009233474731445
5277,0,LOW,0.45869606733322144,0.3337019681930542
5278,0,LOW,0.4275253415107727,0.38055434823036194
5279,0,LOW,0.4636377990245819,0.3889198899269104
5280,2,SEVERE,0.6892602443695068,1.9175935983657837
5281,0,LOW,0.5336559414863586,0.5978904962539673
5282,1,MODERATE,0.5990228652954102,0.744127094745636
5283,1,MODERATE,0.4318387806415558,0.5224264860153198
5284,0,LOW,0.6514056324958801,0.9087588787078857
5285,0,LOW,0.44417014718055725,0.32736966013908386
5286,1,MODERATE,0.507914125919342,0.844577431678772
5287,0,LOW,0.7820503115653992,1.4611655473709106
5288,0,LOW,0.44251060485839844,0.4509291648864746
5289,2,SEVERE,0.5279151797294617,2.208159923553467
5290,0,LOW,0.5268685817718506,0.351016104221344
5291,0,LOW,0.6547555923461914,0.5897358655929565
5292,1,MODERATE,0.4807489812374115,0.5895234942436218
5293,0,LOW,0.4532959461212158,0.3805047869682312
5294,1,MODERATE,0.55719393491745,0.8506650924682617
5295,0,LOW,0.5945747494697571,0.7338820695877075
5296,1,MODERATE,0.6798723340034485,0.9479559659957886
5297,1,MODERATE,0.5175943970680237,0.6396687030792236
5298,0,LOW,0.5463889241218567,0.6128623485565186
5299,0,LOW,0.48997023701667786,0.3605688810348511
5300,0,LOW,0.40753695368766785,0.21133124828338623
5301,1,MODERATE,0.4302006959915161,0.5203261375427246
5302,1,MODERATE,0.43338853120803833,0.5005066990852356
5303,0,LOW,0.5075611472129822,0.4442622661590576
5304,0,LOW,0.35916373133659363,0.2810455858707428
5305,1,MODERATE,0.41034647822380066,0.6075495481491089
5306,1,MODERATE,0.4745992422103882,0.6412211656570435
5307,1,MODERATE,0.4065641760826111,0.6064954400062561
5308,1,MODERATE,0.5799355506896973,1.1381449699401855
5309,0,LOW,0.36812373995780945,0.5432224273681641
5310,0,LOW,0.43523532152175903,0.5280170440673828
5311,2,SEVERE,0.33738836646080017,0.5920714139938354
5312,2,SEVERE,0.7350651621818542,1.72355318069458
5313,0,LOW,0.3790956139564514,0.6234655380249023
5314,0,LOW,0.4220418334007263,0.8828673958778381
5315,1,MODERATE,0.5618353486061096,1.0894465446472168
5316,1,MODERATE,0.5272807478904724,0.6833314299583435
5317,1,MODERATE,0.3580402433872223,0.6118269562721252
5318,1,MODERATE,0.4597741961479187,0.6019183397293091
5319,0,LOW,0.476639062166214,0.6665672659873962
5320,1,MODERATE,0.39146730303764343,0.5609341263771057
5321,0,LOW,0.3828780949115753,0.36102384328842163
5322,0,LOW,0.6494837999343872,1.2610596418380737
5323,0,LOW,0.4025701880455017,0.34639012813568115
5324,0,LOW,0.37908869981765747,0.29342082142829895
5325,0,LOW,0.5581502318382263,0.8103305101394653
5326,0,LOW,0.6518023014068604,1.141158103942871
5327,1,MODERATE,0.4077853560447693,0.5494138598442078
5328,0,LOW,0.507483959197998,0.5914751887321472
5329,1,MODERATE,0.41712474822998047,0.4845818877220154
5330,1,MODERATE,0.49561166763305664,0.6036566495895386
5331,0,LOW,0.3598189651966095,0.20710225403308868
5332,1,MODERATE,0.4390679895877838,0.5863361358642578
5333,0,LOW,0.39331692457199097,0.21590395271778107
5334,0,LOW,0.49979302287101746,0.7204499244689941
5335,0,LOW,0.4604201912879944,0.407234251499176
5336,0,LOW,0.3922217786312103,0.2742919921875
5337,2,SEVERE,0.5826730132102966,1.591848611831665
5338,0,LOW,0.5279617309570312,0.4598958492279053
5339,1,MODERATE,0.4592987298965454,0.5641196966171265
5340,1,MODERATE,0.4122304320335388,0.4972330629825592
5341,0,LOW,0.3877527415752411,0.2955666184425354
5342,0,LOW,0.3676259219646454,0.28499144315719604
5343,0,LOW,0.3997117877006531,0.26632943749427795
5344,0,LOW,0.7434661984443665,1.3658124208450317
5345,1,MODERATE,0.4176754057407379,0.5501282811164856
5346,0,LOW,0.4623963236808777,0.423738956451416
5347,0,LOW,0.5547487139701843,0.7663838267326355
5348,2,SEVERE,0.6773320436477661,1.5222136974334717
5349,1,MODERATE,0.6936082243919373,0.8896377086639404
5350,1,MODERATE,0.3726826608181,0.6861793994903564
5351,1,MODERATE,0.4517920911312103,0.5785163044929504
5352,2,SEVERE,0.46793076395988464,1.168386459350586
5353,1,MODERATE,0.36863914132118225,0.617651104927063
5354,1,MODERATE,0.5174767971038818,0.7125341892242432
5355,0,LOW,0.504303514957428,0.5895236730575562
5356,0,LOW,0.425354927778244,0.3465023636817932
5357,0,LOW,0.45620405673980713,0.482828825712204
5358,0,LOW,0.4434952139854431,0.48435354232788086
5359,0,LOW,0.4702754616737366,0.38222432136535645
5360,1,MODERATE,0.6904933452606201,0.8090350031852722
5361,1,MODERATE,0.428012490272522,0.5093731880187988
5362,1,MODERATE,0.41750138998031616,0.5067176818847656
5363,0,LOW,0.5218639373779297,0.6600404977798462
5364,1,MODERATE,0.5966891646385193,0.8808221817016602
5365,1,MODERATE,0.8043896555900574,1.1184788942337036
5366,0,LOW,0.435515820980072,0.32249242067337036
5367,1,MODERATE,0.38652074337005615,0.4884662926197052
5368,0,LOW,0.39490336179733276,0.22445233166217804
5369,2,SEVERE,0.5249086618423462,1.1554086208343506
5370,1,MODERATE,0.4527650475502014,0.5055131912231445
5371,0,LOW,0.4460451900959015,0.4690406918525696
5372,1,MODERATE,0.4502762258052826,0.5915312767028809
5373,1,MODERATE,0.42104819416999817,0.7138328552246094
5374,1,MODERATE,0.542091965675354,0.6511293649673462
5375,0,LOW,0.4848282039165497,0.39310669898986816
5376,0,LOW,0.4089178442955017,0.15691828727722168
5377,1,MODERATE,0.34265536069869995,0.538314938545227
5378,0,LOW,0.44488343596458435,0.32083913683891296
5379,0,LOW,0.34128934144973755,0.3145763874053955
5380,0,LOW,0.38008394837379456,0.22949914634227753
5381,0,LOW,0.3481981158256531,0.27398571372032166
5382,0,LOW,0.41793709993362427,0.1762876957654953
5383,0,LOW,0.40109848976135254,0.25563839077949524
5384,2,SEVERE,0.3883669376373291,0.7618105411529541
5385,1,MODERATE,0.8056427240371704,1.1024975776672363
5386,1,MODERATE,0.4340042173862457,0.5743080973625183
5387,0,LOW,0.3615548014640808,0.32628530263900757
5388,0,LOW,0.3845618963241577,0.39444416761398315
5389,2,SEVERE,0.3562791049480438,0.5734949111938477
5390,1,MODERATE,0.4270612895488739,0.5788092017173767
5391,2,SEVERE,0.40074431896209717,0.6577174067497253
5392,0,LOW,0.4311766028404236,0.5336403846740723
5393,0,LOW,0.5202081799507141,0.7485942840576172
5394,1,MODERATE,0.4288945198059082,0.6451056599617004
5395,2,SEVERE,0.40519025921821594,0.7366754412651062
5396,2,SEVERE,0.44098997116088867,0.7371349930763245
5397,2,SEVERE,0.4050576686859131,0.7379657030105591
5398,2,SEVERE,0.39610254764556885,0.9013632535934448
5399,2,SEVERE,0.4964630603790283,0.906869649887085
5400,1,MODERATE,0.39921697974205017,0.5664713382720947
5401,2,SEVERE,0.43126189708709717,0.7753113508224487
5402,2,SEVERE,0.5886188745498657,1.1805977821350098
5403,0,LOW,0.5426052212715149,1.217369794845581
5404,2,SEVERE,0.4218951165676117,0.9387442469596863
5405,2,SEVERE,0.5020651817321777,0.9281361103057861
5406,2,SEVERE,0.5369507074356079,1.0166847705841064
5407,2,SEVERE,0.7896787524223328,1.8504878282546997
5408,2,SEVERE,0.5294210910797119,1.00979483127594
5409,2,SEVERE,0.3855428695678711,1.2815659046173096
5410,2,SEVERE,0.49430161714553833,0.9717364311218262
5411,2,SEVERE,0.6138673424720764,1.0897451639175415
5412,2,SEVERE,0.5426835417747498,1.0751004219055176
5413,2,SEVERE,0.5804784297943115,1.0410112142562866
5414,2,SEVERE,0.5798879265785217,1.0410112142562866
5415,2,SEVERE,0.5728855729103088,0.9882462024688721
5416,2,SEVERE,0.5200663208961487,1.0093605518341064
5417,2,SEVERE,0.40444737672805786,1.2537764310836792
5418,2,SEVERE,0.4582841992378235,1.2308242321014404
5419,2,SEVERE,0.6208807826042175,1.3555413484573364
5420,2,SEVERE,0.7833430767059326,1.6727443933486938
5421,2,SEVERE,0.3684185743331909,1.3755810260772705
5422,0,LOW,0.660442054271698,1.651076078414917
5423,2,SEVERE,0.577296257019043,1.0588356256484985
5424,2,SEVERE,0.4572680592536926,1.280073881149292
5425,2,SEVERE,0.5593080520629883,1.0493049621582031
5426,2,SEVERE,0.39412468671798706,1.3151440620422363
5427,2,SEVERE,0.4035962224006653,1.4342014789581299
5428,2,SEVERE,0.5023150444030762,1.0910052061080933
5429,2,SEVERE,0.8151963949203491,1.7351274490356445
5430,1,MODERATE,0.4003200829029083,0.8434360027313232
5431,2,SEVERE,0.6259225606918335,1.1684057712554932
5432,2,SEVERE,0.5539042353630066,1.181976556777954
5433,2,SEVERE,0.5860738754272461,1.177863597869873
5434,0,LOW,0.4553482234477997,2.27107572555542
5435,2,SEVERE,0.47723153233528137,1.3337445259094238
5436,2,SEVERE,0.4382478892803192,1.5812733173370361
5437,2,SEVERE,0.6389749646186829,1.2265880107879639
5438,2,SEVERE,0.5881057977676392,1.1604228019714355
5439,2,SEVERE,0.6643723845481873,1.200588345527649
5440,0,LOW,0.5307644009590149,2.0641942024230957
5441,2,SEVERE,0.7499278783798218,1.593494176864624
5442,2,SEVERE,0.57436603307724,1.1038618087768555
5443,2,SEVERE,0.60081946849823,1.1711266040802002
5444,2,SEVERE,0.61374431848526,1.165993571281433
5445,2,SEVERE,0.6217087507247925,1.2192339897155762
5446,2,SEVERE,0.6683481931686401,1.2228480577468872
5447,2,SEVERE,0.6213251948356628,1.2549556493759155
5448,2,SEVERE,0.7560635805130005,1.3705732822418213
5449,2,SEVERE,0.49477866291999817,1.3723664283752441
5450,2,SEVERE,0.5013399124145508,1.6039299964904785
5451,2,SEVERE,0.7068405151367188,1.2948259115219116
5452,2,SEVERE,0.7082664966583252,1.2948259115219116
5453,2,SEVERE,0.6823620200157166,1.205215334892273
5454,2,SEVERE,0.8356840014457703,1.7358733415603638
5455,2,SEVERE,0.6753362417221069,1.2001497745513916
5456,2,SEVERE,0.6246657967567444,1.334122657775879
5457,2,SEVERE,0.7522369027137756,1.3706833124160767
5458,0,LOW,0.3755507469177246,1.3526864051818848
5459,2,SEVERE,0.7258688807487488,1.3186967372894287
5460,2,SEVERE,0.8229308128356934,1.4759941101074219
5461,2,SEVERE,0.4526509642601013,1.8539552688598633
5462,2,SEVERE,0.670087456703186,1.284511923789978
5463,2,SEVERE,0.7141993641853333,1.2700161933898926
5464,0,LOW,0.3836914300918579,1.4934598207473755
5465,2,SEVERE,0.687856912612915,1.2211666107177734
5466,2,SEVERE,0.7167602777481079,1.2274430990219116
5467,2,SEVERE,0.7021625638008118,1.2398462295532227
5468,2,SEVERE,0.5965515971183777,1.6123522520065308
5469,2,SEVERE,0.5574771165847778,1.4234589338302612
5470,2,SEVERE,0.6687684655189514,1.2096312046051025
5471,2,SEVERE,0.5984727740287781,1.3118747472763062
5472,2,SEVERE,0.5363895297050476,1.2130755186080933
5473,2,SEVERE,0.815491259098053,1.7543760538101196
5474,0,LOW,0.5699626803398132,1.759035348892212
5475,2,SEVERE,0.5370164513587952,1.2462575435638428
5476,2,SEVERE,0.6881874799728394,1.4521009922027588
5477,2,SEVERE,0.4811474680900574,1.5652472972869873
5478,2,SEVERE,0.7125267386436462,1.6079388856887817
5479,2,SEVERE,0.6619887351989746,1.1951955556869507
5480,2,SEVERE,0.6704325675964355,1.2291345596313477
5481,2,SEVERE,0.7602070569992065,1.4232268333435059
5482,2,SEVERE,0.7764008045196533,1.4862140417099
5483,2,SEVERE,0.6358175277709961,1.1989320516586304
5484,2,SEVERE,0.49558696150779724,1.4025957584381104
5485,0,LOW,0.36679115891456604,1.704063892364502
5486,2,SEVERE,0.5255548357963562,1.3669675588607788
5487,2,SEVERE,0.45757558941841125,1.5466909408569336
5488,2,SEVERE,0.7227290868759155,1.3748191595077515
5489,2,SEVERE,0.6216078996658325,1.2864874601364136
5490,2,SEVERE,0.3762270510196686,1.6465977430343628
5491,2,SEVERE,0.6066095232963562,1.3396177291870117
5492,2,SEVERE,0.6224429607391357,1.3474323749542236
5493,2,SEVERE,0.6850993633270264,1.3246768712997437
5494,2,SEVERE,0.517776608467102,1.4107627868652344
5495,2,SEVERE,0.5163465142250061,1.3397190570831299
5496,2,SEVERE,0.6016522645950317,1.3373342752456665
5497,2,SEVERE,0.6155849099159241,1.3755383491516113
5498,1,MODERATE,0.5590541958808899,1.1201092004776
5499,2,SEVERE,0.4915493428707123,1.2166330814361572
5500,2,SEVERE,0.46586617827415466,1.2166106700897217
5501,2,SEVERE,0.46240776777267456,1.2030271291732788
5502,0,LOW,0.520032525062561,1.056424856185913
5503,2,SEVERE,0.5370075702667236,1.1970059871673584
5504,1,MODERATE,0.4234730303287506,0.8293157815933228
5505,0,LOW,0.43861475586891174,0.9219578504562378
5506,1,MODERATE,0.44715356826782227,1.2170028686523438
5507,0,LOW,0.4990151822566986,0.8587830662727356
5508,1,MODERATE,0.37951403856277466,0.6404913663864136
5509,0,LOW,0.42989736795425415,0.6588695645332336
5510,2,SEVERE,0.3828664720058441,1.134696125984192
5511,0,LOW,0.42107197642326355,0.5584338307380676
5512,0,LOW,0.44385427236557007,0.5222646594047546
5513,1,MODERATE,0.4334547519683838,0.9229276180267334
5514,1,MODERATE,0.43776869773864746,0.8713687658309937
5515,0,LOW,0.4072674512863159,0.4105480909347534
5516,0,LOW,0.4326931834220886,0.41026195883750916
5517,0,LOW,0.48156970739364624,0.49826252460479736
5518,0,LOW,0.47438645362854004,0.524330735206604
5519,0,LOW,0.4738439917564392,0.524330735206604
5520,0,LOW,0.3982429504394531,0.40423083305358887
5521,2,SEVERE,0.5334749817848206,1.5442500114440918
5522,0,LOW,0.43208521604537964,0.37047475576400757
5523,0,LOW,0.4966810941696167,0.48064491152763367
5524,0,LOW,0.46183720231056213,0.5186748504638672
5525,0,LOW,0.3600810468196869,0.42624861001968384
5526,1,MODERATE,0.472514271736145,0.6889591217041016
5527,1,MODERATE,0.5399825572967529,0.8469576835632324
5528,0,LOW,0.6740643978118896,0.9634385108947754
5529,0,LOW,0.5676553249359131,0.6466241478919983
5530,2,SEVERE,0.6059768795967102,1.8739711046218872
5531,0,LOW,0.6790767312049866,0.8636239767074585
5532,0,LOW,0.5773735046386719,0.755273699760437
5533,0,LOW,0.7141485214233398,1.123265266418457
5534,0,LOW,0.5287454724311829,0.700658917427063
5535,0,LOW,0.5158005952835083,0.6957571506500244
5536,0,LOW,0.591930091381073,0.7667285203933716
5537,0,LOW,0.5904847383499146,0.6706843972206116
5538,0,LOW,0.7232673168182373,0.7933166027069092
5539,0,LOW,0.6278190612792969,0.7997658848762512
5540,0,LOW,0.761779248714447,1.0324437618255615
5541,1,MODERATE,0.5075576305389404,0.7465552687644958
5542,0,LOW,0.6765586137771606,0.8266416192054749
5543,0,LOW,0.6918197274208069,1.0281285047531128
5544,0,LOW,0.8075768947601318,1.3501532077789307
5545,0,LOW,0.5203025937080383,0.9265503287315369
5546,0,LOW,0.6224367022514343,0.8351165056228638
5547,0,LOW,0.6248373985290527,1.0139223337173462
5548,0,LOW,0.5251389145851135,0.962440013885498
5549,1,MODERATE,0.5767646431922913,0.7725784778594971
5550,0,LOW,0.6865528225898743,0.9382864236831665
5551,0,LOW,0.8213003277778625,1.2648394107818604
5552,0,LOW,0.7927727103233337,1.3873194456100464
5553,1,MODERATE,0.522642970085144,0.7497252821922302
5554,0,LOW,0.7487504482269287,1.2152316570281982
5555,0,LOW,0.718019425868988,1.3401851654052734
5556,0,LOW,0.8204430937767029,1.1146818399429321
5557,0,LOW,0.724413275718689,1.022936224937439
5558,0,LOW,0.7307361364364624,1.170046329498291
5559,0,LOW,0.6399593353271484,1.1575696468353271
5560,0,LOW,0.777321994304657,1.42478346824646
5561,0,LOW,0.7659010887145996,1.309949517250061
5562,0,LOW,0.822940468788147,1.3443233966827393
5563,0,LOW,0.7402158975601196,1.0780704021453857
5564,0,LOW,0.4828210473060608,1.1962165832519531
5565,0,LOW,0.6136380434036255,0.8053560256958008
5566,0,LOW,0.5866702198982239,1.0366909503936768
5567,1,MODERATE,0.723796546459198,1.2589043378829956
5568,0,LOW,0.490224152803421,1.7403326034545898
5569,0,LOW,0.7140050530433655,1.0316518545150757
5570,0,LOW,0.6540619730949402,0.9385659098625183
5571,0,LOW,0.7258850932121277,1.124903917312622
5572,0,LOW,0.6356404423713684,0.9261524081230164
5573,0,LOW,0.6076227426528931,1.079870581626892
5574,1,MODERATE,0.6368555426597595,0.7954514026641846
5575,0,LOW,0.7366511225700378,1.1632599830627441
5576,1,MODERATE,0.5314494967460632,0.6493768095970154
5577,0,LOW,0.5871114134788513,0.7336438298225403
5578,0,LOW,0.4795163869857788,1.680387020111084
5579,0,LOW,0.8390918970108032,1.6736778020858765
5580,0,LOW,0.5795541405677795,0.7074328064918518
5581,0,LOW,0.7362701892852783,0.820125937461853
5582,1,MODERATE,0.4929157495498657,0.7055802941322327
5583,1,MODERATE,0.5937129855155945,0.8623759746551514
5584,0,LOW,0.6455167531967163,0.8991466760635376
5585,0,LOW,0.7688959836959839,1.3382889032363892
5586,0,LOW,0.7433853149414062,1.2586967945098877
5587,0,LOW,0.698006272315979,0.9419746398925781
5588,0,LOW,0.649537205696106,0.901242196559906
5589,0,LOW,0.7833043336868286,1.233599305152893
5590,0,LOW,0.5557388067245483,1.2021993398666382
5591,0,LOW,0.6198669672012329,0.8934327960014343
5592,0,LOW,0.648668646812439,0.9583216309547424
5593,0,LOW,0.49325627088546753,0.979388415813446
5594,0,LOW,0.7066402435302734,1.1799029111862183
5595,0,LOW,0.6027330756187439,0.9473879933357239
5596,0,LOW,0.6356768012046814,0.9212108850479126
5597,0,LOW,0.7202699184417725,1.6278016567230225
5598,0,LOW,0.6523481607437134,1.0106090307235718
5599,0,LOW,0.6576163172721863,0.9437662363052368
5600,0,LOW,0.7045985460281372,1.1693685054779053
5601,0,LOW,0.699884831905365,1.055720567703247
5602,0,LOW,0.7056772708892822,0.9136086702346802
5603,0,LOW,0.7660536766052246,1.1834056377410889
5604,0,LOW,0.7226897478103638,1.0536952018737793
5605,0,LOW,0.7226897478103638,1.0536952018737793
5606,0,LOW,0.5620664358139038,0.7665450572967529
5607,0,LOW,0.6568646430969238,0.777288019657135
5608,0,LOW,0.6426352262496948,0.9106881022453308
5609,0,LOW,0.7649387717247009,1.1071503162384033
5610,0,LOW,0.6692034602165222,1.005652904510498
5611,0,LOW,0.6515398621559143,0.8257840871810913
5612,0,LOW,0.5459507703781128,0.7758774161338806
5613,0,LOW,0.5537518262863159,0.6902968883514404
5614,0,LOW,0.5846537351608276,0.6705538034439087
5615,0,LOW,0.5775871872901917,1.1518794298171997
5616,0,LOW,0.5757110714912415,0.8991402983665466
5617,0,LOW,0.5471952557563782,0.8407860994338989
5618,1,MODERATE,0.5714234709739685,1.2602028846740723
5619,0,LOW,0.7375862002372742,1.434988021850586
5620,0,LOW,0.5580459237098694,0.9598882794380188
5621,0,LOW,0.5651584267616272,1.1670717000961304
5622,1,MODERATE,0.5132951736450195,0.9006617069244385
5623,0,LOW,0.4390801191329956,0.5976896286010742
5624,0,LOW,0.45414748787879944,0.8568081855773926
5625,0,LOW,0.5351192951202393,1.012730360031128
5626,1,MODERATE,0.5926899909973145,1.373490333557129
5627,1,MODERATE,0.4342121183872223,0.8629227876663208
5628,0,LOW,0.5142406821250916,0.9177827835083008
5629,1,MODERATE,0.44165435433387756,0.938037097454071
5630,0,LOW,0.5603170990943909,1.1533827781677246
5631,0,LOW,0.49142205715179443,0.6024489998817444
5632,1,MODERATE,0.5064011812210083,0.80101078748703
5633,0,LOW,0.586361825466156,0.7034111618995667
5634,0,LOW,0.6102824211120605,0.8859829902648926
5635,0,LOW,0.5964969992637634,0.7566657662391663
5636,0,LOW,0.6201133728027344,0.7052438855171204
5637,0,LOW,0.5866144895553589,0.8094848394393921
5638,0,LOW,0.6786849498748779,0.7766713500022888
5639,0,LOW,0.483014851808548,0.6418250203132629
5640,1,MODERATE,0.7409501075744629,1.0246602296829224
5641,1,MODERATE,0.5452794432640076,0.6547410488128662
5642,0,LOW,0.523084819316864,0.8580799102783203
5643,0,LOW,0.5733460187911987,0.6886059641838074
5644,1,MODERATE,0.7368112206459045,1.2506641149520874
5645,0,LOW,0.49169495701789856,0.4191184639930725
5646,1,MODERATE,0.5789249539375305,0.760359525680542
5647,1,MODERATE,0.5539253950119019,0.9465631246566772
5648,1,MODERATE,0.7036713361740112,0.918769359588623
5649,0,LOW,0.5029302835464478,0.4785088896751404
5650,1,MODERATE,0.5247936844825745,0.8443917036056519
5651,1,MODERATE,0.5617116093635559,0.759460985660553
5652,1,MODERATE,0.5905784964561462,0.8779051899909973
5653,1,MODERATE,0.5304540395736694,0.7836586236953735
5654,1,MODERATE,0.7032994627952576,1.1648180484771729
5655,1,MODERATE,0.5167178511619568,0.8741932511329651
5656,1,MODERATE,0.5379949808120728,1.1121896505355835
5657,1,MODERATE,0.5379949808120728,1.1121896505355835
5658,1,MODERATE,0.6888113617897034,0.920551598072052
5659,1,MODERATE,0.4843922555446625,0.914112389087677
5660,1,MODERATE,0.5750885009765625,0.8794825673103333
5661,0,LOW,0.5271409153938293,0.8314255475997925
5662,1,MODERATE,0.6828041672706604,1.0106104612350464
5663,1,MODERATE,0.7248032689094543,1.1429802179336548
5664,1,MODERATE,0.7209959626197815,1.1491361856460571
5665,1,MODERATE,0.7979369759559631,1.4701464176177979
5666,1,MODERATE,0.7198689579963684,1.1093645095825195
5667,1,MODERATE,0.7361264824867249,1.1567541360855103
5668,1,MODERATE,0.610798180103302,0.9172008037567139
5669,1,MODERATE,0.6392223238945007,0.822459876537323
5670,1,MODERATE,0.6346502900123596,1.1727924346923828
5671,1,MODERATE,0.6371689438819885,0.9139862060546875
5672,1,MODERATE,0.6826729774475098,1.000429391860962
5673,1,MODERATE,0.6164073944091797,0.7528958916664124
5674,0,LOW,0.4821223020553589,0.9295948147773743
5675,1,MODERATE,0.6881763935089111,0.8601142168045044
5676,1,MODERATE,0.6083335876464844,0.7958258390426636
5677,1,MODERATE,0.6824123859405518,1.2498246431350708
5678,1,MODERATE,0.7671815156936646,1.0600100755691528
5679,1,MODERATE,0.7547666430473328,1.1099159717559814
5680,1,MODERATE,0.7559807896614075,1.0042473077774048
5681,1,MODERATE,0.7330670356750488,1.1015592813491821
5682,1,MODERATE,0.6929876804351807,1.3803863525390625
5683,1,MODERATE,0.7427505254745483,1.3177870512008667
5684,1,MODERATE,0.8282327651977539,1.344725489616394
5685,1,MODERATE,0.605018675327301,1.3147892951965332
5686,1,MODERATE,0.7368921637535095,1.0868639945983887
5687,1,MODERATE,0.6721835136413574,1.249520182609558
5688,1,MODERATE,0.859375536441803,1.3406352996826172
5689,1,MODERATE,0.7506309747695923,1.0383549928665161
5690,1,MODERATE,0.7682023048400879,1.1070162057876587
5691,1,MODERATE,0.734106183052063,1.1587870121002197
5692,1,MODERATE,0.6970271468162537,1.0516512393951416
5693,1,MODERATE,0.7268615961074829,1.1045302152633667
5694,1,MODERATE,0.7767735719680786,1.1184477806091309
5695,1,MODERATE,0.701216459274292,0.8335767388343811
5696,1,MODERATE,0.8267870545387268,1.2269222736358643
5697,1,MODERATE,0.6766536235809326,1.1610808372497559
5698,1,MODERATE,0.7513732314109802,1.1099953651428223
5699,1,MODERATE,0.6819095611572266,0.861682653427124
5700,1,MODERATE,0.777037501335144,1.0292826890945435
5701,1,MODERATE,0.7574701309204102,1.324008822441101
5702,1,MODERATE,0.7038338780403137,1.3209738731384277
5703,1,MODERATE,0.7506352066993713,1.1830998659133911
5704,1,MODERATE,0.7058901786804199,1.1369842290878296
5705,1,MODERATE,0.7186650633811951,1.1115964651107788
5706,1,MODERATE,0.7519371509552002,1.0998151302337646
5707,1,MODERATE,0.7490310072898865,1.028327226638794
5708,1,MODERATE,0.6328056454658508,0.7920534014701843
5709,1,MODERATE,0.7112246155738831,1.2445484399795532
5710,1,MODERATE,0.6769887208938599,1.3305766582489014
5711,1,MODERATE,0.7059587240219116,1.0216338634490967
5712,1,MODERATE,0.7628533840179443,1.0855101346969604
5713,1,MODERATE,0.7268474102020264,1.2627661228179932
5714,1,MODERATE,0.7517018914222717,1.0916577577590942
5715,1,MODERATE,0.6032261848449707,1.102023959159851
5716,1,MODERATE,0.7383959889411926,1.0806126594543457
5717,1,MODERATE,0.6745129227638245,0.760432243347168
5718,1,MODERATE,0.5279550552368164,1.0557763576507568
5719,1,MODERATE,0.6710901856422424,1.041397213935852
5720,2,SEVERE,0.3688715398311615,1.9340133666992188
5721,1,MODERATE,0.7358891367912292,1.011357307434082
5722,1,MODERATE,0.650985062122345,1.067940592765808
5723,1,MODERATE,0.727977454662323,1.0078978538513184
5724,1,MODERATE,0.45170819759368896,1.117382287979126
5725,1,MODERATE,0.5834454894065857,1.1523728370666504
5726,1,MODERATE,0.6798733472824097,0.9541282653808594
5727,1,MODERATE,0.6672399640083313,0.9805161952972412
5728,1,MODERATE,0.6215248107910156,1.154083251953125
5729,0,LOW,0.5279684066772461,1.0530788898468018
5730,1,MODERATE,0.5749701261520386,0.8546472191810608
5731,1,MODERATE,0.5712860226631165,0.8137357234954834
5732,1,MODERATE,0.6212056875228882,1.00992751121521
5733,1,MODERATE,0.5247936844825745,1.129240870475769
5734,0,LOW,0.493513822555542,0.6966677904129028
5735,0,LOW,0.5578921437263489,1.0912293195724487
5736,1,MODERATE,0.5691652297973633,0.8828244209289551
5737,1,MODERATE,0.49084120988845825,0.5600816011428833
5738,1,MODERATE,0.697079062461853,1.1107202768325806
5739,1,MODERATE,0.6375645399093628,1.012780785560608
5740,1,MODERATE,0.6337680220603943,1.0003244876861572
5741,1,MODERATE,0.6246514320373535,0.9697260856628418
5742,1,MODERATE,0.49525123834609985,0.8067258596420288
5743,0,LOW,0.5007432699203491,0.7085849642753601
5744,1,MODERATE,0.5555135011672974,0.7590187788009644
5745,0,LOW,0.5326389074325562,0.6442444920539856
5746,1,MODERATE,0.5193274021148682,0.5036810636520386
5747,0,LOW,0.6077889204025269,0.8313616514205933
5748,0,LOW,0.6561337113380432,1.0240731239318848
5749,0,LOW,0.5096195936203003,0.6111721992492676
5750,0,LOW,0.6473474502563477,0.8386474251747131
5751,0,LOW,0.5290058255195618,0.6616998910903931
5752,0,LOW,0.5356624126434326,0.5961519479751587
5753,0,LOW,0.7167988419532776,1.1866979598999023
5754,0,LOW,0.5749431252479553,0.6339825987815857
5755,0,LOW,0.7415251135826111,0.9469674825668335
5756,0,LOW,0.6547861695289612,0.8421382904052734
5757,0,LOW,0.62469083070755,0.8022822737693787
5758,0,LOW,0.6414576172828674,0.8022539615631104
5759,0,LOW,0.5675045847892761,0.8830602169036865
5760,0,LOW,0.48486989736557007,0.8442814350128174
5761,0,LOW,0.7176157236099243,0.7570224404335022
5762,0,LOW,0.4786668121814728,0.4439404606819153
5763,0,LOW,0.5748446583747864,0.6635544300079346
5764,0,LOW,0.4661015272140503,0.4301415979862213
5765,0,LOW,0.5377418398857117,0.5078753232955933
5766,0,LOW,0.6022075414657593,0.906174898147583
5767,0,LOW,0.5336893200874329,0.7325896620750427
5768,0,LOW,0.7005442380905151,1.2790104150772095
5769,1,MODERATE,0.35948657989501953,0.6458719968795776
5770,0,LOW,0.5572451949119568,0.6256627440452576
5771,1,MODERATE,0.4615689814090729,0.799493670463562
5772,2,SEVERE,0.7678446769714355,1.9717739820480347
5773,1,MODERATE,0.4201090335845947,0.5512957572937012
5774,1,MODERATE,0.4534915089607239,0.6557586193084717
5775,0,LOW,0.4312460124492645,0.5084772109985352
5776,0,LOW,0.4485463500022888,0.4912838339805603
5777,0,LOW,0.4553098678588867,0.5288230180740356
5778,1,MODERATE,0.5235438942909241,0.9827830791473389
5779,0,LOW,0.4119146168231964,0.5352322459220886
5780,0,LOW,0.4413757920265198,0.5177350044250488
5781,1,MODERATE,0.42134690284729004,0.5458724498748779
5782,1,MODERATE,0.40110504627227783,0.49387532472610474
5783,0,LOW,0.45757025480270386,0.651651918888092
5784,0,LOW,0.4397139549255371,0.4728274345397949
5785,0,LOW,0.3641441762447357,0.3753736913204193
5786,2,SEVERE,0.39344194531440735,0.6799501776695251
5787,1,MODERATE,0.40525272488594055,0.6051713824272156
5788,0,LOW,0.42618608474731445,0.6242702007293701
5789,0,LOW,0.40695151686668396,0.4723649024963379
5790,0,LOW,0.4283157289028168,0.45336025953292847
5791,2,SEVERE,0.8068962693214417,2.048233985900879
5792,1,MODERATE,0.41977378726005554,0.7267038822174072
5793,0,LOW,0.3832463026046753,0.5952987670898438
5794,2,SEVERE,0.43012741208076477,0.8272745609283447
5795,2,SEVERE,0.4105352461338043,0.8717664480209351
5796,2,SEVERE,0.37596139311790466,1.1000518798828125
5797,2,SEVERE,0.48436540365219116,0.8492524027824402
5798,0,LOW,0.3644017279148102,0.4776248335838318
5799,2,SEVERE,0.37997332215309143,0.9759687185287476
5800,2,SEVERE,0.4441893398761749,1.1101300716400146
5801,1,MODERATE,0.4157872796058655,0.6937775611877441
5802,2,SEVERE,0.5182027816772461,1.1123526096343994
5803,2,SEVERE,0.6967865228652954,1.635252833366394
5804,1,MODERATE,0.36483100056648254,0.595902144908905
5805,2,SEVERE,0.5622318387031555,1.0660645961761475
5806,0,LOW,0.37940409779548645,0.8355631828308105
5807,2,SEVERE,0.42241841554641724,1.1546508073806763
5808,2,SEVERE,0.4463576376438141,1.0701123476028442
5809,2,SEVERE,0.5566366314888,1.0821528434753418
5810,2,SEVERE,0.76338130235672,2.08731746673584
5811,2,SEVERE,0.5713831782341003,1.1032692193984985
5812,1,MODERATE,0.42087671160697937,0.9412041902542114
5813,2,SEVERE,0.41217276453971863,1.3581907749176025
5814,2,SEVERE,0.556220293045044,1.0784447193145752
5815,2,SEVERE,0.7152562141418457,1.657292127609253
5816,2,SEVERE,0.5097216367721558,1.1261179447174072
5817,2,SEVERE,0.4053862392902374,0.9075014591217041
5818,2,SEVERE,0.5617936849594116,1.25346040725708
5819,2,SEVERE,0.47258704900741577,0.9327840209007263
5820,2,SEVERE,0.4244785010814667,1.0000685453414917
5821,2,SEVERE,0.4305879771709442,1.0000685453414917
5822,0,LOW,0.36903536319732666,0.43381810188293457
5823,2,SEVERE,0.6651128530502319,1.8146641254425049
5824,1,MODERATE,0.7298153042793274,1.0762267112731934
5825,1,MODERATE,0.3627140522003174,0.6424618363380432
5826,0,LOW,0.3492524027824402,0.30511292815208435
5827,0,LOW,0.3621397614479065,0.26022765040397644
5828,2,SEVERE,0.4322884678840637,1.1884844303131104
5829,0,LOW,0.49507054686546326,0.7217159867286682
5830,0,LOW,0.4945196509361267,0.6969887018203735
5831,0,LOW,0.3676086664199829,0.3053649067878723
5832,1,MODERATE,0.46203359961509705,0.6423450708389282
5833,1,MODERATE,0.35476675629615784,0.6137209534645081
5834,1,MODERATE,0.4660281836986542,0.5522411465644836
5835,1,MODERATE,0.3647911846637726,0.5457537770271301
5836,0,LOW,0.5763880610466003,1.1279394626617432
5837,0,LOW,0.37402889132499695,0.1983005255460739
5838,2,SEVERE,0.33923012018203735,0.7081483602523804
5839,0,LOW,0.5171751379966736,0.9170403480529785
5840,0,LOW,0.4360767602920532,0.4632182717323303
5841,1,MODERATE,0.5025502443313599,0.6811033487319946
5842,1,MODERATE,0.3942658305168152,0.49027562141418457
5843,0,LOW,0.37740135192871094,0.2704241871833801
5844,1,MODERATE,0.44386324286460876,0.6939582228660583
5845,1,MODERATE,0.417106956243515,0.5769218802452087
5846,1,MODERATE,0.41589418053627014,0.5358607172966003
5847,0,LOW,0.43112829327583313,0.2989702522754669
5848,0,LOW,0.7160149216651917,1.3635249137878418
5849,1,MODERATE,0.5501891374588013,0.8608101606369019
5850,1,MODERATE,0.6097815632820129,0.835180938243866
5851,1,MODERATE,0.3926735818386078,0.6840646862983704
5852,0,LOW,0.453935444355011,0.5791590809822083
5853,1,MODERATE,0.4234670102596283,0.6936873197555542
5854,0,LOW,0.5065513849258423,0.8522719144821167
5855,0,LOW,0.38425934314727783,0.2837926745414734
5856,0,LOW,0.412751168012619,0.3710293173789978
5857,1,MODERATE,0.7029069662094116,1.1891947984695435
5858,1,MODERATE,0.624900221824646,0.9066236019134521
5859,1,MODERATE,0.40926826000213623,0.6187760233879089
5860,2,SEVERE,0.7112182974815369,1.772300124168396
5861,1,MODERATE,0.4556264579296112,0.5970777273178101
5862,1,MODERATE,0.4947221577167511,0.8766695261001587
5863,0,LOW,0.45118269324302673,0.5867127776145935
5864,1,MODERATE,0.5533187389373779,0.9905073642730713
5865,2,SEVERE,0.4581909775733948,1.0139188766479492
5866,1,MODERATE,0.46821263432502747,0.611370325088501
5867,0,LOW,0.37098029255867004,0.23125313222408295
5868,0,LOW,0.3857235610485077,0.3967084586620331
5869,0,LOW,0.48633310198783875,0.41958075761795044
5870,0,LOW,0.4880732595920563,0.4161595106124878
5871,1,MODERATE,0.5138812065124512,0.6230844855308533
5872,0,LOW,0.3836419880390167,0.27087146043777466
5873,0,LOW,0.43313053250312805,0.427651047706604
5874,1,MODERATE,0.6861057281494141,0.7766172885894775
5875,1,MODERATE,0.42717596888542175,0.5861853957176208
5876,1,MODERATE,0.43265652656555176,0.5483823418617249
5877,1,MODERATE,0.48875051736831665,0.8199939727783203
5878,1,MODERATE,0.5302847623825073,0.6830514669418335
5879,1,MODERATE,0.4544072151184082,0.7486244440078735
5880,1,MODERATE,0.4309147000312805,0.477395623922348
5881,1,MODERATE,0.3588058352470398,0.6860721111297607
5882,1,MODERATE,0.5518231391906738,0.647785484790802
5883,1,MODERATE,0.44240254163742065,0.5602712631225586
5884,0,LOW,0.39483359456062317,0.33314943313598633
5885,1,MODERATE,0.5003310441970825,0.653795599937439
5886,1,MODERATE,0.44851216673851013,0.5072552561759949
5887,0,LOW,0.49586161971092224,0.7584809064865112
5888,0,LOW,0.37333524227142334,0.3233531713485718
5889,1,MODERATE,0.4183109700679779,0.5388045907020569
5890,1,MODERATE,0.6726946830749512,0.956092894077301
5891,0,LOW,0.5624094009399414,0.8937289118766785
5892,0,LOW,0.48533108830451965,0.6605741381645203
5893,1,MODERATE,0.4239073693752289,0.6129089593887329
5894,1,MODERATE,0.41848695278167725,0.6616153120994568
5895,1,MODERATE,0.4120500981807709,0.5580787062644958
5896,1,MODERATE,0.6331589221954346,0.750447690486908
5897,1,MODERATE,0.520687460899353,0.6278405785560608
5898,0,LOW,0.4209769368171692,0.6438357830047607
5899,2,SEVERE,0.3503035008907318,0.8159993886947632
5900,0,LOW,0.46707791090011597,0.5713614225387573
5901,0,LOW,0.5304518938064575,0.7234549522399902
5902,1,MODERATE,0.4068275988101959,0.6469430923461914
5903,1,MODERATE,0.38596251606941223,0.7105696797370911
5904,0,LOW,0.46552786231040955,0.3313673138618469
5905,0,LOW,0.44133424758911133,0.313834547996521
5906,1,MODERATE,0.5615202188491821,0.6364337205886841
5907,0,LOW,0.4508799910545349,0.33686915040016174
5908,2,SEVERE,0.45651230216026306,1.091386318206787
5909,1,MODERATE,0.3968444764614105,0.6490018367767334
5910,0,LOW,0.4198133051395416,0.36214137077331543
5911,1,MODERATE,0.41815391182899475,0.6251047849655151
5912,1,MODERATE,0.4141785800457001,0.6196534633636475
5913,0,LOW,0.4326125383377075,0.414424329996109
5914,1,MODERATE,0.39872342348098755,0.6573919653892517
5915,0,LOW,0.3892292380332947,0.24008062481880188
5916,0,LOW,0.45673733949661255,0.45779359340667725
5917,1,MODERATE,0.3439374268054962,0.8991696834564209
5918,1,MODERATE,0.46479031443595886,0.6067792177200317
5919,1,MODERATE,0.3764115571975708,0.7039767503738403
5920,1,MODERATE,0.43679291009902954,0.48099201917648315
5921,1,MODERATE,0.3645670711994171,0.5218650102615356
5922,1,MODERATE,0.4056347608566284,0.4596763253211975
5923,0,LOW,0.4708247780799866,0.5734713673591614
5924,1,MODERATE,0.8126684427261353,1.138035535812378
5925,0,LOW,0.4010768532752991,0.37167972326278687
5926,0,LOW,0.48657724261283875,0.34537947177886963
5927,1,MODERATE,0.5008528828620911,0.6157520413398743
5928,1,MODERATE,0.5227916836738586,0.6837652921676636
5929,1,MODERATE,0.3995339274406433,0.41636016964912415
5930,0,LOW,0.39619359374046326,0.4292750060558319
5931,1,MODERATE,0.3475054204463959,0.5653536319732666
5932,0,LOW,0.48831743001937866,0.35838809609413147
5933,1,MODERATE,0.3887846767902374,0.5737745761871338
5934,1,MODERATE,0.5054000616073608,0.7990449070930481
5935,0,LOW,0.3946504592895508,0.2796485424041748
5936,1,MODERATE,0.4254950284957886,0.5392308831214905
5937,0,LOW,0.4774593710899353,0.4058406949043274
5938,1,MODERATE,0.39418303966522217,0.549763560295105
5939,0,LOW,0.5950955748558044,1.046298861503601
5940,2,SEVERE,0.6159294247627258,1.5548157691955566
5941,1,MODERATE,0.550672173500061,1.012108564376831
5942,0,LOW,0.36455994844436646,0.3317067623138428
5943,0,LOW,0.39114296436309814,0.5493373870849609
5944,2,SEVERE,0.6563994288444519,1.8278999328613281
5945,2,SEVERE,0.38242894411087036,0.7486317157745361
5946,1,MODERATE,0.46210649609565735,0.659765362739563
5947,2,SEVERE,0.3485706150531769,0.647037148475647
5948,2,SEVERE,0.3485706150531769,0.6477106809616089
5949,0,LOW,0.3657020032405853,0.2708345353603363
5950,1,MODERATE,0.4328750669956207,0.6933558583259583
5951,0,LOW,0.422835111618042,0.4266029894351959
5952,1,MODERATE,0.4607747495174408,0.8553099036216736
5953,2,SEVERE,0.36814120411872864,0.6978105902671814
5954,2,SEVERE,0.44901126623153687,0.6965674757957458
5955,2,SEVERE,0.3709304630756378,0.8699494004249573
5956,0,LOW,0.36464136838912964,0.43619686365127563
5957,2,SEVERE,0.4327119290828705,0.7393811345100403
5958,2,SEVERE,0.7745665907859802,1.8384525775909424
5959,2,SEVERE,0.4770861566066742,0.79781574010849
5960,2,SEVERE,0.4368118941783905,0.8875122666358948
5961,2,SEVERE,0.47433537244796753,0.8526912331581116
5962,2,SEVERE,0.5283364653587341,0.9696362614631653
5963,2,SEVERE,0.6021812558174133,1.1813044548034668
5964,2,SEVERE,0.42959877848625183,1.1440987586975098
5965,2,SEVERE,0.538779616355896,1.075334072113037
5966,2,SEVERE,0.42718061804771423,0.9849465489387512
5967,1,MODERATE,0.43340596556663513,0.8433972597122192
5968,2,SEVERE,0.5550682544708252,1.014285922050476
5969,2,SEVERE,0.6024553179740906,1.036251187324524
5970,0,LOW,0.39898163080215454,1.5382566452026367
5971,2,SEVERE,0.6143506765365601,1.108462929725647
5972,2,SEVERE,0.6032037138938904,1.0966532230377197
5973,2,SEVERE,0.648444414138794,1.0864440202713013
5974,0,LOW,0.35757526755332947,1.013289451599121
5975,2,SEVERE,0.46703094244003296,1.4358911514282227
5976,2,SEVERE,0.7853162884712219,1.595874309539795
5977,2,SEVERE,0.38335171341896057,1.4084484577178955
5978,2,SEVERE,0.6501817107200623,1.1555750370025635
5979,2,SEVERE,0.6109964847564697,1.1774652004241943
5980,2,SEVERE,0.642047107219696,1.1420778036117554
5981,2,SEVERE,0.5513946413993835,1.141165852546692
5982,2,SEVERE,0.627090334892273,1.2786524295806885
5983,2,SEVERE,0.5259672403335571,1.3624550104141235
5984,2,SEVERE,0.45545893907546997,1.3853166103363037
5985,2,SEVERE,0.595449686050415,1.2128791809082031
5986,2,SEVERE,0.6936619877815247,1.2575347423553467
5987,2,SEVERE,0.6700322031974792,1.2191102504730225
5988,2,SEVERE,0.753312885761261,1.3977587223052979
5989,2,SEVERE,0.7609072327613831,1.4646055698394775
5990,2,SEVERE,0.6182990670204163,1.2260019779205322
5991,2,SEVERE,0.41569504141807556,1.4786468744277954
5992,2,SEVERE,0.5327615737915039,1.1650406122207642
5993,2,SEVERE,0.4101725220680237,1.5326871871948242
5994,2,SEVERE,0.6753904223442078,1.2282449007034302
5995,2,SEVERE,0.5583369731903076,1.1928863525390625
5996,2,SEVERE,0.6366110444068909,1.273315191268921
5997,2,SEVERE,0.8163720965385437,1.7095232009887695
5998,2,SEVERE,0.5881720185279846,1.2352067232131958
5999,2,SEVERE,0.43584319949150085,1.351106882095337
6000,2,SEVERE,0.7132310271263123,1.2201584577560425
6001,2,SEVERE,0.7857950925827026,1.5179142951965332
6002,2,SEVERE,0.7256940007209778,1.378622055053711
6003,2,SEVERE,0.8707398176193237,2.067070484161377
6004,2,SEVERE,0.6534296274185181,1.318460464477539
6005,2,SEVERE,0.5443958640098572,1.2137048244476318
6006,2,SEVERE,0.6961266398429871,1.2588094472885132
6007,2,SEVERE,0.5401164889335632,1.4492440223693848
6008,2,SEVERE,0.6851840019226074,1.2451674938201904
6009,2,SEVERE,0.6857527494430542,1.2604597806930542
6010,2,SEVERE,0.43739545345306396,1.5484673976898193
6011,2,SEVERE,0.7216622829437256,1.3044179677963257
6012,2,SEVERE,0.7176135182380676,1.3216739892959595
6013,2,SEVERE,0.7340139150619507,1.3830164670944214
6014,2,SEVERE,0.5044551491737366,1.699171543121338
6015,2,SEVERE,0.5797256231307983,1.189666748046875
6016,0,LOW,0.4091307818889618,1.7734521627426147
6017,2,SEVERE,0.7712962031364441,1.3592298030853271
6018,2,SEVERE,0.4522077143192291,1.6635024547576904
6019,2,SEVERE,0.5574078559875488,1.311995029449463
6020,2,SEVERE,0.7116832733154297,1.1539396047592163
6021,2,SEVERE,0.524120569229126,1.3677542209625244
6022,2,SEVERE,0.490099161863327,1.4232618808746338
6023,2,SEVERE,0.5848298668861389,1.1360496282577515
6024,2,SEVERE,0.546022355556488,1.553269624710083
6025,2,SEVERE,0.6964536905288696,1.5135443210601807
6026,2,SEVERE,0.574500322341919,1.1912578344345093
6027,2,SEVERE,0.4551098644733429,1.127751111984253
6028,2,SEVERE,0.588445246219635,1.2073074579238892
6029,2,SEVERE,0.6502789258956909,1.1876718997955322
6030,2,SEVERE,0.7004251480102539,1.1658271551132202
6031,2,SEVERE,0.4320004880428314,1.403741478919983
6032,2,SEVERE,0.6370891332626343,1.1489794254302979
6033,2,SEVERE,0.646785318851471,1.187991976737976
6034,2,SEVERE,0.6347786784172058,1.213413119316101
6035,2,SEVERE,0.540781557559967,1.3178654909133911
6036,2,SEVERE,0.577995777130127,1.2098332643508911
6037,2,SEVERE,0.522911787033081,1.2098332643508911
6038,2,SEVERE,0.6533446907997131,1.641477346420288
6039,2,SEVERE,0.6308801770210266,1.2674192190170288
6040,2,SEVERE,0.5963305234909058,1.2200534343719482
6041,2,SEVERE,0.6504604816436768,1.1767562627792358
6042,2,SEVERE,0.4700608551502228,1.2706395387649536
6043,2,SEVERE,0.583605945110321,1.185802698135376
6044,2,SEVERE,0.6627758145332336,1.255272388458252
6045,2,SEVERE,0.6676497459411621,1.255272388458252
6046,2,SEVERE,0.5782855749130249,1.2341642379760742
6047,2,SEVERE,0.8430532217025757,2.1213510036468506
6048,1,MODERATE,0.43099313974380493,0.7926919460296631
6049,2,SEVERE,0.5332427024841309,1.1854676008224487
6050,2,SEVERE,0.45783016085624695,1.1655081510543823
6051,1,MODERATE,0.41229161620140076,0.7854478359222412
6052,0,LOW,0.7901563048362732,1.7594890594482422
6053,1,MODERATE,0.4730289876461029,0.7476786375045776
6054,1,MODERATE,0.3765402138233185,0.8096859455108643
6055,0,LOW,0.3439272344112396,0.9099524617195129
6056,1,MODERATE,0.4004976749420166,0.6199451684951782
6057,0,LOW,0.45619407296180725,0.7724268436431885
6058,0,LOW,0.35521697998046875,0.5264037847518921
6059,0,LOW,0.4101882874965668,0.5511788129806519
6060,0,LOW,0.41624942421913147,0.5441955327987671
6061,0,LOW,0.5122753381729126,0.558159351348877
6062,0,LOW,0.8041118383407593,1.560300588607788
6063,0,LOW,0.7295796871185303,1.420285701751709
6064,0,LOW,0.5571591258049011,0.6368767619132996
6065,0,LOW,0.650170624256134,0.8907765746116638
6066,1,MODERATE,0.521487832069397,0.6251373887062073
6067,0,LOW,0.6656173467636108,0.7307072877883911
6068,0,LOW,0.5886764526367188,0.7720590829849243
6069,0,LOW,0.6490455865859985,0.7264044284820557
6070,0,LOW,0.6647562384605408,0.8174479603767395
6071,0,LOW,0.5874692797660828,0.7544696927070618
6072,0,LOW,0.8052809238433838,1.3663893938064575
6073,0,LOW,0.7069563865661621,1.017965316772461
6074,0,LOW,0.4699733555316925,0.9464394450187683
6075,0,LOW,0.6205485463142395,0.7045651078224182
6076,0,LOW,0.7574372291564941,0.9877570867538452
6077,0,LOW,0.7922555804252625,0.941741406917572
6078,1,MODERATE,0.48495224118232727,0.728331446647644
6079,0,LOW,0.7674710154533386,1.1953811645507812
6080,0,LOW,0.7774407863616943,1.1082649230957031
6081,0,LOW,0.8141087293624878,1.6787629127502441
6082,0,LOW,0.7905274033546448,1.171174168586731
6083,0,LOW,0.6865512132644653,0.9645191431045532
6084,0,LOW,0.8431090712547302,1.6844065189361572
6085,0,LOW,0.7496021389961243,0.9941506385803223
6086,0,LOW,0.6363772749900818,0.7632001638412476
6087,0,LOW,0.6566140055656433,0.9056280255317688
6088,0,LOW,0.7197655439376831,1.1220402717590332
6089,0,LOW,0.6545709371566772,0.952686607837677
6090,0,LOW,0.6999050378799438,0.9882134199142456
6091,0,LOW,0.6068356037139893,0.846433699131012
6092,0,LOW,0.6414614319801331,0.8495883941650391
6093,0,LOW,0.7548604607582092,1.2009084224700928
6094,0,LOW,0.6783552765846252,1.016972541809082
6095,0,LOW,0.6647783517837524,0.8829391002655029
6096,0,LOW,0.5128527879714966,1.0488160848617554
6097,1,MODERATE,0.5191122889518738,0.8540962338447571
6098,0,LOW,0.7652178406715393,1.2496681213378906
6099,0,LOW,0.6068779230117798,0.9524730443954468
6100,0,LOW,0.5665554404258728,0.7908362746238708
6101,0,LOW,0.8448967337608337,1.8028454780578613
6102,0,LOW,0.5555786490440369,0.9072229266166687
6103,0,LOW,0.4986552596092224,0.943305253982544
6104,0,LOW,0.662795901298523,0.8848704695701599
6105,0,LOW,0.5645696520805359,0.826741635799408
6106,0,LOW,0.4811100661754608,0.9293452501296997
6107,0,LOW,0.7089440226554871,0.8883786797523499
6108,0,LOW,0.5784735083580017,1.1561073064804077
6109,0,LOW,0.45586833357810974,1.5971049070358276
6110,0,LOW,0.7895298004150391,1.2943813800811768
6111,0,LOW,0.6531786918640137,0.858953595161438
6112,0,LOW,0.6947766542434692,0.98944091796875
6113,0,LOW,0.8343821167945862,1.456352710723877
6114,0,LOW,0.7971876263618469,1.3083683252334595
6115,0,LOW,0.7924202084541321,1.3964706659317017
6116,0,LOW,0.4924577474594116,1.1253628730773926
6117,0,LOW,0.5544317364692688,0.8987522125244141
6118,0,LOW,0.6187190413475037,0.8467978835105896
6119,0,LOW,0.6911816596984863,0.9744436144828796
6120,0,LOW,0.5486574172973633,0.7810029983520508
6121,0,LOW,0.6814154386520386,0.9081212282180786
6122,0,LOW,0.7534439563751221,1.3097288608551025
6123,0,LOW,0.7099089026451111,0.9307658076286316
6124,0,LOW,0.7250717878341675,1.1646391153335571
6125,0,LOW,0.7342639565467834,1.1923068761825562
6126,0,LOW,0.6412751078605652,0.8727867007255554
6127,0,LOW,0.6548529267311096,0.9973239302635193
6128,1,MODERATE,0.7039982676506042,1.2557083368301392
6129,0,LOW,0.5794423818588257,0.9543302059173584
6130,0,LOW,0.5763296484947205,0.9477717280387878
6131,0,LOW,0.6196027994155884,0.9122886061668396
6132,0,LOW,0.6076591610908508,0.755695104598999
6133,0,LOW,0.7358102202415466,1.3085806369781494
6134,0,LOW,0.7713108062744141,1.5017951726913452
6135,1,MODERATE,0.5971640944480896,1.0116347074508667
6136,0,LOW,0.6117442846298218,1.1505649089813232
6137,0,LOW,0.6148753762245178,0.9728952050209045
6138,0,LOW,0.7170237898826599,1.0536984205245972
6139,0,LOW,0.7770121097564697,1.2813293933868408
6140,0,LOW,0.6896449327468872,0.9058356881141663
6141,0,LOW,0.7652789354324341,1.2195849418640137
6142,0,LOW,0.7306272983551025,1.3210341930389404
6143,0,LOW,0.6302684545516968,0.881682813167572
6144,0,LOW,0.8087894320487976,1.6270477771759033
6145,0,LOW,0.5378565192222595,0.753856897354126
6146,0,LOW,0.5648233890533447,0.706138551235199
6147,1,MODERATE,0.5225323438644409,0.8063721656799316
6148,1,MODERATE,0.5653230547904968,0.9117499589920044
6149,0,LOW,0.6378154754638672,0.863900363445282
6150,0,LOW,0.7177786231040955,1.2186392545700073
6151,0,LOW,0.6254239678382874,0.609849214553833
6152,0,LOW,0.5874282717704773,0.7993776798248291
6153,0,LOW,0.6677419543266296,1.0800153017044067
6154,0,LOW,0.5413611531257629,1.0961062908172607
6155,0,LOW,0.6950291991233826,1.1462726593017578
6156,0,LOW,0.7201716899871826,0.8931363224983215
6157,0,LOW,0.6110806465148926,1.0831732749938965
6158,0,LOW,0.5150157809257507,0.8193457126617432
6159,0,LOW,0.5360740423202515,0.8261615037918091
6160,2,SEVERE,0.46083134412765503,1.845794677734375
6161,2,SEVERE,0.5644707679748535,1.76755952835083
6162,2,SEVERE,0.5483422875404358,1.6004143953323364
6163,0,LOW,0.6983241438865662,1.182787299156189
6164,0,LOW,0.6335627436637878,0.9466973543167114
6165,0,LOW,0.5694866180419922,0.8499528169631958
6166,0,LOW,0.5042266845703125,0.7402561902999878
6167,0,LOW,0.5262201428413391,0.6666581630706787
6168,0,LOW,0.46110811829566956,0.7437599897384644
6169,0,LOW,0.4923432469367981,0.6283172965049744
6170,0,LOW,0.6018243432044983,1.0770817995071411
6171,0,LOW,0.5888426899909973,0.7689732313156128
6172,1,MODERATE,0.5614209175109863,0.7283724546432495
6173,1,MODERATE,0.5254968404769897,0.8692113161087036
6174,0,LOW,0.5418228507041931,0.6877813935279846
6175,0,LOW,0.5234726071357727,0.6972518563270569
6176,1,MODERATE,0.5800419449806213,1.074369192123413
6177,1,MODERATE,0.4777127802371979,0.8247133493423462
6178,1,MODERATE,0.5154792070388794,0.7744093537330627
6179,1,MODERATE,0.511393129825592,0.8302560448646545
6180,1,MODERATE,0.5447738170623779,0.8036391735076904
6181,0,LOW,0.4956859350204468,0.7113539576530457
6182,0,LOW,0.5329417586326599,1.0697189569473267
6183,1,MODERATE,0.6192474961280823,0.7331663966178894
6184,0,LOW,0.45829346776008606,0.5270407795906067
6185,1,MODERATE,0.6440939903259277,1.058117151260376
6186,0,LOW,0.6336804628372192,0.988612711429596
6187,1,MODERATE,0.5964353680610657,0.9181588888168335
6188,1,MODERATE,0.5702911019325256,0.8048360347747803
6189,1,MODERATE,0.6899697184562683,1.0085663795471191
6190,1,MODERATE,0.5241732597351074,1.128433108329773
6191,0,LOW,0.5614729523658752,0.9813699722290039
6192,1,MODERATE,0.6891696453094482,1.0929019451141357
6193,0,LOW,0.4959541857242584,0.7155749201774597
6194,1,MODERATE,0.6935736536979675,1.0892338752746582
6195,1,MODERATE,0.578484058380127,0.8341394066810608
6196,1,MODERATE,0.715974748134613,0.972124457359314
6197,1,MODERATE,0.6315483450889587,1.0251621007919312
6198,1,MODERATE,0.6117410063743591,0.9152238368988037
6199,0,LOW,0.49562332034111023,0.7364408373832703
6200,0,LOW,0.5505216717720032,1.3858369588851929
6201,1,MODERATE,0.6321426630020142,0.8428989052772522
6202,1,MODERATE,0.5846756100654602,0.9454728364944458
6203,1,MODERATE,0.5223968625068665,0.6546476483345032
6204,1,MODERATE,0.5636917352676392,0.943630576133728
6205,1,MODERATE,0.4738125205039978,1.3062567710876465
6206,1,MODERATE,0.6646068692207336,0.9897232055664062
6207,1,MODERATE,0.5788428783416748,1.2175712585449219
6208,1,MODERATE,0.5942195653915405,0.9798919558525085
6209,0,LOW,0.540601909160614,0.9733026623725891
6210,1,MODERATE,0.5153146386146545,0.4573632478713989
6211,1,MODERATE,0.5226465463638306,0.6650797724723816
6212,1,MODERATE,0.48974689841270447,0.6680936217308044
6213,1,MODERATE,0.7285028100013733,1.0548559427261353
6214,1,MODERATE,0.5514875054359436,1.12700355052948
6215,1,MODERATE,0.6279078722000122,0.8722438812255859
6216,1,MODERATE,0.4967205226421356,0.5779290199279785
6217,1,MODERATE,0.6462092995643616,0.8035753965377808
6218,1,MODERATE,0.5011872053146362,0.4445760250091553
6219,1,MODERATE,0.5739947557449341,0.9320017695426941
6220,1,MODERATE,0.631230354309082,0.9593164920806885
6221,1,MODERATE,0.8116114139556885,1.122106909751892
6222,0,LOW,0.5189887285232544,0.4535576403141022
6223,1,MODERATE,0.5852592587471008,0.8466060757637024
6224,1,MODERATE,0.5610784292221069,0.8406668901443481
6225,1,MODERATE,0.5864197015762329,0.8298934698104858
6226,1,MODERATE,0.6178114414215088,0.8332557678222656
6227,1,MODERATE,0.5135413408279419,0.889019787311554
6228,1,MODERATE,0.8333607912063599,1.2062987089157104
6229,1,MODERATE,0.6905607581138611,0.7061699032783508
6230,1,MODERATE,0.6566587090492249,1.4389311075210571
6231,1,MODERATE,0.5382176041603088,1.201874017715454
6232,1,MODERATE,0.7094324231147766,0.9070870876312256
6233,1,MODERATE,0.7220520377159119,1.3344377279281616
6234,1,MODERATE,0.7055707573890686,1.4446057081222534
6235,1,MODERATE,0.7042205333709717,1.0431751012802124
6236,1,MODERATE,0.6518560647964478,0.8639789819717407
6237,1,MODERATE,0.7804128527641296,1.1158064603805542
6238,1,MODERATE,0.7579792737960815,1.081015706062317
6239,1,MODERATE,0.715474545955658,1.0697178840637207
6240,1,MODERATE,0.607598066329956,1.2272881269454956
6241,1,MODERATE,0.6628046631813049,1.2929145097732544
6242,1,MODERATE,0.7270707488059998,1.0666768550872803
6243,1,MODERATE,0.6096192002296448,1.3540804386138916
6244,1,MODERATE,0.6096192002296448,1.3787378072738647
6245,1,MODERATE,0.8037962913513184,1.3728249073028564
6246,1,MODERATE,0.6965810656547546,1.0241758823394775
6247,1,MODERATE,0.6240999698638916,0.7627590894699097
6248,1,MODERATE,0.6938184499740601,0.8123706579208374
6249,1,MODERATE,0.785253643989563,1.053587794303894
6250,1,MODERATE,0.787272036075592,1.1185511350631714
6251,1,MODERATE,0.576534628868103,1.1304409503936768
6252,1,MODERATE,0.7291685342788696,1.0683560371398926
6253,1,MODERATE,0.7805405259132385,1.1082491874694824
6254,1,MODERATE,0.5859231352806091,1.1395330429077148
6255,1,MODERATE,0.6364859938621521,1.125381588935852
6256,1,MODERATE,0.7609906196594238,1.0316568613052368
6257,1,MODERATE,0.764886200428009,1.022072434425354
6258,1,MODERATE,0.7650991082191467,1.03769052028656
6259,1,MODERATE,0.6416149735450745,1.4134100675582886
6260,1,MODERATE,0.7269068360328674,0.8126176595687866
6261,1,MODERATE,0.7326440215110779,1.0377798080444336
6262,1,MODERATE,0.8163231611251831,1.1568018198013306
6263,1,MODERATE,0.7073761224746704,1.3442838191986084
6264,1,MODERATE,0.7744220495223999,1.1777534484863281
6265,1,MODERATE,0.7909136414527893,1.3088958263397217
6266,1,MODERATE,0.7783470153808594,1.1368979215621948
6267,1,MODERATE,0.6304512619972229,0.5982245802879333
6268,1,MODERATE,0.6382865309715271,1.1943997144699097
6269,0,LOW,0.3830258548259735,0.5333619713783264
6270,1,MODERATE,0.796470582485199,1.3437621593475342
6271,1,MODERATE,0.5437440276145935,0.9571245312690735
6272,1,MODERATE,0.7267075181007385,0.9985722303390503
6273,1,MODERATE,0.7305124998092651,0.9737561941146851
6274,1,MODERATE,0.6485119462013245,0.7461658716201782
6275,1,MODERATE,0.8028059005737305,1.3311636447906494
6276,1,MODERATE,0.5616059303283691,0.803881049156189
6277,1,MODERATE,0.5296133160591125,0.6446110606193542
6278,1,MODERATE,0.6141548752784729,0.9131385087966919
6279,1,MODERATE,0.5406782031059265,0.8894975185394287
6280,0,LOW,0.4941129982471466,0.5931559801101685
6281,0,LOW,0.4998692572116852,0.6259567737579346
6282,1,MODERATE,0.7940346002578735,1.0634673833847046
6283,1,MODERATE,0.6996917128562927,1.0879991054534912
6284,0,LOW,0.4905470609664917,0.5087836384773254
6285,0,LOW,0.48647287487983704,0.9280389547348022
6286,1,MODERATE,0.5335262417793274,0.6243230104446411
6287,1,MODERATE,0.4915582239627838,0.6011554002761841
6288,0,LOW,0.7100459337234497,0.8224977850914001
6289,0,LOW,0.6145849227905273,0.7791063189506531
6290,0,LOW,0.6635327935218811,0.7848070859909058
6291,0,LOW,0.5962643623352051,1.2280906438827515
6292,0,LOW,0.4787440001964569,0.6448103785514832
6293,0,LOW,0.5172873735427856,0.6092803478240967
6294,0,LOW,0.5869458913803101,0.707142174243927
6295,0,LOW,0.7005232572555542,1.3957171440124512
6296,0,LOW,0.6764782071113586,0.952319860458374
6297,0,LOW,0.6506289839744568,0.8881401419639587
6298,0,LOW,0.4876234829425812,0.5476913452148438
6299,0,LOW,0.5429664850234985,0.5957454442977905
6300,0,LOW,0.5382177233695984,0.5886431336402893
6301,0,LOW,0.4991776645183563,0.5044881105422974
6302,0,LOW,0.681492805480957,1.548879861831665
6303,0,LOW,0.565721869468689,0.7117085456848145
6304,1,MODERATE,0.38742443919181824,0.6168110370635986
6305,0,LOW,0.39048507809638977,0.4552263021469116
6306,0,LOW,0.6618853807449341,1.0032567977905273
6307,0,LOW,0.370392382144928,0.3394846022129059
6308,0,LOW,0.3861839771270752,0.34082624316215515
6309,0,LOW,0.41369882225990295,0.38394758105278015
6310,2,SEVERE,0.3947506248950958,1.1880508661270142
6311,1,MODERATE,0.46326401829719543,0.8226860165596008
6312,0,LOW,0.3930233120918274,0.26880404353141785
6313,1,MODERATE,0.3984430730342865,0.5807775259017944
6314,0,LOW,0.47789573669433594,0.7588134407997131
6315,0,LOW,0.3606128394603729,0.25952479243278503
6316,1,MODERATE,0.40096989274024963,0.5756171941757202
6317,0,LOW,0.36626070737838745,0.30795377492904663
6318,0,LOW,0.5135528445243835,0.8049272298812866
6319,0,LOW,0.34757354855537415,0.3213273286819458
6320,1,MODERATE,0.365162193775177,0.5457077026367188
6321,0,LOW,0.41011491417884827,0.862759530544281
6322,0,LOW,0.3764307200908661,0.5329127311706543
6323,0,LOW,0.47355493903160095,0.6398305892944336
6324,2,SEVERE,0.4007818102836609,0.6932655572891235
6325,0,LOW,0.3961698114871979,0.6072841882705688
6326,2,SEVERE,0.3438514769077301,0.6615915298461914
6327,0,LOW,0.45405784249305725,0.6545264720916748
6328,1,MODERATE,0.41212907433509827,0.7352617979049683
6329,0,LOW,0.48240920901298523,0.718146562576294
6330,2,SEVERE,0.42036789655685425,0.9472934603691101
6331,0,LOW,0.44477468729019165,0.6288162469863892
6332,2,SEVERE,0.5220600366592407,1.0627660751342773
6333,2,SEVERE,0.46279165148735046,0.9964812397956848
6334,2,SEVERE,0.4630953371524811,1.1920126676559448
6335,2,SEVERE,0.5139986872673035,1.013371229171753
6336,0,LOW,0.5538192987442017,1.287388801574707
6337,2,SEVERE,0.46230992674827576,1.098044991493225
6338,2,SEVERE,0.5867916345596313,1.105790138244629
6339,2,SEVERE,0.4402262568473816,1.1988896131515503
6340,2,SEVERE,0.4453364312648773,1.172920823097229
6341,2,SEVERE,0.42855384945869446,0.9957681894302368
6342,1,MODERATE,0.39237964153289795,0.9372719526290894
6343,2,SEVERE,0.42120805382728577,1.2600373029708862
6344,2,SEVERE,0.550656259059906,1.0703874826431274
6345,2,SEVERE,0.48807770013809204,0.9846489429473877
6346,2,SEVERE,0.5913338661193848,1.057599663734436
6347,2,SEVERE,0.435250461101532,1.0360699892044067
6348,2,SEVERE,0.5483450889587402,1.040045142173767
6349,2,SEVERE,0.4736570119857788,1.0410115718841553
6350,2,SEVERE,0.4977310001850128,0.9835255742073059
6351,0,LOW,0.4186297357082367,1.2945880889892578
6352,0,LOW,0.3715808093547821,0.7019374370574951
6353,1,MODERATE,0.47171539068222046,0.9747992157936096
6354,0,LOW,0.5672038197517395,1.3030197620391846
6355,2,SEVERE,0.40460869669914246,0.8763644099235535
6356,2,SEVERE,0.7729703783988953,1.8492648601531982
6357,2,SEVERE,0.3996962010860443,0.8962152600288391
6358,2,SEVERE,0.4635156989097595,0.9314627051353455
6359,1,MODERATE,0.4354172348976135,0.8786504864692688
6360,1,MODERATE,0.45566755533218384,1.1513235569000244
6361,1,MODERATE,0.3768306076526642,0.5561574697494507
6362,1,MODERATE,0.7349499464035034,1.1315362453460693
6363,2,SEVERE,0.39465898275375366,0.9185659289360046
6364,2,SEVERE,0.46439328789711,0.9325984120368958
6365,0,LOW,0.40695270895957947,0.586298942565918
6366,0,LOW,0.425965815782547,1.1498607397079468
6367,2,SEVERE,0.42095518112182617,0.8525996208190918
6368,2,SEVERE,0.8022193312644958,1.9484903812408447
6369,0,LOW,0.39992472529411316,0.7887823581695557
6370,2,SEVERE,0.4193739593029022,0.8174786567687988
6371,2,SEVERE,0.5129610300064087,0.9669643044471741
6372,2,SEVERE,0.426967054605484,0.8661527633666992
6373,2,SEVERE,0.4282781183719635,0.8790284395217896
6374,1,MODERATE,0.34546709060668945,0.5485836267471313
6375,2,SEVERE,0.395753413438797,0.7630172967910767
6376,1,MODERATE,0.4017809331417084,0.6264570951461792
6377,0,LOW,0.4131745994091034,1.1631481647491455
6378,2,SEVERE,0.3906470835208893,0.627271294593811
6379,1,MODERATE,0.7726656794548035,1.0673067569732666
6380,1,MODERATE,0.7546412348747253,1.54537034034729
6381,0,LOW,0.6169981360435486,1.27058744430542
6382,1,MODERATE,0.3823122978210449,0.5289719104766846
6383,1,MODERATE,0.5717417001724243,0.9346710443496704
6384,0,LOW,0.6279774308204651,1.406595230102539
6385,0,LOW,0.45054107904434204,0.5302367210388184
6386,1,MODERATE,0.652407169342041,1.1344867944717407
6387,0,LOW,0.5308116674423218,0.8795416355133057
6388,0,LOW,0.5259796380996704,0.4603775143623352
6389,1,MODERATE,0.41681990027427673,0.6133763790130615
6390,1,MODERATE,0.4291529357433319,0.6002526879310608
6391,1,MODERATE,0.5543612837791443,0.8837411403656006
6392,1,MODERATE,0.42102286219596863,0.5961210131645203
6393,1,MODERATE,0.4969707727432251,0.585199236869812
6394,1,MODERATE,0.6230104565620422,0.7949792146682739
6395,1,MODERATE,0.47605690360069275,0.7610218524932861
6396,1,MODERATE,0.4787428081035614,0.7000874876976013
6397,0,LOW,0.675411581993103,1.3329273462295532
6398,0,LOW,0.4879368245601654,0.5354357957839966
6399,0,LOW,0.4462307393550873,0.3575729727745056
6400,0,LOW,0.46080705523490906,0.3682655394077301
6401,1,MODERATE,0.4578641951084137,0.5324420928955078
6402,1,MODERATE,0.38276052474975586,0.5492103099822998
6403,0,LOW,0.4861638844013214,0.3858169913291931
6404,0,LOW,0.47825467586517334,0.3816981911659241
6405,0,LOW,0.47302043437957764,0.27450594305992126
6406,1,MODERATE,0.8008469343185425,1.092561960220337
6407,1,MODERATE,0.45236843824386597,0.5694456100463867
6408,0,LOW,0.687209963798523,1.2210991382598877
6409,0,LOW,0.4985314905643463,0.3965722620487213
6410,0,LOW,0.5416068434715271,0.3414212763309479
6411,0,LOW,0.40641263127326965,0.276431143283844
6412,0,LOW,0.4677525460720062,0.4964410960674286
6413,0,LOW,0.38644689321517944,0.17518427968025208
6414,1,MODERATE,0.4897328317165375,0.6291072964668274
6415,1,MODERATE,0.4622167944908142,0.6156052350997925
6416,0,LOW,0.4237082004547119,0.35686758160591125
6417,0,LOW,0.41823017597198486,0.5495019555091858
6418,0,LOW,0.4072268605232239,0.42451709508895874
6419,2,SEVERE,0.46120232343673706,0.9500197768211365
6420,1,MODERATE,0.7588050961494446,1.5654668807983398
6421,1,MODERATE,0.34268051385879517,0.9374645948410034
6422,0,LOW,0.47487425804138184,0.5949137806892395
6423,0,LOW,0.418212890625,0.3683527112007141
6424,2,SEVERE,0.377569317817688,0.6850766539573669
6425,0,LOW,0.40719446539878845,0.45704156160354614
6426,0,LOW,0.5316184163093567,0.9560232162475586
6427,0,LOW,0.38384443521499634,0.33196449279785156
6428,1,MODERATE,0.48059070110321045,0.810295581817627
6429,0,LOW,0.38133397698402405,0.29237160086631775
6430,1,MODERATE,0.38426700234413147,0.5400341153144836
6431,1,MODERATE,0.4396113157272339,0.45874616503715515
6432,0,LOW,0.36294689774513245,0.19445814192295074
6433,1,MODERATE,0.5599545240402222,1.0228323936462402
6434,0,LOW,0.41710901260375977,0.3725922107696533
6435,0,LOW,0.3934495151042938,0.24874745309352875
6436,0,LOW,0.5766404867172241,1.0030947923660278
6437,1,MODERATE,0.3863922357559204,0.5096017122268677
6438,0,LOW,0.46138840913772583,0.506013810634613
6439,1,MODERATE,0.5471153855323792,0.6287872195243835
6440,1,MODERATE,0.5397140979766846,0.7053548097610474
6441,0,LOW,0.4563409984111786,0.3959592878818512
6442,0,LOW,0.514835000038147,0.653099000453949
6443,0,LOW,0.46266210079193115,0.43538573384284973
6444,0,LOW,0.35448724031448364,0.3028096854686737
6445,1,MODERATE,0.5327728986740112,1.0692925453186035
6446,1,MODERATE,0.4563736617565155,0.5128405690193176
6447,1,MODERATE,0.40154555439949036,0.4745329022407532
6448,0,LOW,0.38050606846809387,0.3032206892967224
6449,0,LOW,0.5683172941207886,0.9516950249671936
6450,0,LOW,0.6678199172019958,1.4839587211608887
6451,0,LOW,0.4139806628227234,0.336545467376709
6452,0,LOW,0.4309254288673401,0.34765228629112244
6453,1,MODERATE,0.4327174127101898,0.43895822763442993
6454,1,MODERATE,0.45553144812583923,0.5700395107269287
6455,0,LOW,0.4420642554759979,0.3010139465332031
6456,2,SEVERE,0.7385624051094055,1.7454670667648315
6457,0,LOW,0.5896993279457092,0.7934941053390503
6458,1,MODERATE,0.4209230840206146,0.5132707953453064
6459,0,LOW,0.5073786377906799,0.729667067527771
6460,0,LOW,0.47682657837867737,0.4633603096008301
6461,0,LOW,0.3641533851623535,0.283852219581604
6462,1,MODERATE,0.44309017062187195,0.5022459626197815
6463,1,MODERATE,0.43609824776649475,0.5928274393081665
6464,0,LOW,0.3507847785949707,0.18746542930603027
6465,0,LOW,0.44523242115974426,0.6771621704101562
6466,0,LOW,0.387942910194397,0.4032825827598572
6467,1,MODERATE,0.4047238826751709,0.42793259024620056
6468,0,LOW,0.34498918056488037,0.4834314286708832
6469,2,SEVERE,0.37707480788230896,0.5057591199874878
6470,1,MODERATE,0.37645238637924194,0.4738253951072693
6471,1,MODERATE,0.39991259574890137,0.6334178447723389
6472,2,SEVERE,0.36774587631225586,0.585529088973999
6473,0,LOW,0.4279480576515198,0.5128690600395203
6474,2,SEVERE,0.3878532946109772,0.7416267395019531
6475,0,LOW,0.5635557174682617,1.7306712865829468
6476,1,MODERATE,0.48967501521110535,0.9379012584686279
6477,2,SEVERE,0.4947417676448822,0.8624141216278076
6478,2,SEVERE,0.3661075830459595,1.145485520362854
6479,2,SEVERE,0.5064235329627991,0.7856591939926147
6480,2,SEVERE,0.4110599160194397,1.1378620862960815
6481,2,SEVERE,0.7647042274475098,1.630926251411438
6482,2,SEVERE,0.49933943152427673,0.9996334314346313
6483,2,SEVERE,0.4544592499732971,0.9996334314346313
6484,0,LOW,0.44181811809539795,1.5578453540802002
6485,1,MODERATE,0.3592450022697449,0.6477264165878296
6486,2,SEVERE,0.5488541722297668,0.9687657356262207
6487,2,SEVERE,0.4256320595741272,1.236435055732727
6488,2,SEVERE,0.5794298648834229,1.0460556745529175
6489,2,SEVERE,0.5022937655448914,1.174790859222412
6490,2,SEVERE,0.8421468734741211,2.0683138370513916
6491,2,SEVERE,0.6378856897354126,1.129905343055725
6492,2,SEVERE,0.6668217182159424,1.1793179512023926
6493,2,SEVERE,0.7205685973167419,1.2106168270111084
6494,2,SEVERE,0.5071067214012146,1.3280346393585205
6495,2,SEVERE,0.6267382502555847,1.1249477863311768
6496,2,SEVERE,0.5325525403022766,1.2248046398162842
6497,0,LOW,0.5498180985450745,1.6796945333480835
6498,2,SEVERE,0.48540353775024414,1.5173184871673584
6499,2,SEVERE,0.8410651683807373,2.030447483062744
6500,2,SEVERE,0.4632481634616852,1.3787384033203125
6501,2,SEVERE,0.6552999019622803,1.2070059776306152
6502,2,SEVERE,0.6449595093727112,1.2618566751480103
6503,2,SEVERE,0.7757531404495239,1.481650948524475
6504,2,SEVERE,0.5135128498077393,1.5169206857681274
6505,2,SEVERE,0.7924474477767944,1.723280668258667
6506,2,SEVERE,0.7001458406448364,1.2683722972869873
6507,2,SEVERE,0.45097413659095764,1.7528610229492188
6508,2,SEVERE,0.7199735045433044,1.28530752658844
6509,2,SEVERE,0.6228167414665222,1.2618359327316284
6510,2,SEVERE,0.7301324009895325,1.2955291271209717
6511,2,SEVERE,0.5977146029472351,1.38347327709198
6512,2,SEVERE,0.617200493812561,1.3021512031555176
6513,2,SEVERE,0.6452954411506653,1.366384506225586
6514,2,SEVERE,0.7402384877204895,1.3190208673477173
6515,2,SEVERE,0.7361275553703308,1.2912105321884155
6516,2,SEVERE,0.6819518208503723,1.3835790157318115
6517,2,SEVERE,0.5182129144668579,1.6044461727142334
6518,2,SEVERE,0.7192809581756592,1.3424735069274902
6519,2,SEVERE,0.6415128707885742,1.2977473735809326
6520,2,SEVERE,0.8738638758659363,1.800767421722412
6521,0,LOW,0.6066597104072571,1.9285558462142944
6522,2,SEVERE,0.6303069591522217,1.5954114198684692
6523,2,SEVERE,0.7398502230644226,1.369558572769165
6524,2,SEVERE,0.7224913239479065,1.3807835578918457
6525,2,SEVERE,0.5587927103042603,1.6162028312683105
6526,2,SEVERE,0.7499106526374817,1.3728063106536865
6527,2,SEVERE,0.6184810996055603,1.387148380279541
6528,2,SEVERE,0.7404512763023376,1.3978701829910278
6529,2,SEVERE,0.6636306047439575,1.4166651964187622
6530,2,SEVERE,0.7365784645080566,1.3861197233200073
6531,2,SEVERE,0.7122300267219543,1.4585944414138794
6532,2,SEVERE,0.5621230006217957,1.6174559593200684
6533,2,SEVERE,0.7621704936027527,1.5778816938400269
6534,2,SEVERE,0.7097464799880981,1.3696672916412354
6535,2,SEVERE,0.572230339050293,1.7518372535705566
6536,2,SEVERE,0.7529138326644897,1.376218557357788
6537,2,SEVERE,0.8261007070541382,1.8771374225616455
6538,2,SEVERE,0.6677857041358948,1.3944995403289795
6539,2,SEVERE,0.7420410513877869,1.3923557996749878
6540,2,SEVERE,0.7490193247795105,1.4032920598983765
6541,2,SEVERE,0.5954357385635376,1.4027166366577148
6542,2,SEVERE,0.7463350296020508,1.4698574542999268
6543,2,SEVERE,0.6904430985450745,1.349170207977295
6544,2,SEVERE,0.6631436944007874,1.4091696739196777
6545,2,SEVERE,0.6785094141960144,1.410772681236267
6546,2,SEVERE,0.7287096977233887,1.4094609022140503
6547,2,SEVERE,0.7451382279396057,1.393233299255371
6548,2,SEVERE,0.7017523050308228,1.5626235008239746
6549,2,SEVERE,0.7221919894218445,1.5462697744369507
6550,2,SEVERE,0.835422694683075,1.6851555109024048
6551,2,SEVERE,0.6747269630432129,1.5824801921844482
6552,2,SEVERE,0.8362044095993042,1.6783698797225952
6553,2,SEVERE,0.6767311096191406,1.7535756826400757
6554,2,SEVERE,0.7087321877479553,1.6084011793136597
6555,2,SEVERE,0.6712561249732971,1.4798094034194946
6556,2,SEVERE,0.7227685451507568,1.3655892610549927
6557,2,SEVERE,0.8324816823005676,1.560639500617981
6558,2,SEVERE,0.7196821570396423,1.454468846321106
6559,2,SEVERE,0.6844973564147949,1.4687367677688599
6560,2,SEVERE,0.7528509497642517,1.5265287160873413
6561,2,SEVERE,0.7681743502616882,1.448075532913208
6562,2,SEVERE,0.7028999328613281,1.4621646404266357
6563,2,SEVERE,0.707055926322937,1.3856531381607056
6564,2,SEVERE,0.6301387548446655,1.319569706916809
6565,2,SEVERE,0.8928128480911255,2.2795515060424805
6566,0,LOW,0.45486152172088623,1.850023865699768
6567,2,SEVERE,0.5370557904243469,1.5111387968063354
6568,2,SEVERE,0.5101057291030884,1.4584717750549316
6569,2,SEVERE,0.48736146092414856,1.5254554748535156
6570,2,SEVERE,0.6429440975189209,1.3355457782745361
6571,2,SEVERE,0.3758281469345093,1.6762053966522217
6572,2,SEVERE,0.5304900407791138,1.448298454284668
6573,2,SEVERE,0.572002112865448,1.363586187362671
6574,2,SEVERE,0.6395344138145447,1.3375868797302246
6575,2,SEVERE,0.633782148361206,1.3317574262619019
6576,2,SEVERE,0.5758106708526611,1.3834503889083862
6577,2,SEVERE,0.48811638355255127,1.367220163345337
6578,2,SEVERE,0.5730146765708923,1.4968547821044922
6579,2,SEVERE,0.699633777141571,1.4188563823699951
6580,2,SEVERE,0.8524337410926819,2.456944704055786
6581,2,SEVERE,0.6021797060966492,1.3837013244628906
6582,2,SEVERE,0.5998445153236389,1.2823739051818848
6583,2,SEVERE,0.5070420503616333,1.2672170400619507
6584,2,SEVERE,0.5070420503616333,1.2672170400619507
6585,2,SEVERE,0.5010858774185181,1.2601203918457031
6586,2,SEVERE,0.578723669052124,1.3036471605300903
6587,2,SEVERE,0.5621039867401123,1.25266695022583
6588,2,SEVERE,0.6915197968482971,1.9367923736572266
6589,1,MODERATE,0.4485718309879303,0.9661229848861694
6590,0,LOW,0.4250645339488983,0.6359012126922607
6591,0,LOW,0.41292017698287964,0.6099830269813538
6592,0,LOW,0.45638349652290344,0.7340933680534363
6593,2,SEVERE,0.41268283128738403,0.703409731388092
6594,1,MODERATE,0.5768523216247559,1.0294865369796753
6595,0,LOW,0.3471980690956116,0.4622320532798767
6596,2,SEVERE,0.6946591734886169,1.7135472297668457
6597,1,MODERATE,0.4150658845901489,0.7016432285308838
6598,0,LOW,0.42178013920783997,0.6241781115531921
6599,0,LOW,0.5047180652618408,0.7012544870376587
6600,1,MODERATE,0.37173113226890564,0.455645889043808
6601,0,LOW,0.4630930423736572,0.5256689786911011
6602,0,LOW,0.38621458411216736,0.6930074691772461
6603,0,LOW,0.3860417306423187,0.5861612558364868
6604,0,LOW,0.6046696901321411,0.8104183077812195
6605,0,LOW,0.5117949843406677,0.8073537349700928
6606,0,LOW,0.5738375186920166,0.571256697177887
6607,0,LOW,0.5438946485519409,0.6678037047386169
6608,0,LOW,0.44776517152786255,0.5383440852165222
6609,0,LOW,0.6076525449752808,0.693914532661438
6610,0,LOW,0.4447283148765564,0.9347865581512451
6611,0,LOW,0.5396001935005188,0.5791046023368835
6612,0,LOW,0.606645405292511,0.6705408096313477
6613,0,LOW,0.7880252003669739,1.70751953125
6614,0,LOW,0.5365678668022156,0.5647286772727966
6615,0,LOW,0.6078080534934998,0.6598879098892212
6616,0,LOW,0.5268541574478149,0.5910203456878662
6617,0,LOW,0.5759664177894592,0.7013349533081055
6618,0,LOW,0.4545518457889557,0.7076599597930908
6619,0,LOW,0.609271228313446,0.7320021390914917
6620,0,LOW,0.7186943888664246,1.088590383529663
6621,0,LOW,0.6660782098770142,1.0257346630096436
6622,0,LOW,0.6176190972328186,0.7816596627235413
6623,0,LOW,0.6196301579475403,0.6390753388404846
6624,0,LOW,0.7080532908439636,1.458975076675415
6625,0,LOW,0.49564042687416077,0.8345096111297607
6626,0,LOW,0.7630428075790405,1.2270430326461792
6627,1,MODERATE,0.5966523885726929,1.0436663627624512
6628,0,LOW,0.6904237866401672,1.0158495903015137
6629,0,LOW,0.6558431386947632,1.0202317237854004
6630,0,LOW,0.7265307307243347,0.9518206119537354
6631,0,LOW,0.7495015263557434,1.1544830799102783
6632,0,LOW,0.7695743441581726,1.2666288614273071
6633,0,LOW,0.6297823190689087,0.7094298601150513
6634,0,LOW,0.6175323128700256,0.8099309206008911
6635,0,LOW,0.6314972043037415,0.5905975103378296
6636,0,LOW,0.5411350131034851,0.7258871793746948
6637,0,LOW,0.7247782349586487,0.8502745628356934
6638,0,LOW,0.6219725608825684,0.7561612129211426
6639,0,LOW,0.6702620983123779,0.8387143611907959
6640,0,LOW,0.5883183479309082,0.8536221385002136
6641,0,LOW,0.7123036980628967,0.8645832538604736
6642,0,LOW,0.7619858980178833,1.2289683818817139
6643,0,LOW,0.6102930307388306,0.603389322757721
6644,0,LOW,0.8024973273277283,1.2481789588928223
6645,0,LOW,0.46874499320983887,0.7634062170982361
6646,0,LOW,0.702368438243866,1.0231794118881226
6647,0,LOW,0.664558470249176,0.9982444047927856
6648,0,LOW,0.587516725063324,0.6068165302276611
6649,0,LOW,0.6667372584342957,0.8223761916160583
6650,1,MODERATE,0.5583455562591553,0.7744535207748413
6651,0,LOW,0.38953131437301636,0.8182123303413391
6652,1,MODERATE,0.6570881605148315,0.8887311220169067
6653,0,LOW,0.5594081878662109,0.4555284380912781
6654,1,MODERATE,0.5109355449676514,0.9620205163955688
6655,1,MODERATE,0.4771115183830261,0.6049185991287231
6656,0,LOW,0.6443005800247192,0.6732944846153259
6657,2,SEVERE,0.3858298659324646,2.1058199405670166
6658,0,LOW,0.7637841701507568,1.049329161643982
6659,0,LOW,0.5308862328529358,0.9441508054733276
6660,0,LOW,0.6464089155197144,0.7547770142555237
6661,0,LOW,0.6115356087684631,0.7030980587005615
6662,0,LOW,0.4959235191345215,0.7472388744354248
6663,0,LOW,0.5432562232017517,0.6165033578872681
6664,0,LOW,0.7159399390220642,0.9901958703994751
6665,0,LOW,0.668513834476471,1.0075759887695312
6666,0,LOW,0.5844475030899048,0.7743829488754272
6667,0,LOW,0.5546391606330872,0.7098904848098755
6668,0,LOW,0.755405068397522,1.2242603302001953
6669,0,LOW,0.5919452905654907,0.7827720046043396
6670,0,LOW,0.6912522912025452,0.7290590405464172
6671,1,MODERATE,0.6841657757759094,0.9548457860946655
6672,1,MODERATE,0.4501868486404419,0.5667034983634949
6673,0,LOW,0.6035094857215881,0.62239670753479
6674,2,SEVERE,0.4049346446990967,1.2573037147521973
6675,0,LOW,0.4015577733516693,0.5488856434822083
6676,1,MODERATE,0.4455562233924866,0.598656177520752
6677,0,LOW,0.7056940793991089,1.0366042852401733
6678,0,LOW,0.6359098553657532,0.8718850016593933
6679,0,LOW,0.7337485551834106,1.049262285232544
6680,0,LOW,0.7233453392982483,0.9460570812225342
6681,0,LOW,0.744892418384552,1.01088285446167
6682,0,LOW,0.6538662314414978,0.9943183660507202
6683,0,LOW,0.5879192352294922,0.7349788546562195
6684,0,LOW,0.6311443448066711,0.9031076431274414
6685,0,LOW,0.47308921813964844,0.5031879544258118
6686,0,LOW,0.5386876463890076,0.5489411950111389
6687,1,MODERATE,0.47967636585235596,0.6514716744422913
6688,0,LOW,0.6983210444450378,1.1553486585617065
6689,0,LOW,0.5922372937202454,0.6814731955528259
6690,0,LOW,0.5178729295730591,0.9157037734985352
6691,0,LOW,0.5882260203361511,0.6718836426734924
6692,0,LOW,0.5419571995735168,0.8297648429870605
6693,0,LOW,0.6224033832550049,0.837931752204895
6694,0,LOW,0.7208386659622192,0.897138774394989
6695,1,MODERATE,0.4454374313354492,0.45968353748321533
6696,0,LOW,0.6616026163101196,1.1456780433654785
6697,1,MODERATE,0.5214701294898987,1.0633231401443481
6698,1,MODERATE,0.4161737263202667,0.6522616744041443
6699,0,LOW,0.4980146884918213,0.6743893623352051
6700,0,LOW,0.47494634985923767,0.6022663712501526
6701,0,LOW,0.5198624730110168,0.7508000731468201
6702,0,LOW,0.6286196708679199,1.0962564945220947
6703,0,LOW,0.5382250547409058,0.7887345552444458
6704,0,LOW,0.4656611382961273,0.6919462084770203
6705,1,MODERATE,0.4597178101539612,0.5941637754440308
6706,0,LOW,0.4589119255542755,0.725996732711792
6707,1,MODERATE,0.5106273293495178,0.7407817840576172
6708,0,LOW,0.4525274932384491,0.6446661949157715
6709,0,LOW,0.5837954878807068,0.859774649143219
6710,0,LOW,0.5454228520393372,0.9687427878379822
6711,1,MODERATE,0.5623937845230103,0.8674278259277344
6712,0,LOW,0.4823346436023712,0.46530964970588684
6713,1,MODERATE,0.47949814796447754,0.8460887670516968
6714,1,MODERATE,0.5325101613998413,0.7529807686805725
6715,1,MODERATE,0.6305710077285767,1.0638045072555542
6716,0,LOW,0.5054527521133423,0.5934730768203735
6717,0,LOW,0.5361837148666382,0.5934730768203735
6718,0,LOW,0.61161869764328,1.1241644620895386
6719,0,LOW,0.5782872438430786,0.5090611577033997
6720,0,LOW,0.52543044090271,0.7084974050521851
6721,0,LOW,0.49296870827674866,0.6961299180984497
6722,0,LOW,0.5923066735267639,0.9394032955169678
6723,0,LOW,0.5242717862129211,0.5041154623031616
6724,0,LOW,0.5987132787704468,0.543912410736084
6725,1,MODERATE,0.517990231513977,1.160966157913208
6726,1,MODERATE,0.49594441056251526,0.5742892026901245
6727,1,MODERATE,0.4371422231197357,1.2439827919006348
6728,1,MODERATE,0.4434621334075928,0.8430034518241882
6729,1,MODERATE,0.5926092863082886,0.8871306777000427
6730,1,MODERATE,0.5252678394317627,0.7494275569915771
6731,0,LOW,0.5106164216995239,0.8211914300918579
6732,1,MODERATE,0.6935175657272339,0.8930004835128784
6733,1,MODERATE,0.4705529808998108,0.8791000247001648
6734,1,MODERATE,0.5838595032691956,0.7311362028121948
6735,0,LOW,0.47574618458747864,0.5580239295959473
6736,1,MODERATE,0.5972803235054016,0.9059267044067383
6737,1,MODERATE,0.4802810549736023,1.0394481420516968
6738,1,MODERATE,0.6931122541427612,0.894336462020874
6739,1,MODERATE,0.5913553237915039,0.7827767729759216
6740,1,MODERATE,0.5085060000419617,1.1248977184295654
6741,1,MODERATE,0.6472998857498169,0.9674755334854126
6742,0,LOW,0.5217379927635193,1.0832674503326416
6743,0,LOW,0.4951714873313904,0.4053337574005127
6744,1,MODERATE,0.5451471209526062,1.037825584411621
6745,1,MODERATE,0.7111571431159973,0.961887001991272
6746,1,MODERATE,0.781711995601654,1.2009998559951782
6747,1,MODERATE,0.6072648763656616,0.9090693593025208
6748,1,MODERATE,0.4999457001686096,0.4531708061695099
6749,1,MODERATE,0.6340931057929993,1.0443207025527954
6750,1,MODERATE,0.44081392884254456,0.9405527114868164
6751,1,MODERATE,0.6818380355834961,1.0111855268478394
6752,1,MODERATE,0.6673828363418579,0.9961220026016235
6753,1,MODERATE,0.6406132578849792,1.1095046997070312
6754,1,MODERATE,0.5662963390350342,1.01702880859375
6755,1,MODERATE,0.5216395854949951,1.2170264720916748
6756,1,MODERATE,0.6011934280395508,1.2219127416610718
6757,1,MODERATE,0.6930207014083862,0.944568932056427
6758,1,MODERATE,0.7505201697349548,1.0701137781143188
6759,1,MODERATE,0.6962758302688599,1.0363285541534424
6760,1,MODERATE,0.5647474527359009,1.093505859375
6761,1,MODERATE,0.7232252955436707,1.0107167959213257
6762,1,MODERATE,0.7043148875236511,1.2831575870513916
6763,1,MODERATE,0.5600972771644592,1.0894644260406494
6764,1,MODERATE,0.7021383047103882,1.1508111953735352
6765,1,MODERATE,0.786627471446991,1.1815781593322754
6766,1,MODERATE,0.7352107167243958,1.1720974445343018
6767,1,MODERATE,0.6880841255187988,1.3594999313354492
6768,1,MODERATE,0.6397945284843445,1.2584244012832642
6769,1,MODERATE,0.6553317904472351,1.2738351821899414
6770,1,MODERATE,0.6867141127586365,1.3266316652297974
6771,1,MODERATE,0.7862327098846436,1.205588698387146
6772,1,MODERATE,0.7223002314567566,1.1098130941390991
6773,1,MODERATE,0.720615565776825,1.1196078062057495
6774,1,MODERATE,0.6405002474784851,1.0389174222946167
6775,1,MODERATE,0.7109513878822327,1.0852130651474
6776,1,MODERATE,0.6410777568817139,1.4186736345291138
6777,1,MODERATE,0.6431367993354797,1.0407379865646362
6778,1,MODERATE,0.5694425106048584,0.8424434661865234
6779,1,MODERATE,0.6483815908432007,1.079843521118164
6780,1,MODERATE,0.5940804481506348,1.48434579372406
6781,1,MODERATE,0.6262997984886169,1.3279883861541748
6782,1,MODERATE,0.7634472250938416,1.2318124771118164
6783,1,MODERATE,0.8095641136169434,1.1911016702651978
6784,1,MODERATE,0.8455745577812195,1.3006477355957031
6785,1,MODERATE,0.7246403098106384,1.0190470218658447
6786,1,MODERATE,0.6602810025215149,1.147940993309021
6787,1,MODERATE,0.6781155467033386,0.8510827422142029
6788,1,MODERATE,0.6992014646530151,0.9551570415496826
6789,1,MODERATE,0.6503152251243591,0.7605008482933044
6790,1,MODERATE,0.7506841421127319,1.1473047733306885
6791,1,MODERATE,0.6345757842063904,0.8256461024284363
6792,1,MODERATE,0.6050578355789185,0.7131019830703735
6793,1,MODERATE,0.6515069007873535,0.80131995677948
6794,0,LOW,0.4618753492832184,0.4382997453212738
6795,1,MODERATE,0.646710216999054,0.924662172794342
6796,1,MODERATE,0.6750048398971558,0.9286162853240967
6797,1,MODERATE,0.6904926896095276,0.930391788482666
6798,1,MODERATE,0.5655844211578369,0.928436279296875
6799,1,MODERATE,0.6587269306182861,0.9783677458763123
6800,1,MODERATE,0.6007512211799622,0.7474358677864075
6801,1,MODERATE,0.5600594282150269,0.7924132347106934
6802,1,MODERATE,0.5612152814865112,0.794933557510376
6803,1,MODERATE,0.5680351853370667,0.7548486590385437
6804,0,LOW,0.6015222668647766,1.1614491939544678
6805,1,MODERATE,0.5103285312652588,0.48872512578964233
6806,1,MODERATE,0.5261766314506531,0.752525806427002
6807,1,MODERATE,0.7674944400787354,1.0210182666778564
6808,1,MODERATE,0.769422173500061,1.143764615058899
6809,1,MODERATE,0.4984723627567291,0.819212794303894
6810,0,LOW,0.5304110050201416,0.7170134782791138
6811,1,MODERATE,0.6287770867347717,0.9101870059967041
6812,1,MODERATE,0.4715597331523895,0.5186104774475098
6813,1,MODERATE,0.6449863910675049,0.9456164836883545
6814,0,LOW,0.5821171402931213,0.9956679344177246
6815,1,MODERATE,0.6866559386253357,0.8441604971885681
6816,0,LOW,0.6644213795661926,0.5138750076293945
6817,1,MODERATE,0.5077040791511536,0.6921781301498413
6818,0,LOW,0.4836355447769165,0.48666977882385254
6819,0,LOW,0.5424099564552307,0.4969862997531891
6820,0,LOW,0.6342245936393738,0.8348820209503174
6821,0,LOW,0.5328521132469177,0.4887790381908417
6822,1,MODERATE,0.5638871192932129,0.9015215635299683
6823,0,LOW,0.532247006893158,0.602447509765625
6824,0,LOW,0.5811139345169067,0.5959745645523071
6825,0,LOW,0.5923566818237305,0.6588619947433472
6826,0,LOW,0.6680482029914856,1.144955039024353
6827,0,LOW,0.5571665167808533,0.6491430997848511
6828,0,LOW,0.6160029768943787,0.7358435392379761
6829,0,LOW,0.7389222979545593,0.9819177389144897
6830,0,LOW,0.5839135050773621,0.5775133371353149
6831,0,LOW,0.6095499396324158,0.6424577236175537
6832,0,LOW,0.5768390893936157,0.6947234869003296
6833,0,LOW,0.5459823608398438,0.8000964522361755
6834,0,LOW,0.6886643171310425,1.0155370235443115
6835,0,LOW,0.7363458275794983,1.462068796157837
6836,0,LOW,0.592799723148346,0.6630855798721313
6837,0,LOW,0.589682400226593,0.678352415561676
6838,0,LOW,0.6548836827278137,0.7965811491012573
6839,0,LOW,0.5522950291633606,0.5921036005020142
6840,0,LOW,0.48274368047714233,0.7465243935585022
6841,0,LOW,0.5503318905830383,0.5124465823173523
6842,0,LOW,0.5520598888397217,0.5750719904899597
6843,0,LOW,0.5520598888397217,0.5750719904899597
6844,0,LOW,0.5660226345062256,0.5380021333694458
6845,0,LOW,0.550054669380188,0.6624532341957092
6846,0,LOW,0.6062663793563843,0.7403931617736816
6847,0,LOW,0.48483821749687195,0.5070804357528687
6848,1,MODERATE,0.5231528878211975,0.9643612504005432
6849,0,LOW,0.6268404722213745,0.8079714775085449
6850,0,LOW,0.5480971336364746,0.5612369179725647
6851,2,SEVERE,0.47394856810569763,1.635873556137085
6852,0,LOW,0.5665594339370728,0.7022591233253479
6853,0,LOW,0.687761664390564,0.7477338314056396
6854,0,LOW,0.594601035118103,0.7246251106262207
6855,0,LOW,0.5344149470329285,0.5956421494483948
6856,0,LOW,0.5331599116325378,0.5796958208084106
6857,1,MODERATE,0.5817413926124573,0.9679285287857056
6858,0,LOW,0.645753026008606,1.0290039777755737
6859,1,MODERATE,0.45740747451782227,0.8035366535186768
6860,0,LOW,0.5591781139373779,0.5306340456008911
6861,0,LOW,0.3971697986125946,0.5208475589752197
6862,0,LOW,0.5201950073242188,0.6640158295631409
6863,0,LOW,0.635595440864563,0.8748028874397278
6864,0,LOW,0.6604890823364258,1.2053505182266235
6865,1,MODERATE,0.4252251982688904,0.583939254283905
6866,0,LOW,0.5289351344108582,0.5702509880065918
6867,0,LOW,0.5445433259010315,0.550821840763092
6868,0,LOW,0.5832536220550537,0.5520495772361755
6869,0,LOW,0.6318944096565247,0.7393709421157837
6870,0,LOW,0.5346183776855469,0.5026640892028809
6871,1,MODERATE,0.39204108715057373,0.5907802581787109
6872,0,LOW,0.43882107734680176,0.47106459736824036
6873,0,LOW,0.47010087966918945,0.3150354325771332
6874,1,MODERATE,0.41468700766563416,0.5955365896224976
6875,0,LOW,0.4484502375125885,0.4544672667980194
6876,0,LOW,0.5103809833526611,0.38444602489471436
6877,0,LOW,0.6928355693817139,1.2821658849716187
6878,0,LOW,0.4513952434062958,0.5063005685806274
6879,0,LOW,0.3854376971721649,0.3283127248287201
6880,0,LOW,0.6340323090553284,1.1344637870788574
6881,0,LOW,0.42058828473091125,0.30687302350997925
6882,0,LOW,0.4313369393348694,0.48710882663726807
6883,0,LOW,0.6997873187065125,1.4070521593093872
6884,0,LOW,0.49612894654273987,0.7784595489501953
6885,0,LOW,0.41298428177833557,0.37183576822280884
6886,0,LOW,0.45506519079208374,0.5582525134086609
6887,2,SEVERE,0.44183799624443054,1.110642671585083
6888,0,LOW,0.39394617080688477,0.4484923481941223
6889,1,MODERATE,0.4267459213733673,0.7306621074676514
6890,0,LOW,0.3904041349887848,0.3580811619758606
6891,0,LOW,0.41216394305229187,0.36575302481651306
6892,0,LOW,0.5785183310508728,0.8365620374679565
6893,2,SEVERE,0.4356442391872406,0.913006067276001
6894,1,MODERATE,0.4803128242492676,0.7701787948608398
6895,0,LOW,0.5503660440444946,0.8968508839607239
6896,0,LOW,0.42601045966148376,0.3237065374851227
6897,1,MODERATE,0.3769057095050812,0.613638699054718
6898,1,MODERATE,0.4772016704082489,0.5908455848693848
6899,0,LOW,0.430529922246933,0.35237637162208557
6900,1,MODERATE,0.44147172570228577,0.5740171670913696
6901,0,LOW,0.4396895468235016,0.3966759443283081
6902,1,MODERATE,0.4875204265117645,0.61368727684021
6903,0,LOW,0.6848588585853577,1.1565073728561401
6904,1,MODERATE,0.4116467237472534,0.4821275770664215
6905,1,MODERATE,0.4266859292984009,0.5482039451599121
6906,0,LOW,0.5286969542503357,0.6923580169677734
6907,1,MODERATE,0.38836216926574707,0.45085838437080383
6908,1,MODERATE,0.4536541700363159,0.5759754180908203
6909,0,LOW,0.3831063210964203,0.30017441511154175
6910,1,MODERATE,0.3812352120876312,0.4339715242385864
6911,0,LOW,0.56930011510849,0.8666436076164246
6912,0,LOW,0.4199333190917969,0.43072235584259033
6913,0,LOW,0.44599151611328125,0.34066829085350037
6914,0,LOW,0.4314088225364685,0.41105830669403076
6915,0,LOW,0.4314088225364685,0.41105830669403076
6916,0,LOW,0.5114983916282654,0.6425030827522278
6917,0,LOW,0.4411940574645996,0.46601471304893494
6918,0,LOW,0.4014819860458374,0.34071412682533264
6919,0,LOW,0.41347816586494446,0.4633692800998688
6920,2,SEVERE,0.6496297717094421,1.4893791675567627
6921,1,MODERATE,0.4161350727081299,0.6613436341285706
6922,0,LOW,0.46649935841560364,0.382524311542511
6923,0,LOW,0.3824012875556946,0.2944660186767578
6924,0,LOW,0.44689109921455383,0.48343425989151
6925,1,MODERATE,0.5790661573410034,0.7030231356620789
6926,1,MODERATE,0.8155100345611572,1.0892910957336426
6927,0,LOW,0.43533965945243835,0.31755322217941284
6928,0,LOW,0.3608669638633728,0.2385268360376358
6929,0,LOW,0.4157496988773346,0.17926539480686188
6930,0,LOW,0.4416464567184448,0.35528475046157837
6931,1,MODERATE,0.3954792320728302,0.7014667391777039
6932,1,MODERATE,0.5002923011779785,0.6009277701377869
6933,0,LOW,0.49902552366256714,0.7047665119171143
6934,0,LOW,0.4167560636997223,0.1898244321346283
6935,0,LOW,0.4870598316192627,0.3517696261405945
6936,0,LOW,0.469226598739624,0.3499981164932251
6937,0,LOW,0.3715687394142151,0.2637997567653656
6938,1,MODERATE,0.37427473068237305,0.6294949650764465
6939,2,SEVERE,0.658901572227478,1.4802138805389404
6940,0,LOW,0.6613865494728088,1.4312231540679932
6941,0,LOW,0.6752291321754456,1.472254753112793
6942,0,LOW,0.45366278290748596,0.45823466777801514
6943,0,LOW,0.4204794466495514,0.20225517451763153
6944,0,LOW,0.41494491696357727,0.2517542839050293
6945,1,MODERATE,0.5046628713607788,0.5970069766044617
6946,1,MODERATE,0.46402937173843384,0.591162919998169
6947,1,MODERATE,0.43250182271003723,0.6488107442855835
6948,0,LOW,0.4847317636013031,0.321194589138031
6949,1,MODERATE,0.5053799152374268,0.6106986999511719
6950,0,LOW,0.3807622194290161,0.22638854384422302
6951,1,MODERATE,0.5850117206573486,0.7726890444755554
6952,0,LOW,0.4099811613559723,0.3574906587600708
6953,1,MODERATE,0.38275131583213806,0.6300227642059326
6954,1,MODERATE,0.7879945039749146,1.3001394271850586
6955,0,LOW,0.7191497087478638,1.3157401084899902
6956,1,MODERATE,0.5218670964241028,0.854381799697876
6957,1,MODERATE,0.4625169038772583,0.6047625541687012
6958,0,LOW,0.39137551188468933,0.20486536622047424
6959,0,LOW,0.4915700852870941,0.7027548551559448
6960,0,LOW,0.6963648200035095,1.2560410499572754
6961,1,MODERATE,0.3655768930912018,0.9166079759597778
6962,1,MODERATE,0.38498055934906006,0.6572647094726562
6963,1,MODERATE,0.3512544631958008,0.6539983749389648
6964,0,LOW,0.3812119662761688,0.23532819747924805
6965,1,MODERATE,0.47946614027023315,0.6254284381866455
6966,1,MODERATE,0.434142529964447,0.5389474630355835
6967,1,MODERATE,0.5483572483062744,0.7529423832893372
6968,1,MODERATE,0.43184831738471985,0.538312554359436
6969,2,SEVERE,0.3646083474159241,0.5108100771903992
6970,1,MODERATE,0.3596706986427307,0.5830715298652649
6971,1,MODERATE,0.4804884195327759,0.6846278309822083
6972,1,MODERATE,0.4892396628856659,0.5443724989891052
6973,0,LOW,0.33987802267074585,0.6021032333374023
6974,1,MODERATE,0.4825024902820587,0.6713224649429321
6975,1,MODERATE,0.42002779245376587,0.5976804494857788
6976,1,MODERATE,0.4947953522205353,0.582582414150238
6977,1,MODERATE,0.5108160972595215,0.6614092588424683
6978,0,LOW,0.429327130317688,1.0022614002227783
6979,0,LOW,0.5903312563896179,1.311734676361084
6980,0,LOW,0.5827264785766602,1.3749282360076904
6981,2,SEVERE,0.36352667212486267,0.5715010762214661
6982,2,SEVERE,0.3593672811985016,0.4730437994003296
6983,2,SEVERE,0.4139426052570343,0.77857506275177
6984,0,LOW,0.4599266052246094,0.7782186269760132
6985,2,SEVERE,0.3566567301750183,0.5973348021507263
6986,1,MODERATE,0.4119592010974884,0.6312739849090576
6987,1,MODERATE,0.5106793642044067,0.9727427363395691
6988,2,SEVERE,0.47494107484817505,0.9339473247528076
6989,1,MODERATE,0.5248186588287354,0.9276115894317627
6990,1,MODERATE,0.44024088978767395,0.7918333411216736
6991,2,SEVERE,0.4171079993247986,0.7352715134620667
6992,1,MODERATE,0.39671534299850464,0.6750282049179077
6993,2,SEVERE,0.4256625175476074,0.8251419067382812
6994,1,MODERATE,0.4482128322124481,0.6709231734275818
6995,2,SEVERE,0.4004078507423401,0.672253429889679
6996,1,MODERATE,0.460994690656662,0.7035790085792542
6997,2,SEVERE,0.3736143112182617,0.4845464825630188
6998,2,SEVERE,0.3985051214694977,0.6347309947013855
6999,2,SEVERE,0.39462268352508545,0.599263608455658
7000,1,MODERATE,0.4327983856201172,0.6785446405410767
7001,1,MODERATE,0.49227994680404663,0.886649489402771
7002,1,MODERATE,0.772307813167572,1.6654199361801147
7003,2,SEVERE,0.4213137626647949,0.8105043768882751
7004,1,MODERATE,0.3900921046733856,0.7274616360664368
7005,1,MODERATE,0.500298261642456,0.8389222621917725
7006,1,MODERATE,0.44245779514312744,0.9212192893028259
7007,1,MODERATE,0.45508843660354614,0.8853127360343933
7008,2,SEVERE,0.401702344417572,0.8955078721046448
7009,1,MODERATE,0.36770007014274597,0.688020646572113
7010,2,SEVERE,0.4683326184749603,1.0090408325195312
7011,2,SEVERE,0.4508449137210846,1.0185002088546753
7012,2,SEVERE,0.4250172972679138,1.0557841062545776
7013,0,LOW,0.38777801394462585,1.1121833324432373
7014,2,SEVERE,0.3936969041824341,1.197465181350708
7015,1,MODERATE,0.6255766749382019,1.5105104446411133
7016,2,SEVERE,0.459698885679245,0.9983441829681396
7017,2,SEVERE,0.5783222317695618,1.0794373750686646
7018,0,LOW,0.6024827361106873,1.5443170070648193
7019,2,SEVERE,0.8489865660667419,2.136409282684326
7020,2,SEVERE,0.5884743928909302,1.075437068939209
7021,2,SEVERE,0.5425558090209961,1.0678411722183228
7022,2,SEVERE,0.41948917508125305,1.3466140031814575
7023,2,SEVERE,0.6463356614112854,1.1433924436569214
7024,2,SEVERE,0.5617522597312927,1.080744743347168
7025,2,SEVERE,0.6254758238792419,1.139865517616272
7026,2,SEVERE,0.8384396433830261,1.8161938190460205
7027,2,SEVERE,0.6677027344703674,1.2138479948043823
7028,2,SEVERE,0.7145512104034424,1.2223953008651733
7029,2,SEVERE,0.5943751931190491,1.2101716995239258
7030,2,SEVERE,0.7341820597648621,1.333644151687622
7031,2,SEVERE,0.47407445311546326,1.5422956943511963
7032,2,SEVERE,0.44182324409484863,1.5152918100357056
7033,2,SEVERE,0.6658644676208496,1.2463603019714355
7034,2,SEVERE,0.7428852319717407,1.34182608127594
7035,2,SEVERE,0.9190170168876648,2.2972655296325684
7036,2,SEVERE,0.5937991142272949,1.2669926881790161
7037,2,SEVERE,0.886917233467102,1.9923627376556396
7038,2,SEVERE,0.5400789380073547,1.5038825273513794
7039,2,SEVERE,0.6838355660438538,1.3062611818313599
7040,2,SEVERE,0.6823984384536743,1.2070401906967163
7041,2,SEVERE,0.8660263419151306,2.1686222553253174
7042,2,SEVERE,0.7192600965499878,1.3051153421401978
7043,2,SEVERE,0.7809551358222961,1.460490107536316
7044,2,SEVERE,0.4624130427837372,1.9165323972702026
7045,0,LOW,0.5450307726860046,1.8247102499008179
7046,2,SEVERE,0.8023899793624878,1.499313235282898
7047,2,SEVERE,0.6492499709129333,1.4270178079605103
7048,2,SEVERE,0.9073208570480347,2.249122142791748
7049,2,SEVERE,0.7074228525161743,1.431246280670166
7050,2,SEVERE,0.49494948983192444,1.5740607976913452
7051,0,LOW,0.5706980228424072,1.8058276176452637
7052,0,LOW,0.5918641090393066,1.7299816608428955
7053,0,LOW,0.46013879776000977,1.8991637229919434
7054,2,SEVERE,0.7016592621803284,1.290780782699585
7055,2,SEVERE,0.7389072775840759,1.3372585773468018
7056,2,SEVERE,0.5305602550506592,1.9465277194976807
7057,2,SEVERE,0.7195351123809814,1.355896234512329
7058,2,SEVERE,0.46342551708221436,1.672616720199585
7059,2,SEVERE,0.6345731616020203,1.3116580247879028
7060,2,SEVERE,0.59840327501297,1.3341634273529053
7061,2,SEVERE,0.630821943283081,1.3479160070419312
7062,2,SEVERE,0.7679123878479004,1.5018130540847778
7063,2,SEVERE,0.640152096748352,1.5879530906677246
7064,0,LOW,0.565811038017273,1.7326527833938599
7065,2,SEVERE,0.670168399810791,1.3323097229003906
7066,2,SEVERE,0.6872537732124329,1.451292872428894
7067,2,SEVERE,0.8956199288368225,2.46120023727417
7068,2,SEVERE,0.5444057583808899,1.5641911029815674
7069,2,SEVERE,0.6940782070159912,1.3238344192504883
7070,2,SEVERE,0.6658026576042175,1.3261491060256958
7071,2,SEVERE,0.6438074707984924,1.4364721775054932
7072,2,SEVERE,0.7036944627761841,1.3401848077774048
7073,2,SEVERE,0.7037198543548584,1.331370234489441
7074,2,SEVERE,0.4718863070011139,1.7262349128723145
7075,2,SEVERE,0.7967739105224609,1.7973408699035645
7076,2,SEVERE,0.52687007188797,1.6657662391662598
7077,2,SEVERE,0.5843966007232666,1.3176610469818115
7078,2,SEVERE,0.7357581257820129,1.3224387168884277
7079,2,SEVERE,0.766014039516449,1.4538347721099854
7080,2,SEVERE,0.6456389427185059,1.3119451999664307
7081,2,SEVERE,0.7018910050392151,1.3594856262207031
7082,2,SEVERE,0.7212971448898315,1.3353041410446167
7083,0,LOW,0.3811887502670288,1.493472933769226
7084,2,SEVERE,0.46992528438568115,1.6652730703353882
7085,2,SEVERE,0.5712161660194397,1.5804563760757446
7086,2,SEVERE,0.5398644208908081,1.5078823566436768
7087,2,SEVERE,0.6055295467376709,1.446094036102295
7088,2,SEVERE,0.5724802017211914,1.4103186130523682
7089,2,SEVERE,0.7326940298080444,1.4301995038986206
7090,0,LOW,0.5572116374969482,1.7935523986816406
7091,2,SEVERE,0.5907462239265442,1.3320868015289307
7092,2,SEVERE,0.6415836215019226,1.2371232509613037
7093,2,SEVERE,0.5834463834762573,1.3175573348999023
7094,2,SEVERE,0.5260206460952759,1.2699047327041626
7095,2,SEVERE,0.6506421566009521,1.1951518058776855
7096,2,SEVERE,0.5740883350372314,1.2849833965301514
7097,0,LOW,0.551550030708313,2.0772511959075928
7098,2,SEVERE,0.7097353339195251,1.4764018058776855
7099,2,SEVERE,0.44320857524871826,1.4734785556793213
7100,2,SEVERE,0.768165111541748,1.6205278635025024
7101,2,SEVERE,0.655191957950592,1.2711753845214844
7102,2,SEVERE,0.42656517028808594,1.5161296129226685
7103,0,LOW,0.4752519726753235,1.246537446975708
7104,2,SEVERE,0.37583544850349426,1.5388951301574707
7105,2,SEVERE,0.6122694611549377,1.178390383720398
7106,1,MODERATE,0.4956773817539215,0.7470664978027344
7107,2,SEVERE,0.6865202188491821,1.795596718788147
7108,0,LOW,0.5969501733779907,2.0269784927368164
7109,2,SEVERE,0.46940094232559204,1.2138131856918335
7110,1,MODERATE,0.36079782247543335,0.663159191608429
7111,2,SEVERE,0.5156060457229614,1.2481192350387573
7112,2,SEVERE,0.5226722359657288,1.134957194328308
7113,2,SEVERE,0.510080099105835,1.1625524759292603
7114,0,LOW,0.37286999821662903,1.0215353965759277
7115,2,SEVERE,0.43602892756462097,1.1405397653579712
7116,1,MODERATE,0.3697075843811035,0.7166892290115356
7117,2,SEVERE,0.37038156390190125,1.0590013265609741
7118,0,LOW,0.3632858097553253,0.611706554889679
7119,2,SEVERE,0.3846745491027832,1.0793672800064087
7120,1,MODERATE,0.3879466950893402,0.7053418755531311
7121,2,SEVERE,0.5342540740966797,1.1721775531768799
7122,1,MODERATE,0.3865004777908325,0.6794933676719666
7123,0,LOW,0.43408748507499695,0.5291504859924316
7124,0,LOW,0.3724351227283478,0.3035625219345093
7125,0,LOW,0.4780173599720001,0.6432288289070129
7126,0,LOW,0.5106924772262573,0.5721279978752136
7127,0,LOW,0.5001643300056458,0.5269203186035156
7128,0,LOW,0.5152815580368042,0.6822742223739624
7129,0,LOW,0.41864970326423645,0.36497974395751953
7130,0,LOW,0.35284626483917236,0.5686401128768921
7131,1,MODERATE,0.37831446528434753,0.7097799181938171
7132,0,LOW,0.35165560245513916,0.5414373278617859
7133,0,LOW,0.5792350172996521,0.7076948881149292
7134,0,LOW,0.5503018498420715,0.7009751796722412
7135,0,LOW,0.6485587358474731,1.1292884349822998
7136,1,MODERATE,0.5676928162574768,1.033632516860962
7137,1,MODERATE,0.428599089384079,0.851754903793335
7138,0,LOW,0.38621532917022705,0.5286389589309692
7139,0,LOW,0.47072258591651917,0.6219445466995239
7140,1,MODERATE,0.3956593871116638,0.5776249766349792
7141,1,MODERATE,0.4501972794532776,0.6581562757492065
7142,0,LOW,0.4852677881717682,0.5090562105178833
7143,0,LOW,0.5405752658843994,0.6246848106384277
7144,0,LOW,0.4840032458305359,0.5979949235916138
7145,0,LOW,0.4792303442955017,0.5774316787719727
7146,0,LOW,0.6244237422943115,0.8821818232536316
7147,0,LOW,0.4795588254928589,0.5050577521324158
7148,0,LOW,0.5816017389297485,0.6019555926322937
7149,0,LOW,0.5135090351104736,0.5554510951042175
7150,1,MODERATE,0.41139549016952515,0.5964762568473816
7151,0,LOW,0.6094278693199158,0.8020745515823364
7152,0,LOW,0.7288569211959839,1.2955195903778076
7153,0,LOW,0.46117016673088074,0.736750602722168
7154,0,LOW,0.621217668056488,0.700592577457428
7155,0,LOW,0.526064932346344,0.6302037239074707
7156,0,LOW,0.6035940051078796,1.2151360511779785
7157,0,LOW,0.5308419466018677,0.6522773504257202
7158,0,LOW,0.5117997527122498,0.6000449061393738
7159,0,LOW,0.37997734546661377,0.8623870611190796
7160,1,MODERATE,0.4289608299732208,0.8124285936355591
7161,0,LOW,0.6810802817344666,0.8510542511940002
7162,0,LOW,0.6667593717575073,0.804840087890625
7163,0,LOW,0.49565577507019043,0.8573962450027466
7164,0,LOW,0.6885249614715576,0.8069581985473633
7165,0,LOW,0.7012352347373962,0.8650012016296387
7166,0,LOW,0.7383090257644653,1.1526761054992676
7167,0,LOW,0.6531257629394531,0.8920842409133911
7168,0,LOW,0.6289821267127991,0.7777000069618225
7169,0,LOW,0.6567692160606384,0.975188136100769
7170,0,LOW,0.7463414669036865,1.0424375534057617
7171,0,LOW,0.7410693168640137,1.1670901775360107
7172,0,LOW,0.6968221664428711,0.9334083199501038
7173,0,LOW,0.6530544757843018,0.9253299832344055
7174,0,LOW,0.5574122071266174,0.7166723608970642
7175,0,LOW,0.551156759262085,0.655754804611206
7176,0,LOW,0.7129878997802734,1.141688346862793
7177,0,LOW,0.5050451755523682,0.42531687021255493
7178,0,LOW,0.438191294670105,0.46702492237091064
7179,0,LOW,0.7162608504295349,1.224399209022522
7180,0,LOW,0.6644810438156128,0.7572300434112549
7181,0,LOW,0.6358873844146729,0.6963838934898376
7182,0,LOW,0.5529519319534302,0.5642756223678589
7183,1,MODERATE,0.5501347184181213,0.9408310651779175
7184,0,LOW,0.5331931114196777,0.4549008905887604
7185,0,LOW,0.5090177059173584,0.6695547103881836
7186,1,MODERATE,0.4467623233795166,0.9330017566680908
7187,0,LOW,0.6259045600891113,0.7654166221618652
7188,0,LOW,0.7434278726577759,1.218227505683899
7189,1,MODERATE,0.40737998485565186,0.6256200671195984
7190,0,LOW,0.49425607919692993,0.6656665205955505
7191,0,LOW,0.6395744681358337,1.103508472442627
7192,1,MODERATE,0.4606728255748749,0.98842453956604
7193,0,LOW,0.614844799041748,0.9054070115089417
7194,0,LOW,0.5762156844139099,0.6745064854621887
7195,0,LOW,0.632918655872345,0.842523992061615
7196,0,LOW,0.6384034156799316,0.8550359010696411
7197,0,LOW,0.49930715560913086,0.6036592125892639
7198,0,LOW,0.5977501273155212,0.6704739332199097
7199,0,LOW,0.6218740940093994,0.8386934995651245
7200,0,LOW,0.46938303112983704,0.5734630823135376
7201,0,LOW,0.6862127780914307,1.045248031616211
7202,0,LOW,0.5493553280830383,0.7565538287162781
7203,0,LOW,0.6320873498916626,0.7455345392227173
7204,0,LOW,0.6824289560317993,1.0592761039733887
7205,0,LOW,0.5884339809417725,0.5522183179855347
7206,0,LOW,0.5933097004890442,0.8876234292984009
7207,0,LOW,0.4839356243610382,0.553040623664856
7208,0,LOW,0.5305265784263611,0.5874215960502625
7209,0,LOW,0.44546952843666077,0.5949874520301819
7210,0,LOW,0.6379095315933228,0.7350341081619263
7211,0,LOW,0.6892340183258057,1.0588874816894531
7212,0,LOW,0.6404843926429749,0.879902720451355
7213,0,LOW,0.6386711001396179,0.8767663240432739
7214,0,LOW,0.5876568555831909,0.5640185475349426
7215,0,LOW,0.5886535048484802,0.6746327877044678
7216,0,LOW,0.4395716190338135,0.634032130241394
7217,0,LOW,0.5299534797668457,0.6296793818473816
7218,0,LOW,0.605601966381073,0.6653164029121399
7219,0,LOW,0.5469070076942444,0.5586370825767517
7220,1,MODERATE,0.5553078055381775,0.8686176538467407
7221,0,LOW,0.5893890857696533,1.0332353115081787
7222,0,LOW,0.5569705963134766,0.6006814241409302
7223,0,LOW,0.6085167527198792,0.9099717736244202
7224,0,LOW,0.47456708550453186,0.46709516644477844
7225,0,LOW,0.44843965768814087,0.3832937180995941
7226,0,LOW,0.3951380252838135,0.4621582329273224
7227,0,LOW,0.40650674700737,0.4057057499885559
7228,1,MODERATE,0.4069564938545227,0.7443695068359375
7229,0,LOW,0.571483850479126,1.131059169769287
7230,2,SEVERE,0.5540863275527954,1.8401250839233398
7231,1,MODERATE,0.43179142475128174,0.5563279390335083
7232,0,LOW,0.4945652484893799,0.45031705498695374
7233,0,LOW,0.572185754776001,0.6547396779060364
7234,0,LOW,0.5260822772979736,0.5423176288604736
7235,0,LOW,0.45584404468536377,0.5334732532501221
7236,0,LOW,0.5188203454017639,0.51645427942276
7237,0,LOW,0.46522805094718933,0.5539405941963196
7238,0,LOW,0.4917813837528229,0.6336188912391663
7239,1,MODERATE,0.49286535382270813,1.235833764076233
7240,0,LOW,0.43859997391700745,0.5359452366828918
7241,0,LOW,0.57110595703125,0.7628902196884155
7242,0,LOW,0.46916675567626953,0.5766907334327698
7243,0,LOW,0.49339672923088074,0.7520749568939209
7244,0,LOW,0.47015830874443054,0.5957049131393433
7245,2,SEVERE,0.4333145022392273,1.9295790195465088
7246,2,SEVERE,0.44642186164855957,1.9500335454940796
7247,0,LOW,0.43841734528541565,1.1829453706741333
7248,0,LOW,0.37373802065849304,0.9292908906936646
7249,0,LOW,0.43492358922958374,0.6208199858665466
7250,0,LOW,0.4817964434623718,0.8060281872749329
7251,0,LOW,0.6329342722892761,1.1421517133712769
7252,0,LOW,0.7349432706832886,1.3884128332138062
7253,0,LOW,0.6782854795455933,1.0029047727584839
7254,0,LOW,0.5734987258911133,0.7357468008995056
7255,0,LOW,0.6618298292160034,0.7286028265953064
7256,0,LOW,0.7336009740829468,1.3569883108139038
7257,0,LOW,0.7547728419303894,1.0863497257232666
7258,0,LOW,0.473124235868454,0.9723107218742371
7259,0,LOW,0.788719892501831,1.1026954650878906
7260,0,LOW,0.5590153336524963,1.0325095653533936
7261,0,LOW,0.6801822781562805,1.1925071477890015
7262,0,LOW,0.5996484160423279,0.7370994091033936
7263,0,LOW,0.546113908290863,0.7328336834907532
7264,0,LOW,0.5438865423202515,0.6600869297981262
7265,0,LOW,0.5142967104911804,0.7459527850151062
7266,0,LOW,0.7071030735969543,1.3304420709609985
7267,0,LOW,0.6403694748878479,0.8920424580574036
7268,1,MODERATE,0.5178857445716858,1.2573742866516113
7269,0,LOW,0.47400036454200745,1.3445048332214355
7270,0,LOW,0.4851453900337219,0.9013749957084656
7271,0,LOW,0.4951343536376953,1.1102678775787354
7272,0,LOW,0.7534652352333069,1.2231251001358032
7273,0,LOW,0.6879493594169617,1.0608904361724854
7274,0,LOW,0.6641007661819458,0.8215707540512085
7275,0,LOW,0.7587894201278687,1.408705472946167
7276,0,LOW,0.5032720565795898,0.6936044692993164
7277,0,LOW,0.6356101632118225,0.8546963930130005
7278,0,LOW,0.6192702651023865,0.922704815864563
7279,0,LOW,0.716048538684845,1.2060213088989258
7280,0,LOW,0.6292851567268372,1.1506974697113037
7281,0,LOW,0.5110523104667664,0.8013170957565308
7282,0,LOW,0.4781302511692047,0.7357032299041748
7283,0,LOW,0.6002262830734253,0.7043864130973816
7284,0,LOW,0.5663094520568848,0.7435207366943359
7285,0,LOW,0.5445961952209473,0.7587189674377441
7286,0,LOW,0.5698308348655701,0.8499614596366882
7287,0,LOW,0.627690315246582,0.9393852949142456
7288,0,LOW,0.6124167442321777,0.7986487746238708
7289,0,LOW,0.5888189673423767,0.7841531038284302
7290,0,LOW,0.5927510857582092,0.7804505825042725
7291,0,LOW,0.6185821294784546,0.8261337280273438
7292,0,LOW,0.562118649482727,0.8037433624267578
7293,0,LOW,0.5710519552230835,1.1594598293304443
7294,0,LOW,0.5174667239189148,0.5689797401428223
7295,0,LOW,0.5304853916168213,0.5680353045463562
7296,1,MODERATE,0.5239098072052002,1.2386302947998047
7297,0,LOW,0.5013857483863831,0.6624335646629333
7298,0,LOW,0.6768478751182556,1.0423355102539062
7299,0,LOW,0.5766622424125671,0.8406113386154175
7300,0,LOW,0.5948619246482849,0.8327698707580566
7301,0,LOW,0.5457731485366821,0.8972334265708923
7302,0,LOW,0.46809840202331543,0.6070332527160645
7303,1,MODERATE,0.525812029838562,0.9237040281295776
7304,1,MODERATE,0.45474302768707275,1.1446857452392578
7305,1,MODERATE,0.513748824596405,0.9259738326072693
7306,1,MODERATE,0.5973082780838013,1.240530252456665
7307,1,MODERATE,0.5613184571266174,0.9144384264945984
7308,1,MODERATE,0.5439618229866028,0.9570261240005493
7309,1,MODERATE,0.6002453565597534,1.027707576751709
7310,0,LOW,0.47001880407333374,0.8559558987617493
7311,1,MODERATE,0.6139922738075256,0.8752079010009766
7312,1,MODERATE,0.6861935257911682,1.1467655897140503
7313,1,MODERATE,0.5164068341255188,0.9740551710128784
7314,1,MODERATE,0.615077555179596,1.043459415435791
7315,1,MODERATE,0.5441747903823853,0.8330249786376953
7316,1,MODERATE,0.6696176528930664,1.1666769981384277
7317,0,LOW,0.5537475347518921,1.1395738124847412
7318,1,MODERATE,0.6015960574150085,0.7717438340187073
7319,1,MODERATE,0.5972946286201477,0.9770771265029907
7320,1,MODERATE,0.4697768986225128,1.248227596282959
7321,1,MODERATE,0.6043477654457092,0.9707848429679871
7322,0,LOW,0.5309975147247314,0.837408185005188
7323,1,MODERATE,0.5298444032669067,0.9130346775054932
7324,1,MODERATE,0.5804101228713989,0.8503279685974121
7325,1,MODERATE,0.6017692685127258,0.860277533531189
7326,1,MODERATE,0.46602389216423035,1.135370135307312
7327,1,MODERATE,0.5179441571235657,0.8420213460922241
7328,1,MODERATE,0.5766310095787048,0.6963807344436646
7329,1,MODERATE,0.6874602437019348,1.207820177078247
7330,1,MODERATE,0.5417562127113342,0.8655304908752441
7331,1,MODERATE,0.5515171885490417,0.9867397546768188
7332,1,MODERATE,0.6060605049133301,1.1548960208892822
7333,1,MODERATE,0.5322422385215759,0.945583701133728
7334,1,MODERATE,0.6267147064208984,0.987012505531311
7335,1,MODERATE,0.5155853629112244,1.0089542865753174
7336,1,MODERATE,0.520051121711731,1.186123013496399
7337,1,MODERATE,0.6365742683410645,0.9376625418663025
7338,1,MODERATE,0.6365742683410645,0.9402661919593811
7339,1,MODERATE,0.5452994704246521,1.0012681484222412
7340,1,MODERATE,0.621202290058136,0.9125319123268127
7341,1,MODERATE,0.5694122314453125,0.867224931716919
7342,1,MODERATE,0.5799300074577332,0.7965916395187378
7343,1,MODERATE,0.5182512998580933,0.8329970836639404
7344,1,MODERATE,0.48676183819770813,0.640133261680603
7345,1,MODERATE,0.5575661659240723,0.6600161194801331
7346,0,LOW,0.47381091117858887,0.6365371942520142
7347,1,MODERATE,0.4947778284549713,0.8087809085845947
7348,0,LOW,0.4643915891647339,0.34315523505210876
7349,1,MODERATE,0.6231351494789124,0.9308111667633057
7350,1,MODERATE,0.5618773698806763,0.9460307359695435
7351,1,MODERATE,0.5661554336547852,0.850608229637146
7352,0,LOW,0.5946992039680481,1.4321882724761963
7353,1,MODERATE,0.46481621265411377,1.0482734441757202
7354,1,MODERATE,0.46574071049690247,1.1743395328521729
7355,1,MODERATE,0.5507780313491821,0.9820702075958252
7356,0,LOW,0.4242859184741974,0.49465811252593994
7357,1,MODERATE,0.5366061925888062,0.7342343926429749
7358,1,MODERATE,0.6006696224212646,0.8638818264007568
7359,1,MODERATE,0.4673827588558197,1.2806215286254883
7360,1,MODERATE,0.5229750871658325,0.8574862480163574
7361,1,MODERATE,0.7302289605140686,1.0702226161956787
7362,1,MODERATE,0.5086731910705566,0.8364335894584656
7363,0,LOW,0.4728093445301056,0.4652492105960846
7364,0,LOW,0.48417171835899353,0.5130935311317444
7365,1,MODERATE,0.5383751392364502,0.6527020931243896
7366,0,LOW,0.48515957593917847,0.5425766706466675
7367,1,MODERATE,0.49684518575668335,0.6126969456672668
7368,0,LOW,0.5542199015617371,0.49192026257514954
7369,0,LOW,0.5351639986038208,0.5851166844367981
7370,0,LOW,0.575255811214447,0.5980960130691528
7371,0,LOW,0.4947052001953125,0.6390321850776672
7372,0,LOW,0.6745975613594055,1.0900059938430786
7373,0,LOW,0.5895090699195862,0.706131637096405
7374,0,LOW,0.7067148089408875,0.8845398426055908
7375,0,LOW,0.6867103576660156,0.8366248607635498
7376,0,LOW,0.7413343787193298,0.9117286801338196
7377,0,LOW,0.766616702079773,0.9781770706176758
7378,0,LOW,0.6013311743736267,1.0066685676574707
7379,0,LOW,0.6588922142982483,0.7542749643325806
7380,0,LOW,0.7049779295921326,1.1814528703689575
7381,0,LOW,0.6881029605865479,0.9357998371124268
7382,0,LOW,0.689092218875885,0.9276129603385925
7383,0,LOW,0.6282309293746948,0.7940286993980408
7384,0,LOW,0.7685390114784241,1.1751115322113037
7385,0,LOW,0.6807779669761658,0.981511116027832
7386,0,LOW,0.7253028750419617,1.0579286813735962
7387,0,LOW,0.6497631072998047,0.7448633909225464
7388,0,LOW,0.7363309264183044,1.1500141620635986
7389,0,LOW,0.5273388624191284,0.6728569865226746
7390,0,LOW,0.6505273580551147,0.746080219745636
7391,0,LOW,0.6431645750999451,0.6986456513404846
7392,0,LOW,0.6188266277313232,0.6969519257545471
7393,0,LOW,0.7449571490287781,1.2125263214111328
7394,0,LOW,0.6700218915939331,0.9892971515655518
7395,0,LOW,0.6486591696739197,0.9425933957099915
7396,0,LOW,0.6445701718330383,1.039247751235962
7397,0,LOW,0.5660139322280884,1.06108558177948
7398,0,LOW,0.7525402307510376,1.1306416988372803
7399,0,LOW,0.686657190322876,0.9380573034286499
7400,0,LOW,0.7666851878166199,1.2251267433166504
7401,0,LOW,0.8037510514259338,1.414914846420288
7402,0,LOW,0.772453248500824,1.2695667743682861
7403,0,LOW,0.7981038093566895,1.3431694507598877
7404,0,LOW,0.7252853512763977,1.0530656576156616
7405,0,LOW,0.7771822810173035,1.1948162317276
7406,0,LOW,0.8447147011756897,1.6790413856506348
7407,0,LOW,0.5903977751731873,0.713483989238739
7408,0,LOW,0.5591989159584045,0.7355374693870544
7409,0,LOW,0.7081599235534668,1.112220287322998
7410,0,LOW,0.5826267600059509,0.746178150177002
7411,0,LOW,0.6716399192810059,0.9485467076301575
7412,0,LOW,0.6738999485969543,0.9408127069473267
7413,2,SEVERE,0.5221579670906067,1.6656169891357422
7414,0,LOW,0.7421761751174927,1.2608381509780884
7415,0,LOW,0.6717943549156189,0.9930949211120605
7416,0,LOW,0.693032443523407,1.111194372177124
7417,0,LOW,0.6849880218505859,0.9862751364707947
7418,0,LOW,0.6885679960250854,1.0065838098526
7419,0,LOW,0.6369697451591492,0.878021240234375
7420,0,LOW,0.6924684643745422,1.0521085262298584
7421,0,LOW,0.7410515546798706,0.9434117078781128
7422,0,LOW,0.585874617099762,0.933925986289978
7423,0,LOW,0.7910873293876648,1.1693620681762695
7424,1,MODERATE,0.5699387192726135,1.2152976989746094
7425,0,LOW,0.6632079482078552,0.7237294912338257
7426,0,LOW,0.7754955291748047,1.2211711406707764
7427,0,LOW,0.7168691754341125,1.087613821029663
7428,0,LOW,0.8739771246910095,1.8713101148605347
7429,0,LOW,0.7152388095855713,1.2043955326080322
7430,0,LOW,0.7159982323646545,1.1550066471099854
7431,0,LOW,0.745438277721405,1.0934169292449951
7432,0,LOW,0.7686981558799744,1.2857658863067627
7433,0,LOW,0.7741203904151917,1.5042307376861572
7434,0,LOW,0.8193064332008362,1.4722238779067993
7435,0,LOW,0.6652899980545044,0.9204655289649963
7436,0,LOW,0.7248510122299194,1.0499898195266724
7437,0,LOW,0.7837426066398621,1.291579246520996
7438,0,LOW,0.6292827725410461,0.8972401022911072
7439,0,LOW,0.6604095697402954,1.0408861637115479
7440,0,LOW,0.525214672088623,1.1795989274978638
7441,0,LOW,0.7300570011138916,1.1168948411941528
7442,0,LOW,0.8226355314254761,1.394091010093689
7443,0,LOW,0.5696712732315063,1.1682462692260742
7444,0,LOW,0.5576823353767395,1.4400219917297363
7445,0,LOW,0.4461846649646759,0.8729270696640015
7446,0,LOW,0.5819586515426636,0.7688350081443787
7447,0,LOW,0.7571479678153992,1.1132041215896606
7448,0,LOW,0.8080328702926636,1.776940941810608
7449,0,LOW,0.7923433780670166,1.3137987852096558
7450,0,LOW,0.7612375020980835,1.0990873575210571
7451,0,LOW,0.7201991677284241,0.9926096200942993
7452,0,LOW,0.6300504207611084,0.7052703499794006
7453,0,LOW,0.58499675989151,0.8526796102523804
7454,0,LOW,0.690615713596344,1.0915924310684204
7455,0,LOW,0.5285328030586243,0.8807783126831055
7456,0,LOW,0.48412325978279114,0.693386971950531
7457,0,LOW,0.4821467995643616,0.6669961214065552
7458,0,LOW,0.5076984167098999,0.7592296004295349
7459,0,LOW,0.6523073315620422,1.0256292819976807
7460,0,LOW,0.45728904008865356,0.9129734635353088
7461,0,LOW,0.5842217206954956,0.9092016220092773
7462,0,LOW,0.4251236021518707,0.7253740429878235
7463,0,LOW,0.45263996720314026,0.511255145072937
7464,0,LOW,0.7281739711761475,1.6501963138580322
7465,0,LOW,0.48670336604118347,0.5680334568023682
7466,0,LOW,0.42188018560409546,0.7441118955612183
7467,0,LOW,0.3829180896282196,0.3794274926185608
7468,0,LOW,0.41546356678009033,0.3995872139930725
7469,0,LOW,0.5050666332244873,0.7294159531593323
7470,0,LOW,0.41827645897865295,0.94374018907547
7471,1,MODERATE,0.4237220585346222,1.0857123136520386
7472,2,SEVERE,0.4115560054779053,0.8167763352394104
7473,0,LOW,0.4142942428588867,0.5664272308349609
7474,2,SEVERE,0.4564191699028015,0.9098595380783081
7475,0,LOW,0.5983366370201111,1.1846814155578613
7476,0,LOW,0.4896174669265747,0.7235942482948303
7477,2,SEVERE,0.695982813835144,1.4607917070388794
7478,0,LOW,0.6191310286521912,1.2268919944763184
7479,0,LOW,0.3905492126941681,0.45924627780914307
7480,0,LOW,0.48015689849853516,0.6263889074325562
7481,0,LOW,0.41917017102241516,0.6921690702438354
7482,0,LOW,0.4786086976528168,0.6952571272850037
7483,0,LOW,0.41900116205215454,0.46725836396217346
7484,2,SEVERE,0.43610966205596924,0.8887448906898499
7485,0,LOW,0.4188385009765625,0.6837803721427917
7486,0,LOW,0.5759477019309998,1.031469464302063
7487,1,MODERATE,0.40031328797340393,1.1774691343307495
7488,2,SEVERE,0.443755567073822,0.8873544335365295
7489,1,MODERATE,0.40624380111694336,1.1980698108673096
7490,0,LOW,0.4636554419994354,0.7047326564788818
7491,2,SEVERE,0.4409625232219696,0.9203901290893555
7492,2,SEVERE,0.46835893392562866,1.0056934356689453
7493,2,SEVERE,0.46835893392562866,1.0056934356689453
7494,0,LOW,0.47001489996910095,0.8281174898147583
7495,2,SEVERE,0.5086329579353333,1.0613021850585938
7496,2,SEVERE,0.3999573886394501,1.118308186531067
7497,1,MODERATE,0.36226487159729004,1.0159738063812256
7498,1,MODERATE,0.5163694024085999,0.9614667296409607
7499,0,LOW,0.49714040756225586,0.6167086362838745
7500,0,LOW,0.420381098985672,0.3085719347000122
7501,2,SEVERE,0.7966095805168152,1.8659684658050537
7502,2,SEVERE,0.40012383460998535,1.077231764793396
7503,2,SEVERE,0.47654569149017334,0.9990377426147461
7504,0,LOW,0.3910212814807892,0.359512060880661
7505,2,SEVERE,0.46648108959198,1.1028716564178467
7506,2,SEVERE,0.5141022801399231,1.1489307880401611
7507,0,LOW,0.38140156865119934,0.38728928565979004
7508,2,SEVERE,0.45822009444236755,0.9910975694656372
7509,2,SEVERE,0.36261874437332153,0.9675812721252441
7510,2,SEVERE,0.43613606691360474,0.9765369892120361
7511,2,SEVERE,0.4008629024028778,1.0415921211242676
7512,2,SEVERE,0.47075074911117554,1.058580994606018
7513,1,MODERATE,0.399513840675354,0.8779268264770508
7514,0,LOW,0.35216206312179565,0.5638970732688904
7515,0,LOW,0.47718799114227295,0.6808171272277832
7516,2,SEVERE,0.4035791754722595,1.116774320602417
7517,0,LOW,0.6591495871543884,1.5963542461395264
7518,0,LOW,0.40681344270706177,0.5428118109703064
7519,2,SEVERE,0.4413345754146576,0.911344587802887
7520,2,SEVERE,0.44258251786231995,0.9254560470581055
7521,2,SEVERE,0.45695918798446655,0.9241175651550293
7522,2,SEVERE,0.48367178440093994,1.0230741500854492
7523,2,SEVERE,0.40392205119132996,0.9619437456130981
7524,2,SEVERE,0.49929842352867126,0.8920796513557434
7525,1,MODERATE,0.3804495632648468,0.8074514865875244
7526,0,LOW,0.45438486337661743,0.7642615437507629
7527,0,LOW,0.4246577322483063,0.7398864030838013
7528,2,SEVERE,0.38487470149993896,1.0896670818328857
7529,2,SEVERE,0.37664759159088135,1.3583341836929321
7530,1,MODERATE,0.43871232867240906,1.127784013748169
7531,2,SEVERE,0.7654125690460205,2.060706853866577
7532,2,SEVERE,0.44145074486732483,0.9245387315750122
7533,2,SEVERE,0.4835197925567627,0.9323357343673706
7534,2,SEVERE,0.43198278546333313,0.9908696413040161
7535,2,SEVERE,0.41179585456848145,0.997174859046936
7536,0,LOW,0.49735358357429504,0.805612325668335
7537,2,SEVERE,0.42243432998657227,0.9609472751617432
7538,2,SEVERE,0.4607082009315491,1.0026493072509766
7539,0,LOW,0.464885413646698,0.8206961154937744
7540,0,LOW,0.41369765996932983,0.7296208739280701
7541,0,LOW,0.6661151051521301,1.3118562698364258
7542,2,SEVERE,0.4451088309288025,0.9575827121734619
7543,2,SEVERE,0.4309500455856323,1.0203351974487305
7544,0,LOW,0.517026424407959,0.7581864595413208
7545,0,LOW,0.43267199397087097,0.5421186089515686
7546,2,SEVERE,0.5077733397483826,1.055949330329895
7547,2,SEVERE,0.5121144652366638,1.1280148029327393
7548,0,LOW,0.695776104927063,1.6671299934387207
7549,2,SEVERE,0.5610567927360535,1.054122805595398
7550,2,SEVERE,0.4326673448085785,0.929416298866272
7551,2,SEVERE,0.4568072259426117,0.9688326716423035
7552,2,SEVERE,0.4489157795906067,0.9834404587745667
7553,2,SEVERE,0.5104373693466187,1.0009667873382568
7554,2,SEVERE,0.5338677167892456,1.1709301471710205
7555,1,MODERATE,0.4305725395679474,1.085484504699707
7556,2,SEVERE,0.5257382988929749,0.9353014826774597
7557,0,LOW,0.48700791597366333,1.3239768743515015
7558,2,SEVERE,0.5596137642860413,1.1048383712768555
7559,2,SEVERE,0.5347854495048523,0.9943825602531433
7560,2,SEVERE,0.5014200210571289,1.0288249254226685
7561,2,SEVERE,0.5376385450363159,0.9562253952026367
7562,0,LOW,0.8336648344993591,1.7862533330917358
7563,0,LOW,0.5836803317070007,1.5717175006866455
7564,2,SEVERE,0.43673956394195557,1.22747802734375
7565,1,MODERATE,0.41004088521003723,0.8212978839874268
7566,2,SEVERE,0.432962030172348,0.9272751212120056
7567,0,LOW,0.3570224642753601,0.39970093965530396
7568,0,LOW,0.5117208361625671,1.4288384914398193
7569,2,SEVERE,0.5587478876113892,0.9395126104354858
7570,1,MODERATE,0.3863064646720886,0.9037283658981323
7571,2,SEVERE,0.6244342923164368,1.0858057737350464
7572,2,SEVERE,0.43410271406173706,1.1926376819610596
7573,2,SEVERE,0.4519505500793457,1.3608903884887695
7574,2,SEVERE,0.4907461702823639,0.878415048122406
7575,2,SEVERE,0.6032721996307373,1.022290587425232
7576,2,SEVERE,0.5546212196350098,0.945407509803772
7577,2,SEVERE,0.451585590839386,0.9141882658004761
7578,1,MODERATE,0.41088923811912537,1.0735979080200195
7579,2,SEVERE,0.344550758600235,1.2352442741394043
7580,2,SEVERE,0.4961785674095154,0.9887217283248901
7581,2,SEVERE,0.4492250382900238,0.9874677062034607
7582,2,SEVERE,0.5551862120628357,1.0686955451965332
7583,2,SEVERE,0.46820929646492004,0.945929765701294
7584,0,LOW,0.37449127435684204,0.4627613425254822
7585,2,SEVERE,0.43248358368873596,1.1356027126312256
7586,2,SEVERE,0.483233243227005,0.962358295917511
7587,2,SEVERE,0.5732988715171814,1.0004665851593018
7588,2,SEVERE,0.576453685760498,1.0222325325012207
7589,2,SEVERE,0.6475640535354614,1.175623893737793
7590,2,SEVERE,0.4161972403526306,1.3227953910827637
7591,2,SEVERE,0.453971266746521,1.2000316381454468
7592,2,SEVERE,0.4604240357875824,1.054010272026062
7593,2,SEVERE,0.4788825809955597,1.0665745735168457
7594,2,SEVERE,0.6602967381477356,1.2295260429382324
7595,2,SEVERE,0.8171178102493286,1.9080896377563477
7596,2,SEVERE,0.37686219811439514,1.2824418544769287
7597,2,SEVERE,0.5773657560348511,1.0829851627349854
7598,2,SEVERE,0.6252878904342651,1.1468514204025269
7599,2,SEVERE,0.5648192763328552,1.0727062225341797
7600,2,SEVERE,0.5382072925567627,1.149490475654602
7601,2,SEVERE,0.6136582493782043,1.1482852697372437
7602,2,SEVERE,0.669339656829834,1.205857753753662
7603,2,SEVERE,0.562597930431366,0.9740437865257263
7604,2,SEVERE,0.5126436948776245,1.055715560913086
7605,2,SEVERE,0.682282567024231,1.2653131484985352
7606,2,SEVERE,0.6120310425758362,1.1020900011062622
7607,2,SEVERE,0.44904953241348267,1.1455374956130981
7608,0,LOW,0.5061813592910767,1.3898591995239258
7609,2,SEVERE,0.5951013565063477,1.0915628671646118
7610,2,SEVERE,0.5906540751457214,1.1016379594802856
7611,2,SEVERE,0.5655286908149719,1.115549921989441
7612,2,SEVERE,0.6232684254646301,1.0928863286972046
7613,0,LOW,0.7257470488548279,1.8082807064056396
7614,2,SEVERE,0.6819108724594116,1.4297205209732056
7615,2,SEVERE,0.38302770256996155,1.299019455909729
7616,1,MODERATE,0.6570122241973877,1.6741080284118652
7617,2,SEVERE,0.6252414584159851,1.1087409257888794
7618,2,SEVERE,0.539077877998352,1.0364623069763184
7619,2,SEVERE,0.6376492381095886,1.3720104694366455
7620,2,SEVERE,0.8797094225883484,2.0534074306488037
7621,2,SEVERE,0.6025022864341736,1.0950623750686646
7622,2,SEVERE,0.5429863333702087,1.1779401302337646
7623,0,LOW,0.4715263247489929,1.4173115491867065
7624,2,SEVERE,0.7385469079017639,1.4639620780944824
7625,2,SEVERE,0.49616798758506775,1.1532365083694458
7626,2,SEVERE,0.6103110313415527,1.153278112411499
7627,2,SEVERE,0.5698286294937134,1.067423701286316
7628,2,SEVERE,0.44418269395828247,1.3222923278808594
7629,2,SEVERE,0.510595977306366,0.9769957065582275
7630,2,SEVERE,0.4934662878513336,1.147768497467041
7631,2,SEVERE,0.42652928829193115,1.1304445266723633
7632,2,SEVERE,0.5645757913589478,1.083923101425171
7633,2,SEVERE,0.6513885855674744,1.156687617301941
7634,2,SEVERE,0.8302068710327148,1.9219247102737427
7635,2,SEVERE,0.5505918860435486,1.084460973739624
7636,2,SEVERE,0.5531095862388611,1.0737175941467285
7637,2,SEVERE,0.4670563340187073,1.146674633026123
7638,2,SEVERE,0.43036583065986633,1.046669602394104
7639,2,SEVERE,0.42483609914779663,1.2341821193695068
7640,2,SEVERE,0.37815970182418823,1.2444500923156738
7641,2,SEVERE,0.5308075547218323,1.073534607887268
7642,2,SEVERE,0.6246829628944397,1.24102783203125
7643,2,SEVERE,0.36689484119415283,1.2572695016860962
7644,2,SEVERE,0.4695260524749756,1.0907585620880127
7645,2,SEVERE,0.5566222071647644,1.167149305343628
7646,2,SEVERE,0.39671993255615234,1.04230797290802
7647,2,SEVERE,0.4880789518356323,1.1364389657974243
7648,2,SEVERE,0.5393782258033752,1.1042912006378174
7649,2,SEVERE,0.7324234247207642,1.7218756675720215
7650,2,SEVERE,0.38238051533699036,1.048488736152649
7651,2,SEVERE,0.4288831651210785,1.0315102338790894
7652,2,SEVERE,0.5042360424995422,1.0701662302017212
7653,2,SEVERE,0.4075213372707367,1.0289840698242188
7654,2,SEVERE,0.42170998454093933,1.054856777191162
7655,2,SEVERE,0.4268808364868164,1.0953484773635864
7656,2,SEVERE,0.4803447425365448,1.0738016366958618
7657,2,SEVERE,0.5607643127441406,1.1894298791885376
7658,0,LOW,0.4625147581100464,0.6870921850204468
7659,2,SEVERE,0.4238124489784241,0.9950647354125977
7660,0,LOW,0.44561779499053955,0.6707288026809692
7661,0,LOW,0.3883967101573944,0.3334592878818512
7662,1,MODERATE,0.360934853553772,0.8484777212142944
7663,1,MODERATE,0.3857879638671875,1.0586148500442505
7664,0,LOW,0.37647101283073425,0.38959139585494995
7665,2,SEVERE,0.4804573655128479,1.0662921667099
7666,2,SEVERE,0.49287736415863037,0.9492115378379822
7667,2,SEVERE,0.4696955382823944,0.9050722122192383
7668,2,SEVERE,0.41540470719337463,0.9109068512916565
7669,2,SEVERE,0.40206319093704224,0.9574773907661438
7670,0,LOW,0.43856513500213623,0.7899722456932068
7671,2,SEVERE,0.4734460413455963,0.8904672265052795
7672,2,SEVERE,0.5377841591835022,1.1995973587036133
7673,0,LOW,0.429012268781662,0.7108895778656006
7674,2,SEVERE,0.7258211970329285,1.636849045753479
7675,2,SEVERE,0.4248296022415161,0.9913539886474609
7676,2,SEVERE,0.46948033571243286,0.9660685658454895
7677,0,LOW,0.40528005361557007,0.595307469367981
7678,2,SEVERE,0.44002607464790344,0.9537627100944519
7679,0,LOW,0.47196829319000244,0.7449908256530762
7680,2,SEVERE,0.3854833245277405,0.9285978078842163
7681,0,LOW,0.45697009563446045,0.4680672883987427
7682,2,SEVERE,0.5383395552635193,1.0850961208343506
7683,0,LOW,0.38596057891845703,0.5274820327758789
7684,2,SEVERE,0.4541540741920471,1.1142772436141968
7685,2,SEVERE,0.45498862862586975,1.046249508857727
7686,0,LOW,0.5281240344047546,0.7073570489883423
7687,0,LOW,0.4886080026626587,0.6413048505783081
7688,0,LOW,0.4524398744106293,0.5686907768249512
7689,2,SEVERE,0.5865450501441956,1.3815734386444092
7690,0,LOW,0.4117160737514496,0.4626252055168152
7691,1,MODERATE,0.39560770988464355,0.7261549234390259
7692,0,LOW,0.4012916088104248,0.47128939628601074
7693,0,LOW,0.40091919898986816,0.5394561290740967
7694,0,LOW,0.5178765058517456,0.7312335968017578
7695,0,LOW,0.5503413081169128,0.7371655106544495
7696,0,LOW,0.4870753288269043,0.594258189201355
7697,0,LOW,0.4086796045303345,0.7896274924278259
7698,0,LOW,0.36036545038223267,0.7040573358535767
7699,0,LOW,0.4542712867259979,0.570521354675293
7700,1,MODERATE,0.4191122055053711,1.126171588897705
7701,0,LOW,0.5332772731781006,0.692462682723999
7702,0,LOW,0.42195528745651245,0.3239894211292267
7703,0,LOW,0.44112348556518555,0.49989941716194153
7704,0,LOW,0.57248455286026,0.5333804488182068
7705,0,LOW,0.48564279079437256,0.6132383346557617
7706,0,LOW,0.5435595512390137,0.711326003074646
7707,0,LOW,0.47231870889663696,0.5082202553749084
7708,0,LOW,0.7461363673210144,1.355136513710022
7709,0,LOW,0.5005689263343811,0.6757996678352356
7710,0,LOW,0.5120118260383606,0.49796879291534424
7711,0,LOW,0.4125922620296478,0.6370115280151367
7712,0,LOW,0.6108275055885315,0.9904258251190186
7713,0,LOW,0.7061573266983032,1.0386648178100586
7714,0,LOW,0.7378256320953369,1.0893285274505615
7715,0,LOW,0.4108965992927551,0.6917007565498352
7716,0,LOW,0.4227549731731415,0.6819847822189331
7717,0,LOW,0.5273847579956055,0.6662077307701111
7718,0,LOW,0.7133186459541321,1.120558500289917
7719,0,LOW,0.7243860960006714,1.3199527263641357
7720,0,LOW,0.5849085450172424,0.6508801579475403
7721,0,LOW,0.6107468008995056,0.811591386795044
7722,0,LOW,0.7162418365478516,1.010814905166626
7723,1,MODERATE,0.4106873571872711,0.7094881534576416
7724,0,LOW,0.5596926808357239,0.665763795375824
7725,0,LOW,0.661436915397644,1.0321133136749268
7726,0,LOW,0.6207436323165894,0.8088725209236145
7727,0,LOW,0.7596703171730042,1.4370319843292236
7728,0,LOW,0.7305670976638794,1.00006103515625
7729,0,LOW,0.5778632164001465,0.7388858199119568
7730,0,LOW,0.5653140544891357,0.7692856192588806
7731,0,LOW,0.641200065612793,0.8171532154083252
7732,0,LOW,0.7021546363830566,1.2278834581375122
7733,0,LOW,0.6431856751441956,0.9409740567207336
7734,0,LOW,0.645198404788971,0.8336131572723389
7735,0,LOW,0.7394905090332031,1.262803077697754
7736,0,LOW,0.6249738931655884,0.7362783551216125
7737,0,LOW,0.56611168384552,0.608803927898407
7738,0,LOW,0.6002296209335327,0.6262985467910767
7739,1,MODERATE,0.6820297837257385,1.2747340202331543
7740,2,SEVERE,0.49857279658317566,1.8681950569152832
7741,0,LOW,0.5971900224685669,1.21365225315094
7742,0,LOW,0.5840691924095154,0.7556352019309998
7743,0,LOW,0.7096481323242188,0.9644023180007935
7744,1,MODERATE,0.6821758151054382,1.3230977058410645
7745,0,LOW,0.7245956659317017,0.9963226914405823
7746,0,LOW,0.6283658146858215,0.8875937461853027
7747,0,LOW,0.5447909832000732,0.8155345320701599
7748,0,LOW,0.6528123021125793,0.8265253305435181
7749,0,LOW,0.6641208529472351,0.8823567628860474
7750,0,LOW,0.6011353135108948,0.7261136770248413
7751,0,LOW,0.7475553154945374,1.0900788307189941
7752,0,LOW,0.6632760167121887,0.9633737206459045
7753,0,LOW,0.7153406143188477,1.068619966506958
7754,0,LOW,0.5549198985099792,0.9863466024398804
7755,0,LOW,0.7596176862716675,1.2331511974334717
7756,0,LOW,0.45215049386024475,0.7490538954734802
7757,0,LOW,0.5787901878356934,0.8363035321235657
7758,0,LOW,0.6445748805999756,0.7063636779785156
7759,0,LOW,0.6475672125816345,0.6595423817634583
7760,0,LOW,0.6021532416343689,0.8560349941253662
7761,0,LOW,0.514186441898346,0.6552689075469971
7762,0,LOW,0.600630521774292,0.7476468086242676
7763,0,LOW,0.6646323204040527,0.887713611125946
7764,0,LOW,0.7731757164001465,1.2696990966796875
7765,0,LOW,0.6282160878181458,0.6339914202690125
7766,0,LOW,0.6051497459411621,0.6713921427726746
7767,0,LOW,0.5876148343086243,0.6224809885025024
7768,0,LOW,0.4755897521972656,0.7213947772979736
7769,0,LOW,0.5277637839317322,0.6062427163124084
7770,0,LOW,0.5110821723937988,0.5373284220695496
7771,0,LOW,0.7167466878890991,1.0510648488998413
7772,0,LOW,0.5119091272354126,0.503231406211853
7773,0,LOW,0.6628578901290894,0.839629054069519
7774,0,LOW,0.611578643321991,0.985287070274353
7775,0,LOW,0.6472828388214111,0.7306565642356873
7776,0,LOW,0.5076463222503662,0.520018994808197
7777,0,LOW,0.7903390526771545,1.2659687995910645
7778,0,LOW,0.3694613575935364,0.8013582229614258
7779,2,SEVERE,0.5998440384864807,1.5967273712158203
7780,1,MODERATE,0.3735976219177246,0.631555438041687
7781,0,LOW,0.570637047290802,0.7050896286964417
7782,0,LOW,0.4979346692562103,0.5727258920669556
7783,0,LOW,0.5125590562820435,1.0423784255981445
7784,0,LOW,0.47721660137176514,0.6996856927871704
7785,0,LOW,0.5317641496658325,0.5036518573760986
7786,0,LOW,0.6540952324867249,0.8164289593696594
7787,0,LOW,0.5465460419654846,0.5954121351242065
7788,0,LOW,0.5626087784767151,0.7205675840377808
7789,1,MODERATE,0.562452495098114,0.8716062307357788
7790,0,LOW,0.48010170459747314,0.524132490158081
7791,1,MODERATE,0.6333752274513245,1.2697778940200806
7792,0,LOW,0.5594807267189026,0.6655495166778564
7793,0,LOW,0.5101608633995056,0.5612364411354065
7794,0,LOW,0.6504266262054443,0.7558737993240356
7795,0,LOW,0.41567954421043396,0.7597946524620056
7796,0,LOW,0.5858548879623413,0.5969278216362
7797,1,MODERATE,0.3963363468647003,0.7206764221191406
7798,0,LOW,0.5319932103157043,0.7414637804031372
7799,0,LOW,0.4829387962818146,0.5833189487457275
7800,0,LOW,0.5111072659492493,0.7005610466003418
7801,0,LOW,0.6499553918838501,1.0772920846939087
7802,0,LOW,0.6072559952735901,1.1264431476593018
7803,0,LOW,0.5612279772758484,0.8479832410812378
7804,0,LOW,0.6317473649978638,0.9211434125900269
7805,0,LOW,0.5783321261405945,0.7393360733985901
7806,0,LOW,0.48314231634140015,0.6843259334564209
7807,0,LOW,0.5466995239257812,0.6451343297958374
7808,0,LOW,0.780597448348999,1.4190038442611694
7809,0,LOW,0.6336893439292908,0.9170292615890503
7810,0,LOW,0.4646438658237457,0.5416650772094727
7811,1,MODERATE,0.6687448024749756,1.0347234010696411
7812,0,LOW,0.5067369341850281,0.5718424320220947
7813,0,LOW,0.43737733364105225,0.584413468837738
7814,0,LOW,0.45342180132865906,0.5511162281036377
7815,0,LOW,0.5377820730209351,0.7073938846588135
7816,0,LOW,0.6036450266838074,0.7576927542686462
7817,0,LOW,0.3879919648170471,1.202606439590454
7818,0,LOW,0.5532476305961609,0.7116249203681946
7819,0,LOW,0.615186333656311,1.0286729335784912
7820,1,MODERATE,0.4507615268230438,1.1185576915740967
7821,0,LOW,0.4822842478752136,0.5698718428611755
7822,0,LOW,0.4459315240383148,1.1887019872665405
7823,0,LOW,0.4898001253604889,1.2398279905319214
7824,0,LOW,0.4630201458930969,0.6398106813430786
7825,0,LOW,0.6076586246490479,0.6639876961708069
7826,0,LOW,0.4353979527950287,0.6353099346160889
7827,0,LOW,0.547017514705658,0.9269390106201172
7828,2,SEVERE,0.7589138746261597,1.8367457389831543
7829,2,SEVERE,0.7698240280151367,1.843691110610962
7830,2,SEVERE,0.7513562440872192,1.7474108934402466
7831,2,SEVERE,0.8739883899688721,2.2144956588745117
7832,2,SEVERE,0.7210622429847717,1.8186399936676025
7833,2,SEVERE,0.4949440658092499,1.5768271684646606
7834,0,LOW,0.45551878213882446,0.6852919459342957
7835,0,LOW,0.6242303252220154,1.0365321636199951
7836,0,LOW,0.5551212430000305,0.6103847026824951
7837,0,LOW,0.5600212812423706,0.47962191700935364
7838,0,LOW,0.6380432844161987,0.9048947691917419
7839,0,LOW,0.6138501167297363,0.8477973937988281
7840,0,LOW,0.6474830508232117,0.9174394607543945
7841,0,LOW,0.7548186779022217,1.1284905672073364
7842,0,LOW,0.8001781702041626,1.535386323928833
7843,0,LOW,0.5828941464424133,0.8309823870658875
7844,0,LOW,0.5491754412651062,0.7303230166435242
7845,0,LOW,0.669588029384613,0.9461460113525391
7846,0,LOW,0.6882247924804688,1.0477179288864136
7847,0,LOW,0.6792795062065125,0.7856961488723755
7848,0,LOW,0.7985273599624634,1.333075761795044
7849,1,MODERATE,0.3981187343597412,1.0776005983352661
7850,0,LOW,0.6730807423591614,1.0990220308303833
7851,0,LOW,0.5408217310905457,1.2040424346923828
7852,0,LOW,0.4527474641799927,1.2857615947723389
7853,0,LOW,0.6596203446388245,0.7947548031806946
7854,0,LOW,0.6593820452690125,1.341444969177246
7855,0,LOW,0.6443979144096375,0.9092262983322144
7856,0,LOW,0.6420145034790039,0.8504273891448975
7857,0,LOW,0.6441401839256287,0.9805411696434021
7858,0,LOW,0.674860417842865,0.924144983291626
7859,0,LOW,0.6699988842010498,0.8440914750099182
7860,0,LOW,0.6496669054031372,0.8655527234077454
7861,0,LOW,0.6664859652519226,0.8988297581672668
7862,0,LOW,0.5128437876701355,1.0360015630722046
7863,0,LOW,0.726492702960968,1.1556899547576904
7864,0,LOW,0.6900485157966614,1.1109739542007446
7865,0,LOW,0.7076451778411865,1.066882610321045
7866,0,LOW,0.5406182408332825,1.1351637840270996
7867,0,LOW,0.5142640471458435,0.9987564086914062
7868,0,LOW,0.6935904026031494,1.0057129859924316
7869,0,LOW,0.7057421803474426,1.0325924158096313
7870,0,LOW,0.6938601136207581,0.9938642382621765
7871,0,LOW,0.6321098208427429,0.8653421998023987
7872,0,LOW,0.7383758425712585,1.0722699165344238
7873,0,LOW,0.5749139189720154,1.3309296369552612
7874,0,LOW,0.6591548919677734,0.980991780757904
7875,0,LOW,0.6242474317550659,0.9382397532463074
7876,0,LOW,0.608643114566803,0.998185932636261
7877,0,LOW,0.7255241870880127,1.3818472623825073
7878,0,LOW,0.6697366237640381,0.8780244588851929
7879,0,LOW,0.6792766451835632,1.0168333053588867
7880,0,LOW,0.7315860390663147,1.1997648477554321
7881,0,LOW,0.6892798542976379,1.0283461809158325
7882,0,LOW,0.6627822518348694,1.1837228536605835
7883,0,LOW,0.5522540211677551,0.9320711493492126
7884,0,LOW,0.6575008630752563,0.9683229327201843
7885,0,LOW,0.7081767320632935,1.1841787099838257
7886,0,LOW,0.6815958023071289,1.472941279411316
7887,0,LOW,0.8405047655105591,1.8502850532531738
7888,0,LOW,0.7917540669441223,1.2356876134872437
7889,0,LOW,0.771164059638977,1.2840876579284668
7890,0,LOW,0.7434427738189697,1.467750906944275
7891,0,LOW,0.8232141137123108,1.4638214111328125
7892,0,LOW,0.6966879963874817,0.8828181028366089
7893,0,LOW,0.6742573380470276,1.0557985305786133
7894,0,LOW,0.5785584449768066,0.9753238558769226
7895,0,LOW,0.4693634510040283,0.7123839259147644
7896,1,MODERATE,0.5549964904785156,1.2435239553451538
7897,1,MODERATE,0.4577257037162781,0.9811978340148926
7898,0,LOW,0.625162661075592,0.988015353679657
7899,0,LOW,0.5522053837776184,1.1689139604568481
7900,0,LOW,0.563835620880127,1.5705987215042114
7901,0,LOW,0.6860417723655701,0.9687160849571228
7902,0,LOW,0.6904603242874146,1.3301159143447876
7903,0,LOW,0.5435203909873962,1.240298867225647
7904,0,LOW,0.7705492973327637,1.2431113719940186
7905,0,LOW,0.45989662408828735,1.5782419443130493
7906,0,LOW,0.621135413646698,0.7523929476737976
7907,0,LOW,0.7173188328742981,1.0583900213241577
7908,0,LOW,0.6726731061935425,0.928808867931366
7909,0,LOW,0.6549662947654724,0.9380916357040405
7910,0,LOW,0.657008707523346,0.9663446545600891
7911,0,LOW,0.6667063236236572,1.4285633563995361
7912,0,LOW,0.6225780844688416,0.8491194248199463
7913,0,LOW,0.6292908191680908,0.84560227394104
7914,0,LOW,0.6456006765365601,0.84560227394104
7915,0,LOW,0.698655903339386,0.846540629863739
7916,0,LOW,0.7141278386116028,1.4598307609558105
7917,0,LOW,0.5974341630935669,1.4775029420852661
7918,0,LOW,0.7573448419570923,1.1217223405838013
7919,0,LOW,0.6185539364814758,0.9117636680603027
7920,0,LOW,0.693236231803894,0.8348230123519897
7921,0,LOW,0.5746303200721741,0.9592587947845459
7922,0,LOW,0.7653750777244568,1.1713799238204956
7923,0,LOW,0.6792505979537964,0.9387606382369995
7924,0,LOW,0.8030398488044739,1.73223876953125
7925,0,LOW,0.5703179836273193,1.1819859743118286
7926,0,LOW,0.5324922204017639,0.9538597464561462
7927,0,LOW,0.6740866303443909,0.8090845346450806
7928,0,LOW,0.6143189668655396,0.8204264640808105
7929,0,LOW,0.7434378266334534,0.7984811067581177
7930,0,LOW,0.5561637878417969,0.82978355884552
7931,0,LOW,0.7626360058784485,1.1133580207824707
7932,0,LOW,0.7965409159660339,1.7296054363250732
7933,0,LOW,0.6534385681152344,0.7401571273803711
7934,0,LOW,0.6741739511489868,1.4222466945648193
7935,0,LOW,0.6867809891700745,0.9777030348777771
7936,0,LOW,0.5855893492698669,1.213209629058838
7937,0,LOW,0.5686864852905273,0.8014283180236816
7938,0,LOW,0.5676615834236145,0.8692190647125244
7939,0,LOW,0.6036050319671631,0.8040958642959595
7940,0,LOW,0.8091869950294495,1.2126059532165527
7941,0,LOW,0.7923802733421326,1.2009868621826172
7942,0,LOW,0.775259792804718,0.9792463779449463
7943,0,LOW,0.6394211649894714,0.789838969707489
7944,0,LOW,0.7902213931083679,1.1737580299377441
7945,0,LOW,0.8288578391075134,1.573974370956421
7946,0,LOW,0.7392167448997498,1.1068533658981323
7947,0,LOW,0.6168044805526733,0.9481794834136963
7948,0,LOW,0.7212908267974854,0.9709116220474243
7949,0,LOW,0.6609655022621155,1.5109426975250244
7950,0,LOW,0.6740401983261108,1.0710097551345825
7951,0,LOW,0.816383957862854,1.356984257698059
7952,0,LOW,0.7941980361938477,1.1878294944763184
7953,0,LOW,0.8290643095970154,1.6610088348388672
7954,0,LOW,0.8729280233383179,1.8573944568634033
7955,0,LOW,0.8763595223426819,1.8973829746246338
7956,0,LOW,0.5967928767204285,1.4602128267288208
7957,0,LOW,0.7527190446853638,1.264888048171997
7958,0,LOW,0.8465615510940552,1.615300178527832
7959,0,LOW,0.8766070604324341,1.5700923204421997
7960,0,LOW,0.8228898048400879,1.5563148260116577
7961,0,LOW,0.882752001285553,1.7691987752914429
7962,0,LOW,0.8373020887374878,1.489055871963501
7963,0,LOW,0.830184280872345,1.5998446941375732
7964,0,LOW,0.8679533004760742,1.8264350891113281
7965,0,LOW,0.7080671787261963,1.821565866470337
7966,0,LOW,0.7025032639503479,1.5113505125045776
7967,0,LOW,0.7081371545791626,1.9379724264144897
7968,0,LOW,0.5861636400222778,1.2498064041137695
7969,0,LOW,0.7128331661224365,1.347343921661377
7970,0,LOW,0.8395217657089233,1.6540799140930176
7971,0,LOW,0.7860980033874512,1.319942831993103
7972,0,LOW,0.7429326772689819,1.2164372205734253
7973,0,LOW,0.7830321788787842,1.1726791858673096
7974,0,LOW,0.7947012186050415,1.3613128662109375
7975,0,LOW,0.6391657590866089,1.4099984169006348
7976,0,LOW,0.7818065285682678,1.5934079885482788
7977,0,LOW,0.7883331179618835,1.2968086004257202
7978,0,LOW,0.6304177045822144,1.2696056365966797
7979,0,LOW,0.7055041790008545,1.1991108655929565
7980,0,LOW,0.6433722972869873,1.2310802936553955
7981,0,LOW,0.8527774214744568,1.7861483097076416
7982,0,LOW,0.6660454273223877,0.9484120607376099
7983,0,LOW,0.43619561195373535,1.3616085052490234
7984,0,LOW,0.8061131834983826,1.601393222808838
7985,0,LOW,0.7540125250816345,1.3277506828308105
7986,0,LOW,0.8618399500846863,1.957984209060669
7987,0,LOW,0.781002938747406,1.5259687900543213
7988,0,LOW,0.8044365644454956,1.3708994388580322
7989,0,LOW,0.7880967855453491,1.3052778244018555
7990,0,LOW,0.7534350752830505,1.4887101650238037
7991,0,LOW,0.7550349831581116,1.2087385654449463
7992,0,LOW,0.8133605122566223,1.5343000888824463
7993,0,LOW,0.664018452167511,1.2484689950942993
7994,0,LOW,0.7760388851165771,1.3308032751083374
7995,0,LOW,0.7385451197624207,1.315482258796692
7996,0,LOW,0.7903199791908264,1.4627320766448975
7997,0,LOW,0.6961817145347595,1.1447134017944336
7998,0,LOW,0.737922728061676,1.2761547565460205
7999,0,LOW,0.8161037564277649,1.473402738571167
8000,0,LOW,0.8838979005813599,1.9196109771728516
8001,0,LOW,0.7694080471992493,1.1051651239395142
8002,0,LOW,0.7623468637466431,1.482306957244873
8003,0,LOW,0.672370970249176,1.247691035270691
8004,0,LOW,0.655271589756012,1.1569318771362305
8005,0,LOW,0.5510124564170837,1.3104069232940674
8006,0,LOW,0.7607020139694214,1.2116310596466064
8007,0,LOW,0.7933789491653442,1.5047568082809448
8008,0,LOW,0.8073135614395142,1.460085391998291
8009,0,LOW,0.8025120496749878,1.4648621082305908
8010,0,LOW,0.7110857367515564,1.2087112665176392
8011,0,LOW,0.6472679376602173,1.2123039960861206
8012,0,LOW,0.6971214413642883,1.1148295402526855
8013,0,LOW,0.4413173496723175,1.8865193128585815
8014,0,LOW,0.5949641466140747,1.2032835483551025
8015,0,LOW,0.6737468242645264,1.0810906887054443
8016,0,LOW,0.6591304540634155,1.1694157123565674
8017,0,LOW,0.7253274917602539,1.1814789772033691
8018,0,LOW,0.7635977268218994,1.4587898254394531
8019,0,LOW,0.6919644474983215,1.1106427907943726
8020,0,LOW,0.7329551577568054,1.3502010107040405
8021,0,LOW,0.6974954009056091,1.2493491172790527
8022,0,LOW,0.7395190000534058,1.2409684658050537
8023,0,LOW,0.8547275066375732,1.6229305267333984
8024,0,LOW,0.7983450889587402,1.3691351413726807
8025,0,LOW,0.8075452446937561,1.4569675922393799
8026,0,LOW,0.7843655347824097,1.2981798648834229
8027,0,LOW,0.652928352355957,1.6596229076385498
8028,0,LOW,0.7521881461143494,1.2535353899002075
8029,0,LOW,0.7469391822814941,1.1897883415222168
8030,0,LOW,0.9066282510757446,2.1109871864318848
8031,0,LOW,0.7690832018852234,1.273961067199707
8032,0,LOW,0.8315383791923523,1.5055607557296753
8033,0,LOW,0.7838156223297119,1.2814998626708984
8034,0,LOW,0.7924311757087708,1.220417857170105
8035,0,LOW,0.753009021282196,1.2669520378112793
8036,0,LOW,0.783666729927063,1.2794145345687866
8037,0,LOW,0.8598508834838867,1.6954278945922852
8038,0,LOW,0.7810260653495789,1.2625867128372192
8039,0,LOW,0.7512170672416687,1.1570584774017334
8040,0,LOW,0.6863534450531006,1.4249709844589233
8041,0,LOW,0.6949225664138794,1.3946702480316162
8042,0,LOW,0.7816805839538574,1.3013684749603271
8043,0,LOW,0.6582756638526917,1.5787068605422974
8044,0,LOW,0.6880350708961487,1.28665292263031
8045,0,LOW,0.7748967409133911,1.2216750383377075
8046,0,LOW,0.562741219997406,1.5614805221557617
8047,0,LOW,0.7459519505500793,1.1506495475769043
8048,0,LOW,0.7374125123023987,1.2538524866104126
8049,0,LOW,0.7696698904037476,1.2962664365768433
8050,0,LOW,0.8044107556343079,1.4236916303634644
8051,0,LOW,0.8474183082580566,1.582835078239441
8052,0,LOW,0.8214948773384094,1.6063244342803955
8053,0,LOW,0.7213560342788696,1.4762200117111206
8054,0,LOW,0.7060965299606323,1.2553541660308838
8055,0,LOW,0.82099848985672,1.6382005214691162
8056,0,LOW,0.8808685541152954,1.8758740425109863
8057,0,LOW,0.7632231116294861,1.330962896347046
8058,0,LOW,0.6610399484634399,1.0044195652008057
8059,0,LOW,0.6815301775932312,0.9902191162109375
8060,0,LOW,0.6148782968521118,1.0295984745025635
8061,0,LOW,0.6954318284988403,1.1444692611694336
8062,0,LOW,0.6842303276062012,1.6521825790405273
8063,0,LOW,0.7349506616592407,1.2361176013946533
8064,0,LOW,0.7363078594207764,1.2057948112487793
8065,0,LOW,0.7484704256057739,1.3317629098892212
8066,0,LOW,0.7058854699134827,1.1451456546783447
8067,0,LOW,0.7384521961212158,1.1491323709487915
8068,0,LOW,0.6166069507598877,1.0846216678619385
8069,0,LOW,0.7610155940055847,1.360904335975647
8070,0,LOW,0.7669364213943481,1.4648611545562744
8071,0,LOW,0.7764610052108765,1.3691715002059937
8072,0,LOW,0.6450493931770325,1.0911600589752197
8073,0,LOW,0.6979027390480042,1.014154314994812
8074,2,SEVERE,0.6158280968666077,1.9917981624603271
8075,0,LOW,0.7162636518478394,1.184633493423462
8076,0,LOW,0.6250313520431519,0.8992986679077148
8077,0,LOW,0.6287490129470825,1.1735925674438477
8078,0,LOW,0.702697217464447,0.9930351376533508
8079,0,LOW,0.7139064073562622,1.1389548778533936
8080,0,LOW,0.6700034737586975,0.915194571018219
8081,0,LOW,0.7736268639564514,1.198386311531067
8082,0,LOW,0.6898399591445923,0.9236217141151428
8083,0,LOW,0.6057164072990417,0.8837519884109497
8084,0,LOW,0.6626513600349426,0.9315005540847778
8085,0,LOW,0.6477688550949097,0.8631305694580078
8086,0,LOW,0.7399869561195374,1.340754747390747
8087,0,LOW,0.6842246651649475,1.108115792274475
8088,0,LOW,0.5916702151298523,0.90397047996521
8089,0,LOW,0.5490744709968567,0.9521806836128235
8090,0,LOW,0.6613131165504456,0.8669571280479431
8091,0,LOW,0.4418335258960724,1.2072038650512695
8092,0,LOW,0.6422863006591797,0.9722102880477905
8093,0,LOW,0.6873812079429626,1.0648980140686035
8094,0,LOW,0.7645267248153687,1.1652199029922485
8095,0,LOW,0.6647069454193115,0.9967830777168274
8096,0,LOW,0.695828378200531,0.9798491597175598
8097,0,LOW,0.643703281879425,0.8690045475959778
8098,0,LOW,0.6525790691375732,0.9772692322731018
8099,0,LOW,0.4903102219104767,0.9929530620574951
8100,0,LOW,0.7596389651298523,1.4836692810058594
8101,0,LOW,0.4584650695323944,0.8954430222511292
8102,0,LOW,0.6324527859687805,0.8401912450790405
8103,0,LOW,0.654910147190094,0.8651062846183777
8104,0,LOW,0.6788756251335144,1.0005161762237549
8105,0,LOW,0.6401268243789673,0.7985918521881104
8106,0,LOW,0.5833985805511475,0.7111318111419678
8107,0,LOW,0.6320988535881042,0.7393914461135864
8108,0,LOW,0.6197734475135803,0.8056381940841675
8109,0,LOW,0.6173216700553894,0.9142055511474609
8110,0,LOW,0.6648580431938171,0.8891767263412476
8111,0,LOW,0.6897096037864685,0.8184576034545898
8112,0,LOW,0.39699020981788635,1.1433212757110596
8113,0,LOW,0.5771645903587341,0.7617016434669495
8114,0,LOW,0.5641834735870361,0.9331089854240417
8115,0,LOW,0.6744697093963623,1.1396623849868774
8116,0,LOW,0.5452169179916382,0.7101558446884155
8117,0,LOW,0.6522528529167175,0.8360058069229126
8118,1,MODERATE,0.387501060962677,0.7898083925247192
8119,0,LOW,0.5014694929122925,0.5458970665931702
8120,0,LOW,0.5372001528739929,0.6065655946731567
8121,1,MODERATE,0.36478954553604126,0.7520434856414795
8122,0,LOW,0.42790287733078003,0.46953460574150085
8123,0,LOW,0.6293998956680298,0.894609808921814
8124,2,SEVERE,0.8193657398223877,2.002815008163452
8125,0,LOW,0.4478144347667694,0.41779038310050964
8126,0,LOW,0.45496901869773865,0.4276646375656128
8127,0,LOW,0.600283145904541,0.9678134918212891
8128,0,LOW,0.41314563155174255,0.4268603026866913
8129,0,LOW,0.4474498927593231,0.41467270255088806
8130,0,LOW,0.5128923058509827,0.47575482726097107
8131,0,LOW,0.5860710740089417,0.7907932996749878
8132,0,LOW,0.544464647769928,0.5989357233047485
8133,0,LOW,0.45173582434654236,0.4840781092643738
8134,0,LOW,0.43902552127838135,0.45685186982154846
8135,2,SEVERE,0.3913287818431854,0.73794025182724
8136,2,SEVERE,0.4077530801296234,0.8213000893592834
8137,0,LOW,0.7026461958885193,1.2974075078964233
8138,0,LOW,0.5866043567657471,0.8403900861740112
8139,0,LOW,0.4130593240261078,0.5240561962127686
8140,0,LOW,0.7697752714157104,1.3571162223815918
8141,0,LOW,0.6473547220230103,1.1593050956726074
8142,0,LOW,0.4590361416339874,0.6018140912055969
8143,1,MODERATE,0.4170030653476715,1.187969446182251
8144,0,LOW,0.5874987244606018,0.8770471811294556
8145,0,LOW,0.4918302297592163,0.5801677703857422
8146,0,LOW,0.545878529548645,0.652414083480835
8147,2,SEVERE,0.37822219729423523,0.9961351156234741
8148,2,SEVERE,0.3787955641746521,0.6208613514900208
8149,0,LOW,0.5099397301673889,0.6482259035110474
8150,0,LOW,0.48350122570991516,0.5316581130027771
8151,0,LOW,0.4312804341316223,0.9140908718109131
8152,0,LOW,0.5155218243598938,0.5942672491073608
8153,0,LOW,0.4977615475654602,0.7221246361732483
8154,0,LOW,0.5208126902580261,0.4851815402507782
8155,0,LOW,0.5839716792106628,1.0743361711502075
8156,2,SEVERE,0.7730116248130798,2.0427396297454834
8157,0,LOW,0.3643907904624939,0.5393424034118652
8158,0,LOW,0.35916465520858765,0.45426759123802185
8159,0,LOW,0.612936794757843,0.9951393604278564
8160,2,SEVERE,0.41601499915122986,0.7228795886039734
8161,0,LOW,0.5049804449081421,0.6124700903892517
8162,0,LOW,0.44504204392433167,0.4919319152832031
8163,0,LOW,0.4357900023460388,0.33353230357170105
8164,1,MODERATE,0.35225623846054077,0.7620976567268372
8165,1,MODERATE,0.39801710844039917,0.7089095711708069
8166,0,LOW,0.45295506715774536,0.44853663444519043
8167,0,LOW,0.4992098808288574,0.6053863763809204
8168,0,LOW,0.5397136211395264,0.9116829633712769
8169,0,LOW,0.5049155354499817,0.726172149181366
8170,1,MODERATE,0.6584419012069702,1.621118426322937
8171,2,SEVERE,0.34018704295158386,0.761540949344635
8172,0,LOW,0.49422991275787354,0.5286062955856323
8173,0,LOW,0.5452716946601868,0.6222784519195557
8174,2,SEVERE,0.6384673714637756,1.349204182624817
8175,2,SEVERE,0.5563828945159912,1.1094822883605957
8176,0,LOW,0.42462819814682007,0.40317606925964355
8177,0,LOW,0.6342871785163879,0.7947272062301636
8178,0,LOW,0.47456416487693787,0.6196271777153015
8179,0,LOW,0.45129120349884033,0.3957497179508209
8180,0,LOW,0.6188856959342957,0.8320576548576355
8181,0,LOW,0.4120018482208252,0.3456099033355713
8182,0,LOW,0.5216900706291199,0.8630561232566833
8183,2,SEVERE,0.4007708430290222,0.7283545136451721
8184,0,LOW,0.3848350942134857,0.5245338678359985
8185,0,LOW,0.5681038498878479,0.673462986946106
8186,2,SEVERE,0.6025421023368835,1.7643277645111084
8187,0,LOW,0.5694567561149597,0.5902650952339172
8188,0,LOW,0.7450810074806213,1.3483011722564697
8189,0,LOW,0.524491548538208,0.5098364949226379
8190,0,LOW,0.5110585689544678,0.4957696795463562
8191,0,LOW,0.6284425854682922,0.786858856678009
8192,0,LOW,0.6141398549079895,0.7205153107643127
8193,0,LOW,0.5116798281669617,0.8083537220954895
8194,0,LOW,0.5694307088851929,0.535211443901062
8195,2,SEVERE,0.503627359867096,1.1673691272735596
8196,0,LOW,0.6483553647994995,1.1363329887390137
8197,1,MODERATE,0.415966272354126,0.7511613368988037
8198,0,LOW,0.5063809156417847,0.47654131054878235
8199,0,LOW,0.7766544222831726,1.248570442199707
8200,2,SEVERE,0.5784184336662292,1.3785037994384766
8201,0,LOW,0.6083784699440002,0.9151233434677124
8202,0,LOW,0.4572744369506836,0.620634138584137
8203,0,LOW,0.6857838034629822,0.9919306635856628
8204,0,LOW,0.6558904051780701,0.9067465662956238
8205,0,LOW,0.6229164600372314,0.726112961769104
8206,0,LOW,0.4996119737625122,0.8466007709503174
8207,0,LOW,0.49198153614997864,0.649038553237915
8208,0,LOW,0.5493084192276001,0.7818328738212585
8209,0,LOW,0.49640312790870667,0.9464688301086426
8210,1,MODERATE,0.4071982502937317,1.235275387763977
8211,0,LOW,0.5241986513137817,0.7964455485343933
8212,0,LOW,0.655335545539856,0.9100742340087891
8213,0,LOW,0.6384465098381042,0.8834819793701172
8214,0,LOW,0.6465905904769897,0.8820639252662659
8215,2,SEVERE,0.3593204915523529,0.7658172249794006
8216,0,LOW,0.5440635085105896,0.8834736347198486
8217,0,LOW,0.6264811754226685,0.8105649352073669
8218,0,LOW,0.558581531047821,0.6340069770812988
8219,0,LOW,0.743310809135437,0.9698525667190552
8220,1,MODERATE,0.5546636581420898,1.0817869901657104
8221,0,LOW,0.5375283360481262,0.7657992839813232
8222,0,LOW,0.7027311325073242,1.0445008277893066
8223,1,MODERATE,0.4912262558937073,1.1199002265930176
8224,0,LOW,0.7492191791534424,1.2033003568649292
8225,0,LOW,0.7104198932647705,1.0576705932617188
8226,0,LOW,0.702961802482605,1.0576705932617188
8227,0,LOW,0.7310957908630371,1.2522937059402466
8228,1,MODERATE,0.37799325585365295,0.7205343842506409
8229,0,LOW,0.6280087232589722,0.7439675331115723
8230,0,LOW,0.6904754638671875,1.057600975036621
8231,0,LOW,0.6316476464271545,0.776046097278595
8232,0,LOW,0.5978811383247375,0.6047424077987671
8233,0,LOW,0.37693488597869873,1.0524251461029053
8234,1,MODERATE,0.5245420932769775,1.1093333959579468
8235,0,LOW,0.5241181254386902,0.7852763533592224
8236,0,LOW,0.6070516705513,0.7623956799507141
8237,0,LOW,0.7777494192123413,1.0995105504989624
8238,0,LOW,0.7811460494995117,1.0995105504989624
8239,0,LOW,0.6884260773658752,1.0070666074752808
8240,0,LOW,0.7528029680252075,1.1093897819519043
8241,0,LOW,0.6159586906433105,0.867808997631073
8242,0,LOW,0.7372578382492065,1.146530270576477
8243,0,LOW,0.5814018845558167,0.9681805372238159
8244,0,LOW,0.7862312197685242,1.3574633598327637
8245,0,LOW,0.39670446515083313,0.8728805780410767
8246,0,LOW,0.5458300113677979,0.619577169418335
8247,0,LOW,0.5604360699653625,0.6299291849136353
8248,0,LOW,0.7122686505317688,1.0726760625839233
8249,0,LOW,0.7620511651039124,1.13545560836792
8250,0,LOW,0.6839137673377991,0.9870424270629883
8251,0,LOW,0.5770303606987,0.6988630890846252
8252,0,LOW,0.6396802663803101,0.862095832824707
8253,0,LOW,0.6888616681098938,1.0590548515319824
8254,0,LOW,0.6578217148780823,0.8362634778022766
8255,0,LOW,0.7326747179031372,1.1626272201538086
8256,0,LOW,0.5238898396492004,1.3808852434158325
8257,0,LOW,0.6773027181625366,0.9857094883918762
8258,0,LOW,0.6837402582168579,1.1520379781723022
8259,0,LOW,0.6602185368537903,1.0460195541381836
8260,0,LOW,0.6263349056243896,0.9356516599655151
8261,0,LOW,0.6703125834465027,1.1242817640304565
8262,2,SEVERE,0.4148953855037689,1.927714228630066
8263,0,LOW,0.52804034948349,0.9292130470275879
8264,0,LOW,0.7207812070846558,0.9840367436408997
8265,0,LOW,0.7631299495697021,1.0799784660339355
8266,0,LOW,0.7281650900840759,1.11683189868927
8267,0,LOW,0.8395038843154907,1.6667954921722412
8268,0,LOW,0.6274240612983704,0.875921368598938
8269,2,SEVERE,0.5382022857666016,1.674546718597412
8270,0,LOW,0.6172208786010742,0.7707012891769409
8271,0,LOW,0.7443048357963562,1.1169142723083496
8272,0,LOW,0.729853630065918,1.0075713396072388
8273,0,LOW,0.6211327910423279,0.7684118747711182
8274,0,LOW,0.6710788607597351,0.9859497547149658
8275,0,LOW,0.5802830457687378,0.8929654359817505
8276,0,LOW,0.7383734583854675,1.0852608680725098
8277,0,LOW,0.6538255214691162,0.7884107232093811
8278,0,LOW,0.7165126204490662,1.1113989353179932
8279,0,LOW,0.5384134650230408,0.8421028852462769
8280,0,LOW,0.7887511253356934,1.4007190465927124
8281,0,LOW,0.713822603225708,1.1058993339538574
8282,2,SEVERE,0.5000000596046448,1.4912867546081543
8283,0,LOW,0.6729731559753418,1.0904780626296997
8284,0,LOW,0.7738879323005676,1.2630690336227417
8285,0,LOW,0.7301044464111328,1.1894733905792236
8286,0,LOW,0.7588372826576233,1.2453551292419434
8287,0,LOW,0.6740424633026123,0.7896959781646729
8288,0,LOW,0.766998291015625,1.2743377685546875
8289,0,LOW,0.6936959624290466,1.0418037176132202
8290,1,MODERATE,0.41689974069595337,0.5044012665748596
8291,0,LOW,0.6537652611732483,0.8915960788726807
8292,1,MODERATE,0.3932999074459076,0.6847953796386719
8293,0,LOW,0.5836646556854248,0.614514946937561
8294,0,LOW,0.7408272624015808,0.9549336433410645
8295,0,LOW,0.6967849135398865,1.0520925521850586
8296,0,LOW,0.6920114159584045,0.8737833499908447
8297,0,LOW,0.5188164114952087,0.9119703769683838
8298,0,LOW,0.756402850151062,1.1892536878585815
8299,0,LOW,0.8009591698646545,1.3136407136917114
8300,0,LOW,0.7299299836158752,1.0285463333129883
8301,0,LOW,0.6387556195259094,0.9774813652038574
8302,1,MODERATE,0.5028682947158813,1.005610466003418
8303,0,LOW,0.7636564373970032,1.055993914604187
8304,0,LOW,0.6531566977500916,0.7179903388023376
8305,0,LOW,0.7815645933151245,1.2208168506622314
8306,0,LOW,0.687853217124939,0.9494668245315552
8307,0,LOW,0.7240264415740967,0.8968229293823242
8308,0,LOW,0.5844808220863342,0.7308949828147888
8309,0,LOW,0.6331905126571655,0.8310486674308777
8310,0,LOW,0.7265656590461731,1.1295793056488037
8311,0,LOW,0.7133431434631348,1.08055579662323
8312,0,LOW,0.6558767557144165,0.6755431890487671
8313,0,LOW,0.639024555683136,0.6833475828170776
8314,2,SEVERE,0.43729403614997864,2.0140960216522217
8315,0,LOW,0.5406651496887207,0.4959336817264557
8316,0,LOW,0.6667715907096863,0.692911684513092
8317,0,LOW,0.5527999997138977,0.567639946937561
8318,0,LOW,0.6905511617660522,0.8001114130020142
8319,0,LOW,0.6248000264167786,0.7868112325668335
8320,0,LOW,0.7070335745811462,0.9783518314361572
8321,0,LOW,0.6128556132316589,0.7597554326057434
8322,0,LOW,0.5838133096694946,0.7593734860420227
8323,0,LOW,0.7421742081642151,1.1461238861083984
8324,0,LOW,0.7509247064590454,1.1154483556747437
8325,0,LOW,0.7106879949569702,0.695099413394928
8326,0,LOW,0.6161202788352966,0.7940348386764526
8327,0,LOW,0.7960408926010132,1.6327731609344482
8328,0,LOW,0.6232117414474487,0.7062633037567139
8329,0,LOW,0.6322514414787292,0.6874085068702698
8330,0,LOW,0.7425901889801025,1.0610857009887695
8331,0,LOW,0.6650890111923218,0.9597036838531494
8332,0,LOW,0.5691036581993103,0.7273626923561096
8333,0,LOW,0.6087945699691772,0.7311397790908813
8334,2,SEVERE,0.5793835520744324,1.6267849206924438
8335,0,LOW,0.46383699774742126,0.7151974439620972
8336,1,MODERATE,0.41175705194473267,0.7852341532707214
8337,0,LOW,0.6396591663360596,0.8545358180999756
8338,0,LOW,0.5874938368797302,0.649166464805603
8339,0,LOW,0.466467946767807,0.6992966532707214
8340,0,LOW,0.5527182221412659,0.7708971500396729
8341,0,LOW,0.7491186261177063,1.0195112228393555
8342,0,LOW,0.7189761400222778,1.0250701904296875
8343,0,LOW,0.6273809671401978,0.7478622794151306
8344,0,LOW,0.6438034176826477,0.7802945971488953
8345,0,LOW,0.5341324806213379,0.7129139304161072
8346,0,LOW,0.6124475598335266,0.6759425401687622
8347,0,LOW,0.6276606917381287,0.7808856964111328
8348,0,LOW,0.685730516910553,0.8617599010467529
8349,0,LOW,0.6670343279838562,0.8251476287841797
8350,0,LOW,0.5822885632514954,0.4271577298641205
8351,0,LOW,0.5525625348091125,0.49393537640571594
8352,0,LOW,0.6197138428688049,0.9878746271133423
8353,0,LOW,0.6936806440353394,0.9415044188499451
8354,0,LOW,0.8169374465942383,1.2200459241867065
8355,0,LOW,0.757373571395874,1.0095702409744263
8356,0,LOW,0.6072354316711426,0.958865761756897
8357,0,LOW,0.6878976225852966,0.9155614972114563
8358,0,LOW,0.7080597281455994,0.9345618486404419
8359,0,LOW,0.6897607445716858,0.9094001054763794
8360,0,LOW,0.7717753052711487,1.3815255165100098
8361,0,LOW,0.6825429797172546,1.0409281253814697
8362,0,LOW,0.7164427042007446,1.0347083806991577
8363,0,LOW,0.6495414972305298,1.0214197635650635
8364,0,LOW,0.7518941760063171,1.154821515083313
8365,0,LOW,0.6975851058959961,0.9983036518096924
8366,0,LOW,0.6766388416290283,1.0948820114135742
8367,0,LOW,0.6618087291717529,1.1563918590545654
8368,0,LOW,0.6541237831115723,0.9582803845405579
8369,0,LOW,0.6210781931877136,0.9819576144218445
8370,2,SEVERE,0.5851452350616455,1.6202106475830078
8371,2,SEVERE,0.5454071164131165,1.7113103866577148
8372,2,SEVERE,0.5137225985527039,1.9122244119644165
8373,2,SEVERE,0.8695054054260254,2.2892303466796875
8374,2,SEVERE,0.871577262878418,2.2642464637756348
8375,2,SEVERE,0.8593013286590576,2.247954845428467
8376,2,SEVERE,0.8920294046401978,2.258028984069824
8377,2,SEVERE,0.9675258994102478,3.219724655151367
8378,2,SEVERE,0.9618114829063416,2.9824445247650146
8379,2,SEVERE,0.9633483290672302,3.071958303451538
8380,2,SEVERE,0.9616039991378784,3.0381765365600586
8381,2,SEVERE,0.9681950211524963,3.0178816318511963
8382,2,SEVERE,0.9626426100730896,2.988886594772339
8383,2,SEVERE,0.9595782160758972,3.258950710296631
8384,2,SEVERE,0.9627978205680847,2.992844343185425
8385,2,SEVERE,0.944451093673706,3.3522026538848877
8386,2,SEVERE,0.9520848393440247,3.1650588512420654
8387,2,SEVERE,0.8819712996482849,3.0869383811950684
8388,2,SEVERE,0.9006772637367249,2.9471843242645264
8389,2,SEVERE,0.8917365670204163,2.8096797466278076
8390,0,LOW,0.5702899098396301,1.0512336492538452
8391,0,LOW,0.4099571108818054,1.1877760887145996
8392,0,LOW,0.6318106055259705,1.2021667957305908
8393,0,LOW,0.5230780243873596,0.9288195967674255
8394,0,LOW,0.4880119860172272,0.9258094429969788
8395,0,LOW,0.605272650718689,0.9497900605201721
8396,0,LOW,0.6480683088302612,1.3029844760894775
8397,1,MODERATE,0.4632502496242523,0.8794485926628113
8398,0,LOW,0.4581442177295685,0.9136542677879333
8399,1,MODERATE,0.4947286546230316,0.7836021780967712
8400,1,MODERATE,0.4706035554409027,1.0807956457138062
8401,1,MODERATE,0.4892636835575104,0.7891546487808228
8402,0,LOW,0.4875158965587616,1.0299146175384521
8403,1,MODERATE,0.4519323408603668,1.0263922214508057
8404,0,LOW,0.5150489807128906,0.8984706401824951
8405,1,MODERATE,0.5681297183036804,1.06638503074646
8406,0,LOW,0.5315350890159607,1.05953049659729
8407,1,MODERATE,0.5879198312759399,0.9431747198104858
8408,1,MODERATE,0.48839271068573,0.79865962266922
8409,0,LOW,0.44704705476760864,0.5035850405693054
8410,1,MODERATE,0.48638567328453064,1.1098381280899048
8411,1,MODERATE,0.5713915824890137,0.6151509881019592
8412,0,LOW,0.4759145677089691,0.5420911312103271
8413,0,LOW,0.44718754291534424,0.6906581521034241
8414,1,MODERATE,0.5791499614715576,0.6756885647773743
8415,1,MODERATE,0.5142880082130432,0.6734186410903931
8416,1,MODERATE,0.48198795318603516,0.9389930367469788
8417,1,MODERATE,0.6764863729476929,1.0465073585510254
8418,1,MODERATE,0.6193001866340637,0.8987535238265991
8419,1,MODERATE,0.5506907105445862,0.8298381567001343
8420,1,MODERATE,0.562005341053009,1.1371980905532837
8421,1,MODERATE,0.4663880169391632,0.4940722584724426
8422,1,MODERATE,0.6719827651977539,0.9754517078399658
8423,1,MODERATE,0.6273817420005798,1.0025957822799683
8424,1,MODERATE,0.7783796191215515,1.2645158767700195
8425,1,MODERATE,0.7033708095550537,0.9753479957580566
8426,1,MODERATE,0.6880709528923035,0.9657458662986755
8427,1,MODERATE,0.6613395810127258,1.2867789268493652
8428,1,MODERATE,0.5690761208534241,1.5059266090393066
8429,1,MODERATE,0.7316009998321533,1.1658413410186768
8430,1,MODERATE,0.6413165926933289,1.1086465120315552
8431,1,MODERATE,0.6719321608543396,1.0448936223983765
8432,1,MODERATE,0.8020967841148376,1.3925317525863647
8433,1,MODERATE,0.5818476676940918,0.8084309101104736
8434,1,MODERATE,0.6915802359580994,0.9013808965682983
8435,1,MODERATE,0.6445590257644653,1.0310460329055786
8436,1,MODERATE,0.5688142776489258,1.511171579360962
8437,1,MODERATE,0.622688889503479,0.7727640271186829
8438,1,MODERATE,0.7406153678894043,1.2430214881896973
8439,1,MODERATE,0.49368757009506226,1.0160722732543945
8440,1,MODERATE,0.6146378517150879,1.3258287906646729
8441,1,MODERATE,0.6858426332473755,1.1608375310897827
8442,1,MODERATE,0.7144654989242554,1.1514337062835693
8443,1,MODERATE,0.340589314699173,1.5568277835845947
8444,1,MODERATE,0.6873330473899841,0.9511733651161194
8445,1,MODERATE,0.6062658429145813,1.0733996629714966
8446,1,MODERATE,0.5127588510513306,0.8391994833946228
8447,1,MODERATE,0.6097854971885681,0.897376298904419
8448,1,MODERATE,0.6793238520622253,0.9180153608322144
8449,1,MODERATE,0.6488852500915527,0.9779651761054993
8450,1,MODERATE,0.623847484588623,0.8252116441726685
8451,1,MODERATE,0.455199271440506,0.9235122799873352
8452,1,MODERATE,0.5666649341583252,0.9400742650032043
8453,1,MODERATE,0.5336259007453918,0.6742700338363647
8454,1,MODERATE,0.4953945577144623,1.0680408477783203
8455,1,MODERATE,0.6246852874755859,0.9357003569602966
8456,1,MODERATE,0.5083812475204468,1.0817530155181885
8457,1,MODERATE,0.6989549994468689,1.0911242961883545
8458,1,MODERATE,0.6136342883110046,0.8820903897285461
8459,1,MODERATE,0.6638131141662598,1.04959237575531
8460,1,MODERATE,0.5898001790046692,0.6838379502296448
8461,1,MODERATE,0.6659116744995117,0.8754598498344421
8462,1,MODERATE,0.7174409627914429,1.1522924900054932
8463,0,LOW,0.479884535074234,0.3581202030181885
8464,1,MODERATE,0.6881540417671204,0.9390883445739746
8465,1,MODERATE,0.5737791657447815,1.189814567565918
8466,1,MODERATE,0.6449898481369019,0.9302241802215576
8467,1,MODERATE,0.6613568663597107,0.8829806447029114
8468,1,MODERATE,0.5248355865478516,0.9401695728302002
8469,1,MODERATE,0.5059574246406555,0.8360087275505066
8470,0,LOW,0.5611203908920288,1.0191055536270142
8471,1,MODERATE,0.5642978549003601,0.7024966478347778
8472,0,LOW,0.5493389368057251,0.7140394449234009
8473,1,MODERATE,0.6516236662864685,1.0204017162322998
8474,1,MODERATE,0.5296407341957092,0.7851375937461853
8475,0,LOW,0.598166286945343,1.1131211519241333
8476,0,LOW,0.5265705585479736,0.6536866426467896
8477,0,LOW,0.5678665637969971,0.4281361699104309
8478,1,MODERATE,0.7176990509033203,0.9596171379089355
8479,1,MODERATE,0.4669712483882904,0.5449225902557373
8480,0,LOW,0.5326421856880188,0.5801688432693481
8481,1,MODERATE,0.525169312953949,0.6897522807121277
8482,0,LOW,0.5187950730323792,0.6709177494049072
8483,1,MODERATE,0.4501039981842041,0.6041027903556824
8484,0,LOW,0.5357572436332703,0.6682968139648438
8485,0,LOW,0.7365584373474121,1.326527714729309
8486,0,LOW,0.617093026638031,1.0920606851577759
8487,0,LOW,0.7480736374855042,1.1625492572784424
8488,0,LOW,0.678941011428833,0.9687457084655762
8489,0,LOW,0.6793990731239319,0.9034523367881775
8490,0,LOW,0.5501191020011902,0.9832080602645874
8491,0,LOW,0.5574840307235718,0.8650294542312622
8492,0,LOW,0.7102479934692383,1.093990683555603
8493,0,LOW,0.7098801732063293,1.1428210735321045
8494,0,LOW,0.5218010544776917,1.285980463027954
8495,0,LOW,0.7652456164360046,1.3923234939575195
8496,0,LOW,0.6236047148704529,0.7403746843338013
8497,0,LOW,0.654472291469574,0.71158766746521
8498,0,LOW,0.5776556730270386,0.9040400981903076
8499,0,LOW,0.6781443953514099,1.0138323307037354
8500,0,LOW,0.668440043926239,0.8973468542098999
8501,0,LOW,0.6841561198234558,0.9018146395683289
8502,0,LOW,0.7450841665267944,1.1065881252288818
8503,0,LOW,0.5676824450492859,0.7608550786972046
8504,0,LOW,0.6435853242874146,1.1708272695541382
8505,0,LOW,0.6608866453170776,0.5548434853553772
8506,0,LOW,0.5832647681236267,0.6097944378852844
8507,0,LOW,0.6280596852302551,0.9771449565887451
8508,0,LOW,0.696692705154419,0.969675600528717
8509,0,LOW,0.5278661251068115,0.6354711055755615
8510,0,LOW,0.4897822439670563,0.6360536813735962
8511,0,LOW,0.6606684923171997,0.7323172688484192
8512,0,LOW,0.6158702373504639,0.7331070899963379
8513,0,LOW,0.4694804549217224,0.6769036054611206
8514,0,LOW,0.6037276387214661,0.7978483438491821
8515,0,LOW,0.5344401001930237,0.5278140306472778
8516,0,LOW,0.41770514845848083,0.7555531859397888
8517,0,LOW,0.4052926301956177,0.5414029955863953
8518,0,LOW,0.5414755940437317,0.6722396612167358
8519,1,MODERATE,0.4837740361690521,1.1788558959960938
8520,0,LOW,0.4849034249782562,0.6399850249290466
8521,0,LOW,0.6058191657066345,0.8857016563415527
8522,2,SEVERE,0.739798903465271,1.968315601348877
8523,0,LOW,0.5473322868347168,0.6761639714241028
8524,1,MODERATE,0.43594804406166077,0.7947409749031067
8525,0,LOW,0.4592212736606598,0.36902719736099243
8526,0,LOW,0.4225621223449707,0.36698606610298157
8527,0,LOW,0.3709447383880615,0.3899281620979309
8528,0,LOW,0.7325388193130493,1.4413566589355469
8529,0,LOW,0.4523755609989166,0.34097805619239807
8530,0,LOW,0.43799281120300293,0.5237672328948975
8531,0,LOW,0.5524370670318604,0.4320482015609741
8532,1,MODERATE,0.38100382685661316,0.5649949312210083
8533,0,LOW,0.4539710581302643,0.4636536240577698
8534,1,MODERATE,0.3952500820159912,0.5822178721427917
8535,0,LOW,0.4908648431301117,0.5883894562721252
8536,1,MODERATE,0.4666903018951416,0.7106419801712036
8537,1,MODERATE,0.622295081615448,1.0528829097747803
8538,1,MODERATE,0.4255112111568451,0.6280775666236877
8539,1,MODERATE,0.3842540979385376,0.5735127925872803
8540,0,LOW,0.6593855619430542,1.2763926982879639
8541,2,SEVERE,0.36007389426231384,0.7807589173316956
8542,1,MODERATE,0.464668333530426,0.7313017845153809
8543,2,SEVERE,0.4242124557495117,0.6247640252113342
8544,2,SEVERE,0.36846446990966797,0.6132506132125854
8545,2,SEVERE,0.38928472995758057,0.8603109121322632
8546,0,LOW,0.41660580039024353,0.9868510365486145
8547,2,SEVERE,0.40368878841400146,0.820011556148529
8548,2,SEVERE,0.44392338395118713,0.9539497494697571
8549,2,SEVERE,0.4874313771724701,1.0446131229400635
8550,2,SEVERE,0.40311309695243835,1.1271488666534424
8551,2,SEVERE,0.862166702747345,2.2277989387512207
8552,2,SEVERE,0.4463178217411041,0.9510357975959778
8553,2,SEVERE,0.5194298624992371,0.9313048124313354
8554,1,MODERATE,0.42572638392448425,0.8446193337440491
8555,2,SEVERE,0.5345926880836487,1.057013750076294
8556,2,SEVERE,0.5444831252098083,1.1827619075775146
8557,2,SEVERE,0.48673492670059204,1.0776448249816895
8558,0,LOW,0.512910783290863,1.2575101852416992
8559,2,SEVERE,0.3515720069408417,1.35517418384552
8560,2,SEVERE,0.5353677272796631,1.0550800561904907
8561,2,SEVERE,0.5897625684738159,1.1491743326187134
8562,2,SEVERE,0.5571568012237549,1.0926576852798462
8563,2,SEVERE,0.5599402189254761,1.0876480340957642
8564,2,SEVERE,0.7646430730819702,2.1511590480804443
8565,0,LOW,0.3562176525592804,1.0481010675430298
8566,2,SEVERE,0.5730955600738525,1.123025894165039
8567,2,SEVERE,0.5260066390037537,1.1985828876495361
8568,2,SEVERE,0.848723828792572,2.0669877529144287
8569,1,MODERATE,0.405044823884964,0.7834634780883789
8570,2,SEVERE,0.636553943157196,1.1902368068695068
8571,0,LOW,0.5691357254981995,1.5241641998291016
8572,2,SEVERE,0.569048285484314,1.0360150337219238
8573,2,SEVERE,0.5728312730789185,1.0361034870147705
8574,2,SEVERE,0.40387585759162903,1.2429733276367188
8575,2,SEVERE,0.41689881682395935,1.2394866943359375
8576,2,SEVERE,0.434823602437973,1.1447964906692505
8577,2,SEVERE,0.4465949535369873,1.152006983757019
8578,2,SEVERE,0.5699778199195862,1.223591685295105
8579,2,SEVERE,0.4267207682132721,0.936464786529541
8580,1,MODERATE,0.4021734297275543,0.9870113730430603
8581,1,MODERATE,0.4148189425468445,0.7065814733505249
8582,0,LOW,0.38198718428611755,1.1155214309692383
8583,1,MODERATE,0.4737664759159088,0.910785973072052
8584,1,MODERATE,0.4048632085323334,0.5372987985610962
8585,2,SEVERE,0.39742639660835266,0.9866205453872681
8586,2,SEVERE,0.4564855694770813,1.0226577520370483
8587,1,MODERATE,0.39271029829978943,0.6792459487915039
8588,2,SEVERE,0.43192797899246216,1.0194324254989624
8589,0,LOW,0.42571574449539185,0.8440667390823364
8590,2,SEVERE,0.3712823987007141,0.8513869643211365
8591,2,SEVERE,0.3772852122783661,0.739180862903595
8592,2,SEVERE,0.4793318212032318,1.092119574546814
8593,1,MODERATE,0.3783189356327057,0.6609256267547607
8594,1,MODERATE,0.4082575738430023,0.6208572387695312
8595,1,MODERATE,0.3993445634841919,0.611230194568634
8596,1,MODERATE,0.336008757352829,0.6437413692474365
8597,1,MODERATE,0.3996265232563019,0.5518335700035095
8598,0,LOW,0.39467859268188477,0.4391764998435974
8599,1,MODERATE,0.46432459354400635,0.8748283386230469
8600,0,LOW,0.6041197180747986,1.0863525867462158
8601,1,MODERATE,0.6499456167221069,1.1825470924377441
8602,1,MODERATE,0.40410974621772766,0.5547841787338257
8603,2,SEVERE,0.4536081552505493,1.229174017906189
8604,0,LOW,0.33820560574531555,0.39095452427864075
8605,0,LOW,0.3552899658679962,0.3700328767299652
8606,1,MODERATE,0.38770174980163574,0.509758472442627
8607,2,SEVERE,0.43295085430145264,1.0144912004470825
8608,0,LOW,0.6378785967826843,1.2513999938964844
8609,1,MODERATE,0.3827720284461975,0.5720399618148804
8610,0,LOW,0.4007171392440796,0.4116576611995697
8611,1,MODERATE,0.6256118416786194,0.9077568054199219
8612,0,LOW,0.3515785038471222,0.23749151825904846
8613,0,LOW,0.382137268781662,0.5109502673149109
8614,0,LOW,0.403394490480423,0.5555487871170044
8615,0,LOW,0.4902501106262207,0.40118008852005005
8616,0,LOW,0.3787207305431366,0.2296638935804367
8617,1,MODERATE,0.4397333860397339,0.5078612565994263
8618,1,MODERATE,0.6350646018981934,1.0433841943740845
8619,0,LOW,0.487918883562088,0.7506201267242432
8620,0,LOW,0.48104986548423767,0.35948795080184937
8621,0,LOW,0.7145679593086243,1.3254547119140625
8622,0,LOW,0.4810558557510376,0.38098394870758057
8623,0,LOW,0.44506144523620605,0.42135149240493774
8624,0,LOW,0.45998820662498474,0.318442165851593
8625,1,MODERATE,0.5124825239181519,0.5541585087776184
8626,2,SEVERE,0.3621104955673218,1.821165680885315
8627,1,MODERATE,0.6301894187927246,0.6861718893051147
8628,1,MODERATE,0.6199065446853638,0.6994320750236511
8629,1,MODERATE,0.4329546391963959,0.5419361591339111
8630,0,LOW,0.443168967962265,0.20567071437835693
8631,0,LOW,0.5988581776618958,0.8058652877807617
8632,1,MODERATE,0.4517928659915924,0.5649316906929016
8633,1,MODERATE,0.6661684513092041,1.1388075351715088
8634,1,MODERATE,0.6070491075515747,0.7708858251571655
8635,1,MODERATE,0.4316563010215759,0.5404461622238159
8636,0,LOW,0.6182113289833069,0.8626519441604614
8637,0,LOW,0.5121294260025024,0.4900253415107727
8638,0,LOW,0.4485677480697632,0.30482304096221924
8639,0,LOW,0.5415886640548706,0.6386076807975769
8640,1,MODERATE,0.6829452514648438,1.1774802207946777
8641,1,MODERATE,0.5007516145706177,0.7051931619644165
8642,1,MODERATE,0.5043736100196838,0.7052096724510193
8643,0,LOW,0.4640742540359497,0.38054412603378296
8644,1,MODERATE,0.4288594424724579,0.7270412445068359
8645,0,LOW,0.5055342316627502,0.6024113893508911
8646,1,MODERATE,0.4700091779232025,0.6156269311904907
8647,0,LOW,0.4490373730659485,0.3751937448978424
8648,1,MODERATE,0.6309304237365723,0.9644460678100586
8649,1,MODERATE,0.4358583688735962,0.5463995933532715
8650,1,MODERATE,0.4139656126499176,0.5326554179191589
8651,0,LOW,0.44304555654525757,0.38781869411468506
8652,2,SEVERE,0.4503806531429291,1.1167645454406738
8653,0,LOW,0.5878771543502808,0.8545565009117126
8654,0,LOW,0.6023780703544617,1.0178263187408447
8655,2,SEVERE,0.3937065899372101,1.8143309354782104
8656,0,LOW,0.44985586404800415,0.4976525604724884
8657,0,LOW,0.5624452829360962,0.5851153135299683
8658,0,LOW,0.4226782023906708,0.3773399591445923
8659,2,SEVERE,0.6867339611053467,1.8009543418884277
8660,0,LOW,0.536791980266571,0.9141353964805603
8661,0,LOW,0.40531185269355774,0.23983772099018097
8662,0,LOW,0.5509874224662781,0.8325941562652588
8663,1,MODERATE,0.3523126542568207,0.5961068868637085
8664,1,MODERATE,0.5386366844177246,0.7478368878364563
8665,1,MODERATE,0.48076164722442627,0.6778709888458252
8666,1,MODERATE,0.4437212646007538,0.7522441148757935
8667,1,MODERATE,0.4563755989074707,0.6797887086868286
8668,0,LOW,0.4700300395488739,0.4879680871963501
8669,1,MODERATE,0.45372679829597473,0.5830765962600708
8670,1,MODERATE,0.529650092124939,0.7822117805480957
8671,1,MODERATE,0.5258147120475769,0.6114333868026733
8672,1,MODERATE,0.4362346827983856,0.4734300673007965
8673,0,LOW,0.45095786452293396,0.31271642446517944
8674,0,LOW,0.4809444546699524,0.4886685311794281
8675,0,LOW,0.7500722408294678,1.324785828590393
8676,0,LOW,0.5288692116737366,0.6755257248878479
8677,1,MODERATE,0.49753668904304504,0.8217241764068604
8678,0,LOW,0.6972306370735168,1.487386703491211
8679,0,LOW,0.421397864818573,0.3958112299442291
8680,0,LOW,0.3866259753704071,0.3822289705276489
8681,1,MODERATE,0.5478377342224121,0.975918173789978
8682,1,MODERATE,0.4140925109386444,0.5728456377983093
8683,0,LOW,0.6478275060653687,1.192933201789856
8684,0,LOW,0.5583298802375793,0.6666812896728516
8685,0,LOW,0.41051241755485535,0.31435394287109375
8686,0,LOW,0.4713498055934906,0.4660327434539795
8687,0,LOW,0.5692771077156067,0.7440648078918457
8688,0,LOW,0.4142080247402191,0.41754159331321716
8689,1,MODERATE,0.6455487608909607,1.1780200004577637
8690,1,MODERATE,0.4005347788333893,0.42606693506240845
8691,0,LOW,0.5036565065383911,0.7540555000305176
8692,1,MODERATE,0.3832840323448181,0.44963037967681885
8693,0,LOW,0.6342169642448425,1.2223410606384277
8694,0,LOW,0.5748909711837769,1.087573528289795
8695,0,LOW,0.6733579039573669,1.2616479396820068
8696,0,LOW,0.670965850353241,1.2137231826782227
8697,1,MODERATE,0.7285459041595459,1.545443058013916
8698,0,LOW,0.4027300775051117,0.5065127015113831
8699,1,MODERATE,0.40621548891067505,0.6325692534446716
8700,0,LOW,0.43505772948265076,0.4168016016483307
8701,1,MODERATE,0.6261568069458008,1.0521907806396484
8702,1,MODERATE,0.3741626441478729,0.3589077889919281
8703,2,SEVERE,0.7034152746200562,1.4944570064544678
8704,0,LOW,0.4121951460838318,0.3696098327636719
8705,0,LOW,0.6048596501350403,1.0959467887878418
8706,0,LOW,0.3846975564956665,0.4028521180152893
8707,0,LOW,0.7570371031761169,1.3809552192687988
8708,2,SEVERE,0.7332314252853394,1.5521929264068604
8709,2,SEVERE,0.3831824064254761,0.783586323261261
8710,2,SEVERE,0.3846791088581085,0.7142502069473267
8711,0,LOW,0.4008406102657318,0.40301457047462463
8712,2,SEVERE,0.3618846535682678,0.7317236661911011
8713,1,MODERATE,0.5364959836006165,1.050041675567627
8714,2,SEVERE,0.4428383409976959,0.6205147504806519
8715,1,MODERATE,0.4123716652393341,0.6916084289550781
8716,2,SEVERE,0.3545089066028595,0.7244839668273926
8717,0,LOW,0.43759962916374207,0.49383431673049927
8718,2,SEVERE,0.3831576704978943,0.7056818604469299
8719,2,SEVERE,0.3972562253475189,0.6958571076393127
8720,0,LOW,0.39353954792022705,0.35839903354644775
8721,1,MODERATE,0.71852707862854,1.194772481918335
8722,2,SEVERE,0.47764790058135986,1.1661567687988281
8723,0,LOW,0.41166436672210693,0.7744139432907104
8724,2,SEVERE,0.38330259919166565,0.9309220910072327
8725,2,SEVERE,0.48203209042549133,0.89893639087677
8726,2,SEVERE,0.5478671193122864,1.2184810638427734
8727,2,SEVERE,0.36171233654022217,0.951285719871521
8728,2,SEVERE,0.42938658595085144,0.9856678247451782
8729,2,SEVERE,0.6549742817878723,1.38015878200531
8730,1,MODERATE,0.3851069211959839,0.8662959933280945
8731,1,MODERATE,0.6698964238166809,1.6654411554336548
8732,2,SEVERE,0.4616616368293762,1.0814281702041626
8733,0,LOW,0.4364989995956421,0.6055384874343872
8734,2,SEVERE,0.4082806706428528,0.7727358937263489
8735,2,SEVERE,0.39936766028404236,0.7476646304130554
8736,2,SEVERE,0.48482784628868103,0.7663983702659607
8737,2,SEVERE,0.6381056904792786,1.2272858619689941
8738,0,LOW,0.5657095313072205,1.2509959936141968
8739,2,SEVERE,0.7261526584625244,1.3862179517745972
8740,2,SEVERE,0.5956049561500549,0.9826915264129639
8741,2,SEVERE,0.5790066123008728,1.0271319150924683
8742,2,SEVERE,0.44659423828125,1.0271075963974
8743,1,MODERATE,0.3616071045398712,0.8732126355171204
8744,2,SEVERE,0.45330625772476196,1.2479413747787476
8745,2,SEVERE,0.6587032079696655,1.0937672853469849
8746,2,SEVERE,0.46993008255958557,1.3269635438919067
8747,2,SEVERE,0.5803040862083435,1.1018023490905762
8748,2,SEVERE,0.5872873663902283,1.0685385465621948
8749,2,SEVERE,0.5250119566917419,1.049085259437561
8750,2,SEVERE,0.5586299896240234,1.1090593338012695
8751,2,SEVERE,0.8230907320976257,1.9577713012695312
8752,2,SEVERE,0.8890435099601746,2.140902519226074
8753,2,SEVERE,0.4472149610519409,1.075589656829834
8754,2,SEVERE,0.4652927815914154,1.0536022186279297
8755,2,SEVERE,0.5620297193527222,1.0664466619491577
8756,2,SEVERE,0.7807209491729736,1.6124496459960938
8757,2,SEVERE,0.42814281582832336,1.3013917207717896
8758,2,SEVERE,0.5198216438293457,1.0559674501419067
8759,2,SEVERE,0.5961634516716003,1.0926231145858765
8760,2,SEVERE,0.593467652797699,1.109926462173462
8761,2,SEVERE,0.34939107298851013,1.629481315612793
8762,2,SEVERE,0.4904623329639435,1.1011475324630737
8763,2,SEVERE,0.7093615531921387,1.5794881582260132
8764,2,SEVERE,0.49094653129577637,1.1153321266174316
8765,2,SEVERE,0.4301850199699402,1.3931019306182861
8766,2,SEVERE,0.6262819766998291,1.1436325311660767
8767,2,SEVERE,0.6405482292175293,1.1780366897583008
8768,2,SEVERE,0.6530337333679199,1.1499103307724
8769,0,LOW,0.4516371786594391,1.1912047863006592
8770,2,SEVERE,0.5827358365058899,1.1954964399337769
8771,0,LOW,0.578677773475647,1.617796778678894
8772,2,SEVERE,0.5665444731712341,1.1760494709014893
8773,2,SEVERE,0.6454128623008728,1.1230032444000244
8774,2,SEVERE,0.6430832147598267,1.0628422498703003
8775,0,LOW,0.542897641658783,1.6560947895050049
8776,2,SEVERE,0.587587296962738,1.0422775745391846
8777,2,SEVERE,0.5632846355438232,1.1012988090515137
8778,2,SEVERE,0.39956134557724,1.277883768081665
8779,2,SEVERE,0.48085910081863403,1.0521856546401978
8780,0,LOW,0.6674702167510986,1.9826338291168213
8781,2,SEVERE,0.5820519924163818,0.9882456064224243
8782,2,SEVERE,0.6036992073059082,1.0663094520568848
8783,2,SEVERE,0.47247758507728577,1.2223882675170898
8784,2,SEVERE,0.44862833619117737,0.9994447827339172
8785,2,SEVERE,0.4729149043560028,1.0010446310043335
8786,0,LOW,0.532461941242218,1.7259914875030518
8787,0,LOW,0.37844058871269226,0.8318320512771606
8788,2,SEVERE,0.4961928129196167,1.0772833824157715
8789,2,SEVERE,0.5559166073799133,1.103400707244873
8790,1,MODERATE,0.4363546669483185,0.7667980194091797
8791,1,MODERATE,0.42537233233451843,0.7245852947235107
8792,2,SEVERE,0.36086568236351013,1.0874159336090088
8793,0,LOW,0.4615287482738495,0.8210813999176025
8794,2,SEVERE,0.4176003038883209,1.0586045980453491
8795,1,MODERATE,0.347208172082901,0.7394074201583862
8796,2,SEVERE,0.4277641475200653,1.0272067785263062
8797,2,SEVERE,0.408478707075119,1.0938106775283813
8798,0,LOW,0.3733672499656677,0.4205532670021057
8799,2,SEVERE,0.3468213975429535,1.0050437450408936
8800,0,LOW,0.43877172470092773,0.5549094676971436
8801,0,LOW,0.41215217113494873,0.42822304368019104
8802,0,LOW,0.42977240681648254,0.8097906708717346
8803,1,MODERATE,0.42939692735671997,1.2074792385101318
8804,0,LOW,0.5991535186767578,0.7666042447090149
8805,0,LOW,0.5968014001846313,0.9739127159118652
8806,0,LOW,0.5674098134040833,0.7979126572608948
8807,0,LOW,0.418698251247406,0.491359144449234
8808,0,LOW,0.6043241024017334,0.9362154006958008
8809,0,LOW,0.5926028490066528,0.8074918985366821
8810,0,LOW,0.6550319790840149,0.9462051391601562
8811,0,LOW,0.5852695107460022,0.6852263808250427
8812,0,LOW,0.5477868914604187,0.5877915024757385
8813,0,LOW,0.6470633745193481,0.8350248336791992
8814,0,LOW,0.500635027885437,0.7087727785110474
8815,0,LOW,0.677114725112915,1.2118098735809326
8816,0,LOW,0.6592036485671997,0.9075535535812378
8817,0,LOW,0.4871979355812073,0.855937123298645
8818,0,LOW,0.5328695774078369,0.847518801689148
8819,1,MODERATE,0.6567503213882446,1.086866855621338
8820,0,LOW,0.6039451360702515,0.6723045110702515
8821,0,LOW,0.6616611480712891,0.9184661507606506
8822,0,LOW,0.5630898475646973,0.7811315059661865
8823,2,SEVERE,0.5092747807502747,1.5180933475494385
8824,0,LOW,0.5969675779342651,0.8462346792221069
8825,0,LOW,0.7348162531852722,1.0985345840454102
8826,0,LOW,0.7315133213996887,0.9098888635635376
8827,0,LOW,0.5793588757514954,0.6715081334114075
8828,0,LOW,0.5647656321525574,0.8258025646209717
8829,1,MODERATE,0.3793710768222809,0.638266921043396
8830,0,LOW,0.7532865405082703,1.1685928106307983
8831,0,LOW,0.6418778300285339,0.9164465069770813
8832,0,LOW,0.6452307105064392,0.9587798714637756
8833,0,LOW,0.6012522578239441,1.122268795967102
8834,0,LOW,0.5131562948226929,0.977014422416687
8835,0,LOW,0.6054084897041321,1.0884276628494263
8836,0,LOW,0.5596529841423035,0.9052062630653381
8837,0,LOW,0.718067467212677,0.9499536752700806
8838,0,LOW,0.7182546854019165,1.1569187641143799
8839,0,LOW,0.6000396609306335,0.8944952487945557
8840,0,LOW,0.7410115599632263,1.495403528213501
8841,0,LOW,0.5628681778907776,0.7316277623176575
8842,0,LOW,0.7530402541160583,1.1584608554840088
8843,0,LOW,0.6877713203430176,0.9483931660652161
8844,0,LOW,0.7536709308624268,1.150850772857666
8845,0,LOW,0.5480396747589111,0.7021012902259827
8846,0,LOW,0.7609143257141113,1.173554539680481
8847,0,LOW,0.5421496033668518,1.1151167154312134
8848,0,LOW,0.6888698935508728,1.0495004653930664
8849,0,LOW,0.7313855886459351,1.120862603187561
8850,0,LOW,0.5856543779373169,0.8190548419952393
8851,0,LOW,0.5528326034545898,0.768444836139679
8852,1,MODERATE,0.5465371608734131,1.524873971939087
8853,0,LOW,0.7552787661552429,1.160182237625122
8854,0,LOW,0.6281259059906006,0.8984005451202393
8855,0,LOW,0.674481213092804,1.0895997285842896
8856,0,LOW,0.7630575895309448,1.2882909774780273
8857,0,LOW,0.5746481418609619,0.8501682877540588
8858,0,LOW,0.6766325235366821,1.0088691711425781
8859,0,LOW,0.6352750062942505,0.9262474179267883
8860,0,LOW,0.7083292007446289,1.1832709312438965
8861,0,LOW,0.7066420912742615,1.0687426328659058
8862,0,LOW,0.7113943099975586,1.0883313417434692
8863,1,MODERATE,0.45405563712120056,0.625202476978302
8864,1,MODERATE,0.6166508197784424,1.079870343208313
8865,0,LOW,0.5404049158096313,0.4434906542301178
8866,0,LOW,0.5573592782020569,0.48904192447662354
8867,0,LOW,0.7398623824119568,1.0752354860305786
8868,0,LOW,0.6389017701148987,0.9068377614021301
8869,0,LOW,0.6393057107925415,0.8445150256156921
8870,0,LOW,0.4079121947288513,1.2604596614837646
8871,0,LOW,0.6186583042144775,0.7866858243942261
8872,0,LOW,0.6530202627182007,0.7933086156845093
8873,0,LOW,0.7482016086578369,1.291921615600586
8874,0,LOW,0.579810380935669,0.6938530206680298
8875,0,LOW,0.6997223496437073,0.8395880460739136
8876,0,LOW,0.6645611524581909,1.0296798944473267
8877,0,LOW,0.5968464016914368,0.8509207367897034
8878,0,LOW,0.7386381030082703,1.1042143106460571
8879,1,MODERATE,0.4206629991531372,0.721178412437439
8880,0,LOW,0.6190026998519897,1.1648904085159302
8881,0,LOW,0.6665223836898804,1.077558994293213
8882,0,LOW,0.7454584240913391,1.0932526588439941
8883,0,LOW,0.6183031797409058,0.9312264919281006
8884,0,LOW,0.6276363134384155,0.8968310356140137
8885,0,LOW,0.5103020071983337,0.7872151732444763
8886,1,MODERATE,0.4412592649459839,0.6778011918067932
8887,0,LOW,0.7226823568344116,1.3948118686676025
8888,0,LOW,0.6309638023376465,0.9223238825798035
8889,0,LOW,0.6151723265647888,0.9589191675186157
8890,0,LOW,0.5167313814163208,0.7765411734580994
8891,0,LOW,0.47055286169052124,0.9805812239646912
8892,0,LOW,0.6713593006134033,1.212724208831787
8893,0,LOW,0.5471270084381104,0.6316401362419128
8894,0,LOW,0.6877672672271729,1.0145385265350342
8895,0,LOW,0.5595008730888367,0.6791008114814758
8896,0,LOW,0.6758307814598083,0.8828810453414917
8897,0,LOW,0.6588495969772339,0.7267662286758423
8898,0,LOW,0.5731198191642761,0.6832864284515381
8899,0,LOW,0.536932110786438,0.8223112225532532
8900,0,LOW,0.6834895014762878,0.895504355430603
8901,0,LOW,0.6865966320037842,0.9088703393936157
8902,0,LOW,0.5940768718719482,0.72076815366745
8903,0,LOW,0.6020328402519226,0.8174774050712585
8904,0,LOW,0.5961161255836487,0.8367876410484314
8905,0,LOW,0.4934532046318054,0.7696160674095154
8906,0,LOW,0.721261203289032,1.0942245721817017
8907,0,LOW,0.5894355773925781,0.8169413805007935
8908,0,LOW,0.5463847517967224,0.6455290913581848
8909,0,LOW,0.5775858759880066,0.630120575428009
8910,0,LOW,0.6223835349082947,0.5913234949111938
8911,1,MODERATE,0.4771491289138794,0.6456499099731445
8912,0,LOW,0.5625500082969666,0.6235296130180359
8913,0,LOW,0.6640337705612183,0.8087209463119507
8914,0,LOW,0.557385265827179,0.6226260662078857
8915,0,LOW,0.53140789270401,0.7204927802085876
8916,0,LOW,0.5013604164123535,0.5642313361167908
8917,0,LOW,0.5842174291610718,0.9112273454666138
8918,0,LOW,0.44656625390052795,0.6949183940887451
8919,0,LOW,0.5145440697669983,0.6324000358581543
8920,0,LOW,0.5433681607246399,0.7124391794204712
8921,0,LOW,0.49253344535827637,0.897523045539856
8922,0,LOW,0.4906517267227173,0.5529075264930725
8923,0,LOW,0.4468267261981964,0.5446618795394897
8924,0,LOW,0.5828004479408264,1.0348246097564697
8925,1,MODERATE,0.4348568618297577,0.7939339876174927
8926,0,LOW,0.5091071724891663,0.6197681427001953
8927,0,LOW,0.4515123963356018,0.7282721996307373
8928,0,LOW,0.4741848111152649,0.5414597392082214
8929,0,LOW,0.4550805985927582,0.6467536687850952
8930,0,LOW,0.42365336418151855,0.5968798995018005
8931,0,LOW,0.5385639071464539,0.6919516921043396
8932,1,MODERATE,0.4386579692363739,1.1258456707000732
8933,0,LOW,0.5544071197509766,0.7399029731750488
8934,0,LOW,0.5329625606536865,0.8094556331634521
8935,1,MODERATE,0.4579814076423645,0.7695513963699341
8936,0,LOW,0.49078884720802307,0.5483081340789795
8937,0,LOW,0.4838126599788666,0.5547291040420532
8938,1,MODERATE,0.44597259163856506,0.7695082426071167
8939,0,LOW,0.5108346343040466,1.027829647064209
8940,0,LOW,0.45072072744369507,0.4741564095020294
8941,0,LOW,0.43951913714408875,0.38354793190956116
8942,1,MODERATE,0.5152610540390015,0.7510305047035217
8943,0,LOW,0.5642868876457214,1.1351068019866943
8944,1,MODERATE,0.5034175515174866,0.8679872751235962
8945,1,MODERATE,0.40035906434059143,0.8525463342666626
8946,0,LOW,0.5036088228225708,0.9429618716239929
8947,1,MODERATE,0.43260401487350464,0.8363819122314453
8948,0,LOW,0.4238387942314148,0.7139925956726074
8949,1,MODERATE,0.46316826343536377,0.8563079833984375
8950,1,MODERATE,0.46298354864120483,0.9841539263725281
8951,1,MODERATE,0.44245168566703796,0.8888127207756042
8952,1,MODERATE,0.5116590261459351,0.7952402830123901
8953,1,MODERATE,0.5153999328613281,1.0133862495422363
8954,1,MODERATE,0.6843682527542114,1.1573405265808105
8955,1,MODERATE,0.6072412729263306,0.9547458291053772
8956,1,MODERATE,0.6239784359931946,0.805575430393219
8957,1,MODERATE,0.6330834031105042,1.0889596939086914
8958,1,MODERATE,0.6438541412353516,1.0889722108840942
8959,1,MODERATE,0.6235007047653198,1.0966579914093018
8960,1,MODERATE,0.5332704782485962,1.5145201683044434
8961,1,MODERATE,0.747512698173523,1.1057575941085815
8962,1,MODERATE,0.6899442672729492,0.9604274034500122
8963,1,MODERATE,0.6725488901138306,1.0276823043823242
8964,1,MODERATE,0.5507365465164185,1.1721960306167603
8965,1,MODERATE,0.6013365983963013,1.2885221242904663
8966,1,MODERATE,0.596138596534729,1.4268853664398193
8967,1,MODERATE,0.6519960165023804,0.9867749810218811
8968,1,MODERATE,0.545439600944519,1.1224162578582764
8969,1,MODERATE,0.6789425611495972,0.9858893156051636
8970,1,MODERATE,0.6332768201828003,1.2758580446243286
8971,1,MODERATE,0.7137675881385803,0.9711790680885315
8972,1,MODERATE,0.6070712208747864,1.2145639657974243
8973,1,MODERATE,0.6803702116012573,1.080254077911377
8974,1,MODERATE,0.6543436050415039,1.099456787109375
8975,1,MODERATE,0.7565449476242065,1.394458293914795
8976,1,MODERATE,0.6681033372879028,0.9814713001251221
8977,1,MODERATE,0.5949989557266235,1.1375635862350464
8978,1,MODERATE,0.7665355801582336,1.2794536352157593
8979,1,MODERATE,0.6710000038146973,1.059805989265442
8980,1,MODERATE,0.684930145740509,1.0680458545684814
8981,1,MODERATE,0.5610881447792053,1.0611131191253662
8982,1,MODERATE,0.611984133720398,1.1565879583358765
8983,1,MODERATE,0.6431165933609009,1.125678300857544
8984,1,MODERATE,0.5431523323059082,0.7935870289802551
8985,1,MODERATE,0.5021178126335144,1.012019157409668
8986,1,MODERATE,0.6327731013298035,1.299576997756958
8987,1,MODERATE,0.710853636264801,0.9940161108970642
8988,1,MODERATE,0.6326080560684204,0.8267914652824402
8989,1,MODERATE,0.6380615234375,1.0069292783737183
8990,1,MODERATE,0.6778311133384705,1.1882646083831787
8991,1,MODERATE,0.7576844096183777,1.2726584672927856
8992,1,MODERATE,0.6176005005836487,1.0984796285629272
8993,1,MODERATE,0.5601264238357544,1.1743301153182983
8994,1,MODERATE,0.7846094369888306,1.2047600746154785
8995,1,MODERATE,0.6104432344436646,0.9421178102493286
8996,1,MODERATE,0.6798771023750305,1.1341583728790283
8997,1,MODERATE,0.564889669418335,1.1944938898086548
8998,1,MODERATE,0.6269327998161316,1.0291773080825806
8999,1,MODERATE,0.7203888297080994,1.1462613344192505
9000,1,MODERATE,0.7080874443054199,1.0718398094177246
9001,1,MODERATE,0.5308923721313477,1.1349186897277832
9002,1,MODERATE,0.5170284509658813,1.0954800844192505
9003,1,MODERATE,0.5477803945541382,0.8566737174987793
9004,1,MODERATE,0.5575624108314514,0.8346422910690308
9005,1,MODERATE,0.5545467138290405,0.894147515296936
9006,1,MODERATE,0.5288177728652954,0.9413575530052185
9007,0,LOW,0.41024500131607056,0.26985856890678406
9008,1,MODERATE,0.5799475312232971,1.0305359363555908
9009,0,LOW,0.41701358556747437,0.3958665728569031
9010,1,MODERATE,0.38563114404678345,1.1736388206481934
9011,0,LOW,0.388911634683609,0.7418192625045776
9012,1,MODERATE,0.5407728552818298,0.7239691019058228
9013,0,LOW,0.5006962418556213,0.8451583385467529
9014,1,MODERATE,0.5064058303833008,0.7312318086624146
9015,0,LOW,0.4823187291622162,0.43592512607574463
9016,0,LOW,0.4634644389152527,0.4374063313007355
9017,0,LOW,0.5508622527122498,0.7951270341873169
9018,0,LOW,0.4901484251022339,0.5964725017547607
9019,0,LOW,0.4953233599662781,0.9262595772743225
9020,0,LOW,0.64791339635849,0.9032434225082397
9021,0,LOW,0.6415748596191406,1.1035709381103516
9022,0,LOW,0.6676112413406372,0.7744318246841431
9023,0,LOW,0.5923222303390503,0.7481603622436523
9024,0,LOW,0.4939499497413635,1.0335325002670288
9025,0,LOW,0.642444372177124,0.9147767424583435
9026,0,LOW,0.5683823823928833,0.6704549789428711
9027,0,LOW,0.5557289123535156,0.6563509702682495
9028,0,LOW,0.6761852502822876,0.7559028267860413
9029,0,LOW,0.47484275698661804,0.39904817938804626
9030,0,LOW,0.4497058689594269,0.3219637870788574
9031,0,LOW,0.5077440738677979,0.5425355434417725
9032,0,LOW,0.5085879564285278,0.6031222939491272
9033,0,LOW,0.4866489768028259,0.3780539333820343
9034,1,MODERATE,0.4982890188694,0.9532712697982788
9035,1,MODERATE,0.3709148168563843,0.5377994179725647
9036,0,LOW,0.448774516582489,0.5127723813056946
9037,1,MODERATE,0.41352733969688416,0.6382884383201599
9038,0,LOW,0.4031631052494049,0.4348512887954712
9039,0,LOW,0.38135528564453125,0.3028697669506073
9040,0,LOW,0.5089710354804993,0.8317162990570068
9041,2,SEVERE,0.5133308172225952,1.213753581047058
9042,1,MODERATE,0.4035542905330658,0.8360370397567749
9043,1,MODERATE,0.42691439390182495,0.7995588183403015
9044,1,MODERATE,0.39849045872688293,0.623292088508606
9045,2,SEVERE,0.42064976692199707,0.7889397740364075
9046,2,SEVERE,0.42406025528907776,0.7970262765884399
9047,0,LOW,0.6022506356239319,1.2665151357650757
9048,1,MODERATE,0.6613392233848572,1.5254312753677368
9049,2,SEVERE,0.41902753710746765,0.9115708470344543
9050,2,SEVERE,0.4876791536808014,0.8617424368858337
9051,1,MODERATE,0.43038126826286316,1.0485235452651978
9052,2,SEVERE,0.36353054642677307,1.3354830741882324
9053,2,SEVERE,0.5927132964134216,1.1202664375305176
9054,2,SEVERE,0.4950561225414276,1.0898642539978027
9055,2,SEVERE,0.5350506901741028,1.0671491622924805
9056,2,SEVERE,0.49585404992103577,1.0961759090423584
9057,2,SEVERE,0.5178004503250122,1.0923330783843994
9058,2,SEVERE,0.6272794008255005,1.227881669998169
9059,1,MODERATE,0.4410632252693176,1.1722058057785034
9060,2,SEVERE,0.5491093993186951,1.1396585702896118
9061,2,SEVERE,0.5464910864830017,1.2679393291473389
9062,2,SEVERE,0.6450250744819641,1.25470769405365
9063,2,SEVERE,0.6254475116729736,1.1822878122329712
9064,2,SEVERE,0.5921373963356018,1.1981773376464844
9065,2,SEVERE,0.5304020643234253,1.2370461225509644
9066,2,SEVERE,0.6279903054237366,1.2187309265136719
9067,2,SEVERE,0.4847451150417328,1.1677792072296143
9068,2,SEVERE,0.6031252145767212,1.1652865409851074
9069,2,SEVERE,0.6443350911140442,1.201399326324463
9070,2,SEVERE,0.6485363245010376,1.2240798473358154
9071,2,SEVERE,0.47570863366127014,1.394352674484253
9072,2,SEVERE,0.6232590675354004,1.2095398902893066
9073,2,SEVERE,0.48702916502952576,1.4296494722366333
9074,2,SEVERE,0.6119909286499023,1.2172600030899048
9075,0,LOW,0.5635606646537781,1.55301034450531
9076,2,SEVERE,0.5280975103378296,1.0957131385803223
9077,2,SEVERE,0.49515804648399353,1.179413080215454
9078,2,SEVERE,0.5318930149078369,1.1555373668670654
9079,2,SEVERE,0.514631986618042,1.0901050567626953
9080,2,SEVERE,0.5989319682121277,1.110168695449829
9081,2,SEVERE,0.5192883014678955,1.0583693981170654
9082,2,SEVERE,0.6619599461555481,1.4010891914367676
9083,2,SEVERE,0.568356454372406,1.0404390096664429
9084,1,MODERATE,0.41156551241874695,0.785476803779602
9085,2,SEVERE,0.6048784255981445,1.2052373886108398
9086,2,SEVERE,0.448891282081604,1.0559360980987549
9087,1,MODERATE,0.46546462178230286,1.0165783166885376
9088,2,SEVERE,0.44436901807785034,1.2079229354858398
9089,2,SEVERE,0.4751100242137909,1.0461087226867676
9090,2,SEVERE,0.49588871002197266,1.047118067741394
9091,0,LOW,0.4659188985824585,1.4781386852264404
9092,2,SEVERE,0.4147581458091736,1.2415724992752075
9093,2,SEVERE,0.5902173519134521,1.4524109363555908
9094,0,LOW,0.472461074590683,1.4071348905563354
9095,2,SEVERE,0.526168167591095,1.1179556846618652
9096,2,SEVERE,0.526168167591095,1.1179556846618652
9097,2,SEVERE,0.43093374371528625,1.0621811151504517
9098,1,MODERATE,0.48633867502212524,0.7910289764404297
9099,2,SEVERE,0.5067347288131714,1.0565811395645142
9100,2,SEVERE,0.4604029953479767,1.0391868352890015
9101,0,LOW,0.4545888602733612,1.147812843322754
9102,0,LOW,0.601795494556427,1.4006152153015137
9103,2,SEVERE,0.6744776964187622,1.6338276863098145
9104,1,MODERATE,0.35669001936912537,0.7789126038551331
9105,2,SEVERE,0.45407137274742126,1.102373719215393
9106,2,SEVERE,0.48598170280456543,1.0716243982315063
9107,0,LOW,0.3651247024536133,0.521959125995636
9108,2,SEVERE,0.6204209327697754,1.65299391746521
9109,2,SEVERE,0.4849332571029663,1.115962266921997
9110,1,MODERATE,0.46119850873947144,0.7881498336791992
9111,1,MODERATE,0.4308854937553406,0.7669758796691895
9112,1,MODERATE,0.33635398745536804,0.6895321607589722
9113,2,SEVERE,0.7894509434700012,2.2475051879882812
9114,1,MODERATE,0.4970899224281311,0.7552568912506104
9115,1,MODERATE,0.3925151526927948,0.5853934288024902
9116,1,MODERATE,0.5189542770385742,0.7341610193252563
9117,2,SEVERE,0.4189501702785492,0.9343536496162415
9118,2,SEVERE,0.4055613875389099,0.9403592348098755
9119,1,MODERATE,0.535910964012146,0.7399700880050659
9120,0,LOW,0.35697686672210693,0.49046456813812256
9121,1,MODERATE,0.3843737840652466,0.8047158122062683
9122,0,LOW,0.5533269643783569,1.3113884925842285
9123,2,SEVERE,0.38731858134269714,0.9429052472114563
9124,0,LOW,0.3605036437511444,0.7989048361778259
9125,2,SEVERE,0.39050427079200745,0.8206925392150879
9126,1,MODERATE,0.5358819365501404,0.8028978109359741
9127,1,MODERATE,0.3849089443683624,0.5823062062263489
9128,1,MODERATE,0.6551704406738281,1.1129257678985596
9129,1,MODERATE,0.7722334265708923,1.5748685598373413
9130,1,MODERATE,0.42801231145858765,0.5621612071990967
9131,0,LOW,0.3936702013015747,0.34907180070877075
9132,1,MODERATE,0.5260932445526123,0.8516812920570374
9133,0,LOW,0.4120190441608429,0.5009227991104126
9134,1,MODERATE,0.4512523412704468,0.538946807384491
9135,1,MODERATE,0.3978336751461029,0.6612725853919983
9136,1,MODERATE,0.4771144986152649,0.6504874229431152
9137,0,LOW,0.41510188579559326,0.63056480884552
9138,0,LOW,0.37057384848594666,0.5812363028526306
9139,1,MODERATE,0.43675458431243896,0.5774213075637817
9140,1,MODERATE,0.4061456620693207,0.8072602152824402
9141,1,MODERATE,0.5482998490333557,0.8004086017608643
9142,1,MODERATE,0.5127744674682617,0.6470251083374023
9143,0,LOW,0.39013558626174927,0.6032668352127075
9144,1,MODERATE,0.5076429843902588,0.7727124691009521
9145,1,MODERATE,0.6672187447547913,1.1002599000930786
9146,1,MODERATE,0.3764825761318207,0.6158162951469421
9147,1,MODERATE,0.3965407609939575,0.6267068982124329
9148,0,LOW,0.5141310691833496,0.44046902656555176
9149,1,MODERATE,0.3885221481323242,0.612078070640564
9150,1,MODERATE,0.4549154043197632,0.7368220090866089
9151,0,LOW,0.37548673152923584,0.3069182336330414
9152,0,LOW,0.5696204900741577,1.2292133569717407
9153,0,LOW,0.35745054483413696,0.38425347208976746
9154,1,MODERATE,0.6028196215629578,0.6681145429611206
9155,1,MODERATE,0.4408004879951477,0.6170167922973633
9156,1,MODERATE,0.4583494961261749,0.5769246816635132
9157,1,MODERATE,0.40561413764953613,0.5375591516494751
9158,1,MODERATE,0.49734407663345337,0.6098579168319702
9159,0,LOW,0.4830632507801056,0.34022560715675354
9160,1,MODERATE,0.47940075397491455,0.5157182216644287
9161,0,LOW,0.366634726524353,0.29668599367141724
9162,0,LOW,0.5834560990333557,0.7779086232185364
9163,0,LOW,0.4549212157726288,0.4331989884376526
9164,0,LOW,0.6128562092781067,1.1311966180801392
9165,1,MODERATE,0.4026237428188324,0.4839392304420471
9166,0,LOW,0.6879812479019165,1.2408456802368164
9167,0,LOW,0.39130598306655884,0.18711286783218384
9168,0,LOW,0.4470215141773224,0.41175374388694763
9169,1,MODERATE,0.4480242431163788,0.6621030569076538
9170,1,MODERATE,0.4797682762145996,0.5514216423034668
9171,0,LOW,0.43862640857696533,0.2687050402164459
9172,0,LOW,0.4383294880390167,0.2687058448791504
9173,0,LOW,0.3825414776802063,0.27002227306365967
9174,1,MODERATE,0.45411673188209534,0.5798567533493042
9175,0,LOW,0.39553502202033997,0.21240234375
9176,0,LOW,0.4197008013725281,0.3473471999168396
9177,0,LOW,0.43031102418899536,0.23181504011154175
9178,1,MODERATE,0.37695929408073425,0.46857115626335144
9179,0,LOW,0.4494251310825348,0.2851179838180542
9180,0,LOW,0.4334425628185272,0.2709811329841614
9181,2,SEVERE,0.6474890112876892,1.5209927558898926
9182,1,MODERATE,0.6871232986450195,0.8136774301528931
9183,0,LOW,0.49482080340385437,0.40609288215637207
9184,0,LOW,0.4979090988636017,0.6213509440422058
9185,0,LOW,0.40783625841140747,0.25633540749549866
9186,0,LOW,0.5677446126937866,0.7232275009155273
9187,0,LOW,0.4507976770401001,0.2712019085884094
9188,0,LOW,0.4230465292930603,0.24650700390338898
9189,0,LOW,0.39893969893455505,0.22518467903137207
9190,0,LOW,0.48341402411460876,0.4420844316482544
9191,0,LOW,0.44679564237594604,0.38225942850112915
9192,2,SEVERE,0.5987985730171204,1.3832964897155762
9193,1,MODERATE,0.3692316710948944,0.5910013318061829
9194,0,LOW,0.43617185950279236,0.42396828532218933
9195,1,MODERATE,0.508179783821106,0.8041596412658691
9196,0,LOW,0.5213311314582825,0.7509928345680237
9197,0,LOW,0.5069348216056824,0.8341413140296936
9198,0,LOW,0.41671890020370483,0.4695431590080261
9199,1,MODERATE,0.4519009292125702,0.42255935072898865
9200,0,LOW,0.40403395891189575,0.7853436470031738
9201,0,LOW,0.36500227451324463,0.6038162708282471
9202,1,MODERATE,0.4374920725822449,0.5248398780822754
9203,1,MODERATE,0.3864811658859253,0.6186485290527344
9204,1,MODERATE,0.5827859044075012,1.054176926612854
9205,0,LOW,0.7629504203796387,1.3329871892929077
9206,0,LOW,0.5077666640281677,0.9250868558883667
9207,1,MODERATE,0.4437389075756073,0.593402087688446
9208,0,LOW,0.6465518474578857,1.4249149560928345
9209,2,SEVERE,0.4217334985733032,0.8729198575019836
9210,1,MODERATE,0.429963618516922,0.6047530174255371
9211,1,MODERATE,0.7716360688209534,1.6089441776275635
9212,0,LOW,0.4814658761024475,0.4265117645263672
9213,2,SEVERE,0.4223388731479645,0.9043435454368591
9214,0,LOW,0.4470076560974121,0.4075045585632324
9215,1,MODERATE,0.6704328060150146,1.201221227645874
9216,1,MODERATE,0.37527573108673096,0.5845304131507874
9217,1,MODERATE,0.5425660014152527,0.6904221177101135
9218,0,LOW,0.49601513147354126,0.5664078593254089
9219,1,MODERATE,0.4241318702697754,0.6048399806022644
9220,0,LOW,0.42894163727760315,0.2596890330314636
9221,0,LOW,0.5536587834358215,0.952717125415802
9222,1,MODERATE,0.38967064023017883,0.42779096961021423
9223,0,LOW,0.35010218620300293,0.5268371105194092
9224,0,LOW,0.6262452602386475,1.1850847005844116
9225,2,SEVERE,0.37813708186149597,0.8118016719818115
9226,2,SEVERE,0.37813708186149597,0.8118016719818115
9227,0,LOW,0.4459001123905182,0.8641768097877502
9228,1,MODERATE,0.44599249958992004,0.5822378993034363
9229,1,MODERATE,0.4981289505958557,0.6397817134857178
9230,1,MODERATE,0.40460288524627686,0.46226054430007935
9231,0,LOW,0.49647122621536255,0.5019294023513794
9232,2,SEVERE,0.4099445343017578,0.965974748134613
9233,2,SEVERE,0.3549026846885681,0.8180577158927917
9234,1,MODERATE,0.38851505517959595,0.4302794337272644
9235,0,LOW,0.34358832240104675,0.34943413734436035
9236,1,MODERATE,0.46707800030708313,0.6155050992965698
9237,0,LOW,0.43070530891418457,0.4324745833873749
9238,0,LOW,0.468667209148407,0.586305558681488
9239,0,LOW,0.6689651012420654,1.128114938735962
9240,0,LOW,0.6300894021987915,1.0516631603240967
9241,0,LOW,0.38986843824386597,0.8347218036651611
9242,2,SEVERE,0.42555108666419983,0.6163503527641296
9243,0,LOW,0.42113566398620605,1.0456498861312866
9244,0,LOW,0.4373663067817688,0.9917576909065247
9245,2,SEVERE,0.7520293593406677,1.811628818511963
9246,0,LOW,0.4509980082511902,0.7793152332305908
9247,2,SEVERE,0.42839595675468445,0.6761767864227295
9248,1,MODERATE,0.33957144618034363,0.5577916502952576
9249,1,MODERATE,0.44979459047317505,0.7054898738861084
9250,2,SEVERE,0.402654767036438,0.7712660431861877
9251,2,SEVERE,0.40433573722839355,0.9197072386741638
9252,2,SEVERE,0.5024152994155884,1.0228335857391357
9253,1,MODERATE,0.4169335663318634,0.9089115858078003
9254,2,SEVERE,0.6101558208465576,1.0768041610717773
9255,2,SEVERE,0.4050462245941162,0.8826248049736023
9256,2,SEVERE,0.524208664894104,0.9627436399459839
9257,2,SEVERE,0.5065746903419495,0.9088962078094482
9258,2,SEVERE,0.523823618888855,0.905685544013977
9259,2,SEVERE,0.4506847560405731,0.9870005249977112
9260,2,SEVERE,0.46307024359703064,0.9522135853767395
9261,2,SEVERE,0.5217128992080688,0.9537254571914673
9262,2,SEVERE,0.5246353149414062,0.9624823927879333
9263,2,SEVERE,0.5332185626029968,0.9948008060455322
9264,2,SEVERE,0.42606937885284424,1.1713331937789917
9265,1,MODERATE,0.4914657771587372,1.2157138586044312
9266,2,SEVERE,0.5507680773735046,0.9798219799995422
9267,2,SEVERE,0.8194385766983032,1.885286569595337
9268,2,SEVERE,0.4893254041671753,0.9887102842330933
9269,2,SEVERE,0.6353706121444702,1.0682071447372437
9270,2,SEVERE,0.4836467504501343,1.047633171081543
9271,1,MODERATE,0.6770612001419067,1.6414685249328613
9272,1,MODERATE,0.36292651295661926,0.7594460844993591
9273,0,LOW,0.44304871559143066,1.4394948482513428
9274,2,SEVERE,0.5766915678977966,1.0776159763336182
9275,2,SEVERE,0.5997128486633301,1.0745949745178223
9276,2,SEVERE,0.5769959092140198,1.02915358543396
9277,2,SEVERE,0.8189319968223572,2.120971202850342
9278,0,LOW,0.6487754583358765,1.5782864093780518
9279,2,SEVERE,0.6918202042579651,1.21180260181427
9280,2,SEVERE,0.5177070498466492,1.0626568794250488
9281,2,SEVERE,0.5307719111442566,1.4241076707839966
9282,2,SEVERE,0.3899933099746704,1.601292610168457
9283,2,SEVERE,0.6077983379364014,1.1671137809753418
9284,2,SEVERE,0.5680038332939148,1.1152660846710205
9285,2,SEVERE,0.36009278893470764,1.6353050470352173
9286,0,LOW,0.43574947118759155,1.451096773147583
9287,2,SEVERE,0.4723788797855377,1.333672285079956
9288,2,SEVERE,0.6521950364112854,1.175411343574524
9289,2,SEVERE,0.4567938446998596,1.4522961378097534
9290,2,SEVERE,0.5656729340553284,1.087065577507019
9291,2,SEVERE,0.5102103352546692,1.3676507472991943
9292,2,SEVERE,0.514780580997467,1.232061505317688
9293,2,SEVERE,0.6355610489845276,1.162423849105835
9294,2,SEVERE,0.6019872426986694,1.1319957971572876
9295,0,LOW,0.37304064631462097,0.9003418684005737
9296,2,SEVERE,0.5343977212905884,1.1296144723892212
9297,2,SEVERE,0.652350127696991,1.1769119501113892
9298,2,SEVERE,0.7090961337089539,1.2889349460601807
9299,2,SEVERE,0.5540842413902283,1.2682106494903564
9300,2,SEVERE,0.7216750979423523,1.3584691286087036
9301,2,SEVERE,0.5910826325416565,1.1856049299240112
9302,2,SEVERE,0.6059426665306091,1.2065613269805908
9303,2,SEVERE,0.5424165725708008,1.3768832683563232
9304,2,SEVERE,0.6949635744094849,1.2055336236953735
9305,2,SEVERE,0.7388672232627869,1.3401741981506348
9306,2,SEVERE,0.7032833695411682,1.3161189556121826
9307,0,LOW,0.5327951908111572,1.680202841758728
9308,2,SEVERE,0.5958804488182068,1.3898831605911255
9309,2,SEVERE,0.6823388338088989,1.226272702217102
9310,2,SEVERE,0.6893160939216614,1.2321507930755615
9311,2,SEVERE,0.7001880407333374,1.2442706823349
9312,2,SEVERE,0.5906317234039307,1.2350484132766724
9313,2,SEVERE,0.6388426423072815,1.4814882278442383
9314,2,SEVERE,0.6676698327064514,1.3619818687438965
9315,2,SEVERE,0.6362009644508362,1.3619818687438965
9316,2,SEVERE,0.6984411478042603,1.2947931289672852
9317,0,LOW,0.4780859053134918,1.794888973236084
9318,2,SEVERE,0.5895613431930542,1.2734782695770264
9319,2,SEVERE,0.6246209144592285,1.4449753761291504
9320,2,SEVERE,0.90948486328125,2.227276563644409
9321,1,MODERATE,0.5107489824295044,1.744208812713623
9322,2,SEVERE,0.6179499626159668,1.437707781791687
9323,2,SEVERE,0.5383907556533813,1.6214041709899902
9324,2,SEVERE,0.6846391558647156,1.3477914333343506
9325,2,SEVERE,0.6477950811386108,1.2328879833221436
9326,2,SEVERE,0.6996666789054871,1.279543399810791
9327,2,SEVERE,0.5588945746421814,1.59126877784729
9328,0,LOW,0.5509986281394958,1.759211540222168
9329,2,SEVERE,0.6646562814712524,1.219864010810852
9330,2,SEVERE,0.6547307968139648,1.2061361074447632
9331,2,SEVERE,0.5461863279342651,1.411862850189209
9332,2,SEVERE,0.7119065523147583,1.2974133491516113
9333,2,SEVERE,0.6605405211448669,1.1546169519424438
9334,2,SEVERE,0.6228832006454468,1.2071291208267212
9335,2,SEVERE,0.6605668663978577,1.2211713790893555
9336,2,SEVERE,0.6429587602615356,1.2313661575317383
9337,2,SEVERE,0.5027174949645996,1.3942058086395264
9338,2,SEVERE,0.5030443668365479,1.2819623947143555
9339,2,SEVERE,0.555594265460968,1.230125069618225
9340,2,SEVERE,0.6024324297904968,1.1676065921783447
9341,2,SEVERE,0.6643638610839844,1.382149338722229
9342,2,SEVERE,0.4863252639770508,1.1869025230407715
9343,0,LOW,0.46006304025650024,1.593906044960022
9344,2,SEVERE,0.616773784160614,1.2467596530914307
9345,2,SEVERE,0.42175349593162537,1.1072443723678589
9346,2,SEVERE,0.4227119982242584,1.2789915800094604
9347,2,SEVERE,0.48339954018592834,1.112112045288086
9348,0,LOW,0.4596670866012573,1.183218002319336
9349,2,SEVERE,0.7621015906333923,2.1603715419769287
9350,2,SEVERE,0.4338615834712982,1.1377198696136475
9351,2,SEVERE,0.4312255382537842,1.0870283842086792
9352,2,SEVERE,0.4657823145389557,0.9943990707397461
9353,2,SEVERE,0.3916856646537781,1.1262173652648926
9354,2,SEVERE,0.4607188105583191,1.1257330179214478
9355,2,SEVERE,0.4052298963069916,1.0048593282699585
9356,2,SEVERE,0.46577706933021545,1.0717425346374512
9357,1,MODERATE,0.3831111788749695,0.6011898517608643
9358,0,LOW,0.46594762802124023,0.8214048147201538
9359,2,SEVERE,0.41541942954063416,0.9604275822639465
9360,2,SEVERE,0.4042682349681854,0.9037714004516602
9361,2,SEVERE,0.44068393111228943,1.0052651166915894
9362,0,LOW,0.6712471842765808,1.2585136890411377
9363,0,LOW,0.4586631655693054,0.4666096568107605
9364,0,LOW,0.4387836158275604,0.2929408550262451
9365,2,SEVERE,0.44633612036705017,1.016824722290039
9366,0,LOW,0.45162659883499146,0.41906723380088806
9367,0,LOW,0.4364585280418396,0.45765921473503113
9368,0,LOW,0.41681140661239624,0.47388046979904175
9369,0,LOW,0.5265865921974182,0.46412748098373413
9370,0,LOW,0.5255616903305054,0.5956088900566101
9371,0,LOW,0.6430650949478149,0.7759995460510254
9372,0,LOW,0.4966437518596649,0.9888947010040283
9373,0,LOW,0.6026766896247864,0.6564980149269104
9374,0,LOW,0.6072660684585571,0.6608450412750244
9375,0,LOW,0.613879382610321,0.6608450412750244
9376,0,LOW,0.44739580154418945,0.9104692339897156
9377,0,LOW,0.7432568669319153,1.0899145603179932
9378,0,LOW,0.7005868554115295,0.8956398963928223
9379,0,LOW,0.7053446173667908,1.159732460975647
9380,0,LOW,0.6462908387184143,0.8339152932167053
9381,0,LOW,0.5382547974586487,0.7795314788818359
9382,0,LOW,0.6652307510375977,0.8666591048240662
9383,0,LOW,0.8306053280830383,1.618661880493164
9384,0,LOW,0.6756019592285156,1.0209925174713135
9385,0,LOW,0.6883814930915833,1.234440565109253
9386,0,LOW,0.7910559177398682,1.1335995197296143
9387,0,LOW,0.722746729850769,1.0175845623016357
9388,0,LOW,0.7545727491378784,1.099164366722107
9389,0,LOW,0.618815541267395,0.9136245846748352
9390,0,LOW,0.6475550532341003,0.9113948941230774
9391,0,LOW,0.7338950037956238,1.1217304468154907
9392,0,LOW,0.44220539927482605,1.3708364963531494
9393,0,LOW,0.7886143922805786,1.2277897596359253
9394,0,LOW,0.6276155710220337,0.7591649889945984
9395,0,LOW,0.6755916476249695,1.0813074111938477
9396,0,LOW,0.5431796312332153,0.8127877116203308
9397,0,LOW,0.6105705499649048,0.9045306444168091
9398,1,MODERATE,0.48893797397613525,1.105893850326538
9399,0,LOW,0.4547065198421478,0.748932421207428
9400,0,LOW,0.6808578968048096,0.9263869524002075
9401,0,LOW,0.4147874414920807,0.977548360824585
9402,0,LOW,0.5608436465263367,0.7253007888793945
9403,0,LOW,0.571967363357544,0.7441917657852173
9404,0,LOW,0.640568196773529,0.8503364324569702
9405,0,LOW,0.58030766248703,0.6716750264167786
9406,0,LOW,0.6634230613708496,0.9832289814949036
9407,0,LOW,0.5060753226280212,0.5253646373748779
9408,0,LOW,0.500575065612793,0.6017906665802002
9409,0,LOW,0.6386162042617798,0.8052362203598022
9410,0,LOW,0.7504996657371521,1.1059226989746094
9411,1,MODERATE,0.6912924647331238,1.2726961374282837
9412,0,LOW,0.656782329082489,0.9236120581626892
9413,0,LOW,0.6539691686630249,0.896317720413208
9414,0,LOW,0.5340644121170044,0.7989638447761536
9415,0,LOW,0.45215660333633423,1.5149002075195312
9416,1,MODERATE,0.6347712278366089,0.9949159622192383
9417,0,LOW,0.7546414732933044,1.2075831890106201
9418,0,LOW,0.6450542211532593,0.8704538345336914
9419,0,LOW,0.6753523945808411,0.9250149726867676
9420,0,LOW,0.7143965363502502,0.9650624394416809
9421,0,LOW,0.7382907867431641,1.0624663829803467
9422,0,LOW,0.7980234026908875,1.4432531595230103
9423,0,LOW,0.6612421870231628,1.1160041093826294
9424,0,LOW,0.6535086035728455,1.0171055793762207
9425,1,MODERATE,0.5182409286499023,1.0536811351776123
9426,0,LOW,0.7257809638977051,0.9614545106887817
9427,0,LOW,0.5778602957725525,0.7148705124855042
9428,0,LOW,0.7999699115753174,1.554060935974121
9429,0,LOW,0.6118035316467285,0.8100738525390625
9430,0,LOW,0.6878511309623718,0.8297116756439209
9431,1,MODERATE,0.4706297516822815,0.5877866148948669
9432,0,LOW,0.5814984440803528,0.6397161483764648
9433,0,LOW,0.5496620535850525,0.5735414028167725
9434,0,LOW,0.5823050141334534,0.6259954571723938
9435,1,MODERATE,0.5500192046165466,0.9596078395843506
9436,0,LOW,0.7011825442314148,0.9082634449005127
9437,0,LOW,0.6970926523208618,0.9100754261016846
9438,0,LOW,0.7193681001663208,1.1872506141662598
9439,0,LOW,0.6123450398445129,0.8449786901473999
9440,0,LOW,0.6884346604347229,0.9844997525215149
9441,0,LOW,0.6529515981674194,0.72591632604599
9442,0,LOW,0.6119357347488403,0.7751069068908691
9443,0,LOW,0.6549564003944397,0.9189990162849426
9444,0,LOW,0.6124513745307922,0.7025535702705383
9445,0,LOW,0.5956017971038818,0.7719733715057373
9446,0,LOW,0.6775302886962891,0.8706220388412476
9447,0,LOW,0.4696463644504547,1.0945050716400146
9448,0,LOW,0.6823221445083618,0.917110025882721
9449,0,LOW,0.6998224258422852,1.0601210594177246
9450,0,LOW,0.6515009999275208,0.9129161238670349
9451,0,LOW,0.600426435470581,0.8268819451332092
9452,0,LOW,0.5612483620643616,0.7192712426185608
9453,0,LOW,0.6497820019721985,1.078306794166565
9454,0,LOW,0.7618339657783508,1.1449668407440186
9455,0,LOW,0.7184202671051025,0.9950412511825562
9456,0,LOW,0.7516404390335083,1.013861060142517
9457,1,MODERATE,0.5438465476036072,0.9309045076370239
9458,0,LOW,0.5547401309013367,0.5203801393508911
9459,0,LOW,0.4787333905696869,0.7593657970428467
9460,0,LOW,0.6970456838607788,0.9781596660614014
9461,0,LOW,0.4150363802909851,1.4131523370742798
9462,0,LOW,0.4663161039352417,0.5735815167427063
9463,0,LOW,0.4933210611343384,1.1766252517700195
9464,0,LOW,0.4722195863723755,0.7788248658180237
9465,0,LOW,0.6695837378501892,1.0759801864624023
9466,0,LOW,0.5095022916793823,0.9272436499595642
9467,0,LOW,0.5263407230377197,1.0027596950531006
9468,0,LOW,0.6248399019241333,0.9911277294158936
9469,0,LOW,0.6866211891174316,1.3611855506896973
9470,0,LOW,0.5525678992271423,0.9525375366210938
9471,1,MODERATE,0.5931478142738342,1.1705501079559326
9472,0,LOW,0.5137773156166077,0.6817238330841064
9473,0,LOW,0.5675230026245117,0.748615026473999
9474,0,LOW,0.5321728587150574,1.0117491483688354
9475,0,LOW,0.5897677540779114,1.2208577394485474
9476,0,LOW,0.5912507772445679,0.8575102090835571
9477,1,MODERATE,0.5004416704177856,1.0522031784057617
9478,0,LOW,0.5598810315132141,0.9016749858856201
9479,0,LOW,0.6391171813011169,1.3394715785980225
9480,1,MODERATE,0.4553292989730835,0.8207213878631592
9481,0,LOW,0.45632749795913696,0.45274123549461365
9482,1,MODERATE,0.501356303691864,0.8233082890510559
9483,0,LOW,0.6114044189453125,1.2553513050079346
9484,0,LOW,0.5058900117874146,0.6280528903007507
9485,1,MODERATE,0.5704479217529297,0.9832413196563721
9486,1,MODERATE,0.5282251238822937,1.1950745582580566
9487,1,MODERATE,0.5754516124725342,1.103569746017456
9488,1,MODERATE,0.5511600375175476,0.8252671360969543
9489,1,MODERATE,0.6723183989524841,0.9501432180404663
9490,1,MODERATE,0.6138728260993958,0.982029914855957
9491,1,MODERATE,0.6896675229072571,1.0252183675765991
9492,1,MODERATE,0.6755125522613525,1.0203568935394287
9493,0,LOW,0.5489711165428162,0.4595523774623871
9494,1,MODERATE,0.509064793586731,1.0474660396575928
9495,1,MODERATE,0.5228556990623474,0.8327004313468933
9496,1,MODERATE,0.6607013940811157,0.9927130937576294
9497,1,MODERATE,0.6501703858375549,1.1275358200073242
9498,1,MODERATE,0.6695307493209839,1.0168951749801636
9499,1,MODERATE,0.6859607100486755,0.9626672863960266
9500,1,MODERATE,0.655102550983429,1.0234394073486328
9501,1,MODERATE,0.5623347759246826,0.6083868145942688
9502,1,MODERATE,0.6952661871910095,1.1442302465438843
9503,1,MODERATE,0.684465765953064,1.28374183177948
9504,1,MODERATE,0.702798068523407,1.0808496475219727
9505,1,MODERATE,0.6996458768844604,1.0786619186401367
9506,1,MODERATE,0.6057587265968323,1.2821547985076904
9507,1,MODERATE,0.581145703792572,1.2195621728897095
9508,1,MODERATE,0.7318180203437805,1.1874895095825195
9509,1,MODERATE,0.782308042049408,1.2568769454956055
9510,1,MODERATE,0.6809237599372864,1.009844422340393
9511,1,MODERATE,0.688198447227478,1.146174430847168
9512,1,MODERATE,0.6744157671928406,1.1171190738677979
9513,1,MODERATE,0.7393617033958435,1.1562235355377197
9514,1,MODERATE,0.5651981234550476,0.7717053890228271
9515,1,MODERATE,0.6847010850906372,1.0058140754699707
9516,1,MODERATE,0.717007577419281,0.9932442903518677
9517,1,MODERATE,0.6770446300506592,1.1203292608261108
9518,1,MODERATE,0.784323513507843,1.1640022993087769
9519,1,MODERATE,0.7983270883560181,1.1640022993087769
9520,1,MODERATE,0.7742589712142944,1.2706289291381836
9521,1,MODERATE,0.6925632953643799,1.0364199876785278
9522,1,MODERATE,0.7199646830558777,1.3358793258666992
9523,1,MODERATE,0.6848693490028381,0.8509140014648438
9524,1,MODERATE,0.644420325756073,1.2723361253738403
9525,1,MODERATE,0.7362818121910095,1.2313661575317383
9526,1,MODERATE,0.7968989610671997,1.2502310276031494
9527,1,MODERATE,0.6845363974571228,1.0472971200942993
9528,1,MODERATE,0.6488109827041626,0.9903648495674133
9529,1,MODERATE,0.6988628506660461,1.0295352935791016
9530,1,MODERATE,0.7353013157844543,1.117506980895996
9531,1,MODERATE,0.6856986880302429,1.070374608039856
9532,2,SEVERE,0.3641977608203888,1.557133436203003
9533,1,MODERATE,0.6928897500038147,0.8230501413345337
9534,1,MODERATE,0.8093869090080261,1.2123973369598389
9535,1,MODERATE,0.6797668933868408,1.023398518562317
9536,1,MODERATE,0.6560889482498169,1.1015324592590332
9537,1,MODERATE,0.7060043215751648,1.0491753816604614
9538,1,MODERATE,0.680976390838623,1.020684838294983
9539,1,MODERATE,0.7054150104522705,1.0465253591537476
9540,1,MODERATE,0.6496726274490356,0.7876423001289368
9541,1,MODERATE,0.7107626795768738,1.0003074407577515
9542,1,MODERATE,0.7412006855010986,1.0146896839141846
9543,1,MODERATE,0.684989333152771,1.3134846687316895
9544,1,MODERATE,0.6824365854263306,1.0373542308807373
9545,1,MODERATE,0.666840672492981,0.9692172408103943
9546,1,MODERATE,0.6713693141937256,0.7693149447441101
9547,1,MODERATE,0.7266041040420532,0.9603444337844849
9548,1,MODERATE,0.799543559551239,1.3052349090576172
9549,1,MODERATE,0.7037070989608765,0.9819221496582031
9550,1,MODERATE,0.6636346578598022,0.8259297609329224
9551,1,MODERATE,0.6711448431015015,1.0004481077194214
9552,1,MODERATE,0.71642005443573,1.0999326705932617
9553,0,LOW,0.46386829018592834,0.5724436044692993
9554,1,MODERATE,0.6741411089897156,0.9504265189170837
9555,1,MODERATE,0.66445392370224,0.9862873554229736
9556,1,MODERATE,0.5862741470336914,0.807451069355011
9557,1,MODERATE,0.552415132522583,1.2210386991500854
9558,1,MODERATE,0.5862598419189453,1.1908942461013794
9559,1,MODERATE,0.6567283272743225,0.9365569353103638
9560,1,MODERATE,0.6494094133377075,0.9461808204650879
9561,1,MODERATE,0.6279422044754028,0.9195138216018677
9562,1,MODERATE,0.6700595617294312,0.8816702961921692
9563,1,MODERATE,0.49976736307144165,0.5454246401786804
9564,0,LOW,0.409234881401062,0.5841878056526184
9565,1,MODERATE,0.49544909596443176,1.2030186653137207
9566,1,MODERATE,0.6904303431510925,1.1686383485794067
9567,1,MODERATE,0.5971140265464783,0.9149647355079651
9568,1,MODERATE,0.619878888130188,0.9066104292869568
9569,1,MODERATE,0.6117497682571411,0.9263394474983215
9570,1,MODERATE,0.5826082825660706,1.1258258819580078
9571,1,MODERATE,0.5800253748893738,0.8700108528137207
9572,0,LOW,0.6061288714408875,0.4304525554180145
9573,1,MODERATE,0.5299146771430969,0.6183796525001526
9574,0,LOW,0.5065087080001831,0.5927404761314392
9575,0,LOW,0.6163601279258728,0.9088823795318604
9576,0,LOW,0.5182846784591675,0.6785175204277039
9577,0,LOW,0.4861662983894348,0.4849449396133423
9578,0,LOW,0.6429868340492249,1.308638334274292
9579,0,LOW,0.4770783483982086,0.7282240986824036
9580,0,LOW,0.7255330085754395,1.2430312633514404
9581,0,LOW,0.5467341542243958,0.6737198233604431
9582,0,LOW,0.725589394569397,0.9674597978591919
9583,0,LOW,0.6375648975372314,0.7488353848457336
9584,0,LOW,0.5196729898452759,1.2724634408950806
9585,0,LOW,0.730500340461731,0.9700579643249512
9586,0,LOW,0.6817501783370972,0.7229827046394348
9587,0,LOW,0.5437096953392029,0.7182072997093201
9588,0,LOW,0.6665371060371399,0.6754118204116821
9589,0,LOW,0.5793742537498474,0.7138230204582214
9590,0,LOW,0.6242128014564514,0.7769848108291626
9591,0,LOW,0.4538034200668335,0.5079871416091919
9592,0,LOW,0.5895605087280273,1.0195562839508057
9593,0,LOW,0.599295973777771,0.7338032126426697
9594,1,MODERATE,0.6364889740943909,0.9350944757461548
9595,2,SEVERE,0.39476478099823,1.954331398010254
9596,0,LOW,0.4926106631755829,0.3912324905395508
9597,1,MODERATE,0.3750537037849426,0.5781023502349854
9598,0,LOW,0.3836831748485565,0.4101208746433258
9599,1,MODERATE,0.48343580961227417,0.8901199698448181
9600,2,SEVERE,0.38199642300605774,0.9227381348609924
9601,0,LOW,0.40260210633277893,0.3395749628543854
9602,0,LOW,0.41424867510795593,0.47549983859062195
9603,2,SEVERE,0.38285335898399353,0.8899584412574768
9604,1,MODERATE,0.5064838528633118,0.986736536026001
9605,2,SEVERE,0.4507753849029541,0.814948558807373
9606,2,SEVERE,0.4433441162109375,0.8347009420394897
9607,2,SEVERE,0.39179742336273193,0.8101271390914917
9608,2,SEVERE,0.43952351808547974,0.7427173852920532
9609,1,MODERATE,0.39622414112091064,1.1339190006256104
9610,1,MODERATE,0.36257484555244446,0.8322685956954956
9611,2,SEVERE,0.39124056696891785,1.2533175945281982
9612,2,SEVERE,0.46881425380706787,0.9711461067199707
9613,2,SEVERE,0.5348441004753113,1.0459885597229004
9614,2,SEVERE,0.4713592529296875,1.0141656398773193
9615,2,SEVERE,0.3605177700519562,1.169302225112915
9616,2,SEVERE,0.8238874077796936,2.0276618003845215
9617,2,SEVERE,0.5692932605743408,1.1907744407653809
9618,2,SEVERE,0.515861451625824,1.1518490314483643
9619,0,LOW,0.5558866262435913,1.2820409536361694
9620,2,SEVERE,0.3959581255912781,1.3551243543624878
9621,2,SEVERE,0.5369698405265808,1.1911767721176147
9622,2,SEVERE,0.37361156940460205,1.5538146495819092
9623,1,MODERATE,0.4404824674129486,1.1505095958709717
9624,2,SEVERE,0.4659165143966675,1.4153497219085693
9625,2,SEVERE,0.42239850759506226,1.426283359527588
9626,2,SEVERE,0.5127943754196167,1.2140802145004272
9627,2,SEVERE,0.6616886258125305,1.2117714881896973
9628,2,SEVERE,0.6578538417816162,1.2865192890167236
9629,2,SEVERE,0.5179278254508972,1.3664737939834595
9630,2,SEVERE,0.6598101854324341,1.3434807062149048
9631,2,SEVERE,0.6974897384643555,1.3261382579803467
9632,2,SEVERE,0.6848933696746826,1.2389215230941772
9633,2,SEVERE,0.5725244283676147,1.2060467004776
9634,2,SEVERE,0.6729421615600586,1.2772940397262573
9635,2,SEVERE,0.6161226034164429,1.317832112312317
9636,2,SEVERE,0.6162399053573608,1.2373420000076294
9637,2,SEVERE,0.41450193524360657,1.5864332914352417
9638,2,SEVERE,0.46709850430488586,1.8719158172607422
9639,2,SEVERE,0.5762481689453125,1.2578299045562744
9640,2,SEVERE,0.7120091319084167,1.4638549089431763
9641,2,SEVERE,0.6292648911476135,1.198659062385559
9642,2,SEVERE,0.5372421145439148,1.3487802743911743
9643,2,SEVERE,0.7836763262748718,1.7418594360351562
9644,2,SEVERE,0.525638222694397,1.3634397983551025
9645,2,SEVERE,0.5774968266487122,1.3075717687606812
9646,2,SEVERE,0.6252204179763794,1.2438353300094604
9647,2,SEVERE,0.6155700087547302,1.278244137763977
9648,2,SEVERE,0.7646626830101013,1.6365504264831543
9649,2,SEVERE,0.49566787481307983,1.0995705127716064
9650,2,SEVERE,0.7785745859146118,1.6471377611160278
9651,2,SEVERE,0.5883867144584656,1.1965768337249756
9652,2,SEVERE,0.4346769154071808,1.431868076324463
9653,2,SEVERE,0.7038432955741882,1.656601905822754
9654,1,MODERATE,0.39915531873703003,1.0013337135314941
9655,2,SEVERE,0.6227387189865112,1.2406762838363647
9656,2,SEVERE,0.8604744672775269,2.1564834117889404
9657,2,SEVERE,0.5607163310050964,1.1917054653167725
9658,2,SEVERE,0.6355408430099487,1.285210132598877
9659,0,LOW,0.5679653286933899,1.8593297004699707
9660,2,SEVERE,0.5955954790115356,1.1851060390472412
9661,1,MODERATE,0.6263514161109924,1.3525927066802979
9662,2,SEVERE,0.41033676266670227,1.222253441810608
9663,2,SEVERE,0.5871360898017883,1.3969725370407104
9664,1,MODERATE,0.3731245696544647,0.8863120675086975
9665,2,SEVERE,0.574187695980072,1.190037727355957
9666,2,SEVERE,0.49677351117134094,1.1631028652191162
9667,2,SEVERE,0.4719907343387604,1.0920500755310059
9668,2,SEVERE,0.4887928366661072,1.3091962337493896
9669,2,SEVERE,0.39299893379211426,1.2602075338363647
9670,2,SEVERE,0.41602715849876404,1.0412367582321167
9671,2,SEVERE,0.46458107233047485,1.0587910413742065
9672,2,SEVERE,0.3963044583797455,1.2301762104034424
9673,2,SEVERE,0.4756750762462616,1.167311191558838
9674,0,LOW,0.49345216155052185,1.4496448040008545
9675,2,SEVERE,0.4690236449241638,0.9933208227157593
9676,2,SEVERE,0.4739362895488739,1.141479253768921
9677,1,MODERATE,0.5122762322425842,1.010996699333191
9678,1,MODERATE,0.46271246671676636,0.9113576412200928
9679,1,MODERATE,0.389710396528244,0.6005414724349976
9680,0,LOW,0.5669664144515991,1.4138734340667725
9681,2,SEVERE,0.43369388580322266,0.9385700821876526
9682,1,MODERATE,0.7745641469955444,1.5977897644042969
9683,2,SEVERE,0.44117966294288635,1.022068977355957
9684,0,LOW,0.6342711448669434,1.511307716369629
9685,0,LOW,0.5689032673835754,1.4373745918273926
9686,1,MODERATE,0.5152614116668701,0.9253254532814026
9687,0,LOW,0.40014171600341797,1.2371764183044434
9688,2,SEVERE,0.39527177810668945,0.9599206447601318
9689,0,LOW,0.46935582160949707,1.051253080368042
9690,1,MODERATE,0.4026698172092438,0.6221674084663391
9691,0,LOW,0.37834036350250244,0.8736327886581421
9692,2,SEVERE,0.40267324447631836,0.9637799859046936
9693,1,MODERATE,0.39769789576530457,0.5660179257392883
9694,2,SEVERE,0.4048992097377777,0.9661374092102051
9695,1,MODERATE,0.5103887915611267,0.70794677734375
9696,2,SEVERE,0.41107940673828125,0.8961790800094604
9697,2,SEVERE,0.41107940673828125,0.8961817026138306
9698,1,MODERATE,0.3710954487323761,0.6509599685668945
9699,2,SEVERE,0.4707622230052948,1.2216300964355469
9700,0,LOW,0.3976605534553528,0.772549033164978
9701,2,SEVERE,0.5293152928352356,1.1617088317871094
9702,1,MODERATE,0.4709656238555908,0.8324437141418457
9703,2,SEVERE,0.45452746748924255,0.9262892007827759
9704,2,SEVERE,0.46406489610671997,0.9304926991462708
9705,2,SEVERE,0.3898486793041229,0.9959965944290161
9706,1,MODERATE,0.42259058356285095,0.7289319038391113
9707,0,LOW,0.4173593521118164,0.7459226846694946
9708,2,SEVERE,0.42379099130630493,0.9111281037330627
9709,2,SEVERE,0.45046472549438477,0.93943190574646
9710,2,SEVERE,0.5889971256256104,1.3220131397247314
9711,2,SEVERE,0.39712679386138916,1.1274834871292114
9712,2,SEVERE,0.4107039272785187,1.1926460266113281
9713,2,SEVERE,0.5096467137336731,0.9950756430625916
9714,2,SEVERE,0.48036840558052063,0.9982283115386963
9715,2,SEVERE,0.5734129548072815,1.3035414218902588
9716,2,SEVERE,0.5182469487190247,0.9886348247528076
9717,1,MODERATE,0.4261097013950348,0.9024559259414673
9718,2,SEVERE,0.6215807199478149,1.407277226448059
9719,2,SEVERE,0.6306289434432983,1.3646022081375122
9720,1,MODERATE,0.45966532826423645,1.1510282754898071
9721,2,SEVERE,0.3983762562274933,0.9735223054885864
9722,2,SEVERE,0.4514225423336029,0.9993282556533813
9723,2,SEVERE,0.5041443109512329,1.025266408920288
9724,2,SEVERE,0.36939170956611633,1.1624242067337036
9725,2,SEVERE,0.4423261284828186,1.0416110754013062
9726,2,SEVERE,0.4264924228191376,1.009702205657959
9727,2,SEVERE,0.6634184718132019,1.9467782974243164
9728,1,MODERATE,0.765171468257904,1.1264373064041138
9729,2,SEVERE,0.5107582807540894,1.1765718460083008
9730,1,MODERATE,0.5537734031677246,1.1614446640014648
9731,1,MODERATE,0.5067827701568604,0.8729439973831177
9732,1,MODERATE,0.44743213057518005,0.7432506680488586
9733,0,LOW,0.34428852796554565,0.6035693883895874
9734,2,SEVERE,0.3559395968914032,0.6367651224136353
9735,2,SEVERE,0.370095431804657,0.6208916902542114
9736,1,MODERATE,0.3577558398246765,0.7216342687606812
9737,0,LOW,0.5333609580993652,0.9303888082504272
9738,0,LOW,0.3584935963153839,0.3810617923736572
9739,1,MODERATE,0.35688528418540955,0.6983219385147095
9740,0,LOW,0.36941373348236084,0.3288741707801819
9741,0,LOW,0.36916112899780273,0.3288770318031311
9742,0,LOW,0.5215974450111389,0.9399635195732117
9743,0,LOW,0.42455238103866577,0.3909752368927002
9744,0,LOW,0.5056352019309998,0.9807757139205933
9745,2,SEVERE,0.47678348422050476,1.1229634284973145
9746,1,MODERATE,0.3444027006626129,0.575330913066864
9747,1,MODERATE,0.4218825101852417,0.6029196381568909
9748,1,MODERATE,0.3672557771205902,0.6980050802230835
9749,2,SEVERE,0.3481494188308716,0.7467367053031921
9750,2,SEVERE,0.3653310239315033,0.8624129295349121
9751,0,LOW,0.374092161655426,0.18654167652130127
9752,1,MODERATE,0.48642581701278687,0.8595007658004761
9753,0,LOW,0.5464673042297363,0.7318118214607239
9754,1,MODERATE,0.3711118996143341,0.5250133275985718
9755,0,LOW,0.36919981241226196,0.3845692276954651
9756,1,MODERATE,0.4811704456806183,0.5744483470916748
9757,1,MODERATE,0.4554407298564911,0.6793222427368164
9758,0,LOW,0.43939244747161865,0.5880917310714722
9759,0,LOW,0.5587141513824463,0.7674455642700195
9760,1,MODERATE,0.42358553409576416,0.6839116215705872
9761,0,LOW,0.37025585770606995,0.24419626593589783
9762,0,LOW,0.41349589824676514,0.27463623881340027
9763,0,LOW,0.41733047366142273,0.33279168605804443
9764,1,MODERATE,0.4737863838672638,0.5783336758613586
9765,0,LOW,0.42636311054229736,0.3962255120277405
9766,2,SEVERE,0.36699289083480835,0.7127933502197266
9767,1,MODERATE,0.38045063614845276,0.6410346627235413
9768,0,LOW,0.3496483862400055,0.22990299761295319
9769,0,LOW,0.6709073185920715,1.2693195343017578
9770,1,MODERATE,0.4768463671207428,1.1072797775268555
9771,2,SEVERE,0.4355994164943695,0.8529221415519714
9772,0,LOW,0.4824402332305908,0.6574138402938843
9773,2,SEVERE,0.47391277551651,0.9526357650756836
9774,2,SEVERE,0.473672479391098,0.9615973234176636
9775,2,SEVERE,0.5035176277160645,0.9970960021018982
9776,0,LOW,0.35125628113746643,0.43445247411727905
9777,2,SEVERE,0.4946138858795166,1.0179044008255005
9778,2,SEVERE,0.3797769546508789,1.2111577987670898
9779,2,SEVERE,0.6187467575073242,1.3076186180114746
9780,2,SEVERE,0.6205812692642212,0.9961819052696228
9781,2,SEVERE,0.6089990139007568,1.343601942062378
9782,1,MODERATE,0.4664958715438843,1.0047273635864258
9783,2,SEVERE,0.4777119755744934,1.010981798171997
9784,1,MODERATE,0.3806628882884979,0.9411046504974365
9785,2,SEVERE,0.49315547943115234,0.9958942532539368
9786,2,SEVERE,0.5329200625419617,0.9772397875785828
9787,2,SEVERE,0.5535786151885986,0.9511712193489075
9788,2,SEVERE,0.5417033433914185,0.9933013916015625
9789,2,SEVERE,0.5555859804153442,0.9841240644454956
9790,2,SEVERE,0.7152692675590515,1.6994751691818237
9791,2,SEVERE,0.49045976996421814,1.8564897775650024
9792,2,SEVERE,0.5262336730957031,2.3573391437530518
9793,2,SEVERE,0.604729950428009,2.156935930252075
9794,2,SEVERE,0.6092835664749146,1.1950465440750122
9795,2,SEVERE,0.6018877029418945,1.1837224960327148
9796,2,SEVERE,0.6183956861495972,1.1837224960327148
9797,2,SEVERE,0.6493245363235474,1.1385749578475952
9798,2,SEVERE,0.38897934556007385,1.4342783689498901
9799,2,SEVERE,0.6304677128791809,1.1853636503219604
9800,2,SEVERE,0.5416074395179749,1.109682321548462
9801,2,SEVERE,0.5479469299316406,1.170630931854248
9802,2,SEVERE,0.6254130601882935,1.1136479377746582
9803,2,SEVERE,0.6206099987030029,1.1360669136047363
9804,2,SEVERE,0.5667637586593628,1.1174081563949585
9805,2,SEVERE,0.4681876599788666,1.382349967956543
9806,2,SEVERE,0.517813503742218,1.2508717775344849
9807,2,SEVERE,0.7157751321792603,1.3125501871109009
9808,2,SEVERE,0.7294096946716309,1.2213335037231445
9809,2,SEVERE,0.6322869658470154,1.344307780265808
9810,2,SEVERE,0.6224745512008667,1.2547361850738525
9811,2,SEVERE,0.6238401532173157,1.2654222249984741
9812,2,SEVERE,0.4950505495071411,1.2068841457366943
9813,2,SEVERE,0.6191595196723938,1.2177904844284058
9814,2,SEVERE,0.6775248646736145,1.3481301069259644
9815,2,SEVERE,0.5682290196418762,1.101992130279541
9816,2,SEVERE,0.6502242684364319,1.1846861839294434
9817,2,SEVERE,0.6655559539794922,1.2706034183502197
9818,2,SEVERE,0.4293772578239441,1.5685844421386719
9819,2,SEVERE,0.7180463075637817,1.305804967880249
9820,2,SEVERE,0.6970965266227722,1.3064191341400146
9821,2,SEVERE,0.5864260196685791,1.2064179182052612
9822,2,SEVERE,0.8549598455429077,1.9140100479125977
9823,2,SEVERE,0.4474443197250366,1.4316520690917969
9824,2,SEVERE,0.7088698148727417,1.2344205379486084
9825,2,SEVERE,0.7708109617233276,1.4153339862823486
9826,2,SEVERE,0.5385355949401855,1.5701338052749634
9827,2,SEVERE,0.5828624367713928,1.1284654140472412
9828,2,SEVERE,0.5459821820259094,1.2898108959197998
9829,2,SEVERE,0.5631198883056641,1.5052496194839478
9830,2,SEVERE,0.5657529830932617,1.5668678283691406
9831,2,SEVERE,0.8575266003608704,1.9087947607040405
9832,2,SEVERE,0.6852620244026184,1.2788950204849243
9833,2,SEVERE,0.6983241438865662,1.2827686071395874
9834,2,SEVERE,0.6345753073692322,1.2917418479919434
9835,2,SEVERE,0.6243534088134766,1.3158553838729858
9836,2,SEVERE,0.595649003982544,1.2516059875488281
9837,2,SEVERE,0.6818966865539551,1.2310649156570435
9838,2,SEVERE,0.7360464930534363,1.2818197011947632
9839,2,SEVERE,0.6707316040992737,1.296931266784668
9840,2,SEVERE,0.704624593257904,1.271916389465332
9841,2,SEVERE,0.6327147483825684,1.3360611200332642
9842,2,SEVERE,0.5688241124153137,1.2844778299331665
9843,2,SEVERE,0.8760927319526672,2.3528008460998535
9844,2,SEVERE,0.45155957341194153,1.518040418624878
9845,2,SEVERE,0.6348245143890381,1.2493295669555664
9846,2,SEVERE,0.5998384952545166,1.1976696252822876
9847,2,SEVERE,0.701050877571106,1.3063230514526367
9848,2,SEVERE,0.4237784445285797,1.6717363595962524
9849,2,SEVERE,0.5529537200927734,1.1614495515823364
9850,2,SEVERE,0.6314578652381897,1.1631536483764648
9851,2,SEVERE,0.7103965878486633,1.26961088180542
9852,2,SEVERE,0.6275625228881836,1.192880392074585
9853,2,SEVERE,0.5936052799224854,1.2291439771652222
9854,2,SEVERE,0.6798315048217773,1.9497826099395752
9855,2,SEVERE,0.7142374515533447,1.4402652978897095
9856,2,SEVERE,0.7090191841125488,1.330385684967041
9857,2,SEVERE,0.4960237145423889,1.0982946157455444
9858,2,SEVERE,0.5756253004074097,1.2233059406280518
9859,2,SEVERE,0.42726534605026245,1.4804797172546387
9860,2,SEVERE,0.43094703555107117,1.3336355686187744
9861,2,SEVERE,0.46972960233688354,1.317973017692566
9862,2,SEVERE,0.5563162565231323,1.2734606266021729
9863,1,MODERATE,0.37132179737091064,0.652925968170166
9864,2,SEVERE,0.8306169509887695,2.0383028984069824
9865,1,MODERATE,0.3573201596736908,0.9958540797233582
9866,2,SEVERE,0.5473220944404602,1.2651989459991455
9867,2,SEVERE,0.5029417276382446,1.2634774446487427
9868,2,SEVERE,0.5214812159538269,1.3411332368850708
9869,2,SEVERE,0.6205856204032898,1.1767953634262085
9870,2,SEVERE,0.49487656354904175,1.319832444190979
9871,2,SEVERE,0.4527284502983093,1.3111740350723267
9872,2,SEVERE,0.5056008696556091,1.19484281539917
9873,2,SEVERE,0.6604769825935364,1.5031682252883911
9874,2,SEVERE,0.4612891674041748,1.147135853767395
9875,2,SEVERE,0.5038852691650391,1.2180376052856445
9876,1,MODERATE,0.39002591371536255,0.6346805095672607
9877,1,MODERATE,0.4254583418369293,0.810666561126709
9878,2,SEVERE,0.4977967441082001,1.1175141334533691
9879,0,LOW,0.5052355527877808,1.732551097869873
9880,2,SEVERE,0.4491167366504669,1.147728681564331
9881,2,SEVERE,0.4144848585128784,1.1712762117385864
9882,2,SEVERE,0.380839467048645,1.161448359489441
9883,2,SEVERE,0.40586575865745544,1.0329349040985107
9884,2,SEVERE,0.5947232842445374,1.4981380701065063
9885,1,MODERATE,0.37945616245269775,0.7828378081321716
9886,2,SEVERE,0.4125248193740845,0.9058136343955994
9887,0,LOW,0.6025862097740173,1.30730140209198
9888,1,MODERATE,0.4403732419013977,0.778285026550293
9889,0,LOW,0.39024028182029724,0.4584842026233673
9890,1,MODERATE,0.4043797254562378,0.9742361307144165
9891,0,LOW,0.48532530665397644,0.5679229497909546
9892,0,LOW,0.47721898555755615,0.472972571849823
9893,2,SEVERE,0.5626012682914734,1.6931333541870117
9894,0,LOW,0.571478009223938,0.7394990921020508
9895,0,LOW,0.5274185538291931,0.5369085669517517
9896,1,MODERATE,0.43748894333839417,0.8473385572433472
9897,0,LOW,0.5193604826927185,0.576525092124939
9898,0,LOW,0.4931732714176178,0.5798745155334473
9899,0,LOW,0.5279660224914551,0.5871700048446655
9900,0,LOW,0.5948624610900879,0.6556831002235413
9901,0,LOW,0.49328428506851196,0.40283527970314026
9902,0,LOW,0.5198268294334412,0.42617738246917725
9903,0,LOW,0.635547935962677,0.9693949818611145
9904,0,LOW,0.7581335306167603,1.0898842811584473
9905,0,LOW,0.7139498591423035,1.187801718711853
9906,0,LOW,0.5282868146896362,0.7494123578071594
9907,1,MODERATE,0.46168655157089233,1.0847365856170654
9908,0,LOW,0.567739725112915,0.9017709493637085
9909,0,LOW,0.6554306745529175,0.8888671398162842
9910,0,LOW,0.5311352610588074,0.8663934469223022
9911,0,LOW,0.7740206718444824,1.263343334197998
9912,0,LOW,0.6617785692214966,0.8072085380554199
9913,0,LOW,0.807667076587677,1.67923903465271
9914,0,LOW,0.6337933540344238,0.7582558393478394
9915,0,LOW,0.6338083148002625,0.7840534448623657
9916,0,LOW,0.5909445881843567,0.9714303612709045
9917,0,LOW,0.6385399103164673,0.9442958831787109
9918,0,LOW,0.6125481724739075,0.9052112698554993
9919,0,LOW,0.6630092263221741,0.7505823969841003
9920,0,LOW,0.5953181385993958,0.785791277885437
9921,0,LOW,0.7251827716827393,1.110140085220337
9922,0,LOW,0.6424576044082642,0.8469104170799255
9923,0,LOW,0.647172212600708,0.9090713858604431
9924,0,LOW,0.6612703204154968,0.8785133957862854
9925,0,LOW,0.6287493109703064,0.8229806423187256
9926,0,LOW,0.6353898644447327,0.8075544834136963
9927,0,LOW,0.628221333026886,0.8406878113746643
9928,0,LOW,0.5743869543075562,0.7563753128051758
9929,0,LOW,0.5045613050460815,0.8770022392272949
9930,0,LOW,0.7919589877128601,1.4707435369491577
9931,0,LOW,0.6725690960884094,1.057350754737854
9932,0,LOW,0.6395753026008606,0.8349405527114868
9933,0,LOW,0.5633785128593445,0.9722245931625366
9934,0,LOW,0.69500732421875,0.91792893409729
9935,0,LOW,0.5042831301689148,0.7048184275627136
9936,0,LOW,0.7161419987678528,1.2226543426513672
9937,0,LOW,0.517610490322113,0.9797153472900391
9938,0,LOW,0.73398756980896,1.0319806337356567
9939,0,LOW,0.45859405398368835,0.5308728814125061
9940,0,LOW,0.5159610509872437,0.5599371790885925
9941,0,LOW,0.566551685333252,0.6569646000862122
9942,1,MODERATE,0.5455736517906189,0.7814167737960815
9943,0,LOW,0.7397356629371643,1.0415939092636108
9944,0,LOW,0.7293844223022461,0.9133701324462891
9945,0,LOW,0.5753529667854309,0.7319959998130798
9946,0,LOW,0.6173733472824097,0.7486969828605652
9947,0,LOW,0.4847015142440796,0.8656983375549316
9948,0,LOW,0.6987040638923645,0.9511988162994385
9949,0,LOW,0.46359434723854065,0.9390116333961487
9950,0,LOW,0.6007792949676514,0.7209224104881287
9951,0,LOW,0.6878437399864197,1.0740474462509155
9952,0,LOW,0.66481614112854,0.7086350321769714
9953,0,LOW,0.6323541402816772,0.7659335732460022
9954,2,SEVERE,0.4863905608654022,1.8535324335098267
9955,0,LOW,0.6124773025512695,0.9149373769760132
9956,0,LOW,0.5743105411529541,0.6942120790481567
9957,0,LOW,0.7083630561828613,1.0142273902893066
9958,0,LOW,0.4526098370552063,1.0333952903747559
9959,1,MODERATE,0.4523661732673645,0.555586576461792
9960,1,MODERATE,0.5411790609359741,0.9325759410858154
9961,0,LOW,0.43183591961860657,0.944669246673584
9962,0,LOW,0.6244186162948608,0.9484624266624451
9963,0,LOW,0.5956500768661499,0.7593798041343689
9964,0,LOW,0.7236895561218262,1.1865588426589966
9965,1,MODERATE,0.45350804924964905,0.37387165427207947
9966,0,LOW,0.6240082383155823,0.8016568422317505
9967,0,LOW,0.45590490102767944,0.6966260671615601
9968,0,LOW,0.6139331459999084,0.7072460651397705
9969,0,LOW,0.6894616484642029,0.9155123233795166
9970,0,LOW,0.47705042362213135,0.36249756813049316
9971,0,LOW,0.5032123923301697,0.3994825780391693
9972,0,LOW,0.6621772050857544,0.7932573556900024
9973,0,LOW,0.7172802090644836,0.9143397808074951
9974,0,LOW,0.72624272108078,1.1683943271636963
9975,0,LOW,0.7080758213996887,0.8476298451423645
9976,0,LOW,0.7690362334251404,1.2867709398269653
9977,1,MODERATE,0.5305032730102539,0.9126937389373779
9978,0,LOW,0.5557024478912354,0.6488752365112305
9979,0,LOW,0.36387142539024353,1.259822130203247
9980,0,LOW,0.7175725102424622,1.1225231885910034
9981,1,MODERATE,0.45544925332069397,0.5865403413772583
9982,0,LOW,0.7413449883460999,1.041143536567688
9983,0,LOW,0.6325097680091858,0.6860068440437317
9984,0,LOW,0.6994540095329285,1.1759364604949951
9985,0,LOW,0.6228622794151306,0.9080437421798706
9986,0,LOW,0.5665915608406067,0.8338132500648499
9987,0,LOW,0.4217759072780609,1.5048489570617676
9988,0,LOW,0.5096229910850525,0.7025898694992065
9989,0,LOW,0.5108149647712708,0.638626754283905
9990,0,LOW,0.5647105574607849,0.7808769345283508
9991,1,MODERATE,0.4679828882217407,0.7669939994812012
9992,0,LOW,0.5599400401115417,0.40876448154449463
9993,0,LOW,0.5171274542808533,0.42898982763290405
9994,0,LOW,0.6073837280273438,0.768985390663147
9995,0,LOW,0.673457145690918,0.7814391255378723
9996,0,LOW,0.6592520475387573,0.7829290628433228
9997,1,MODERATE,0.49314144253730774,0.5979025363922119
9998,0,LOW,0.7420692443847656,1.0598679780960083
9999,0,LOW,0.5749267339706421,0.6804866194725037
